Radiation_Raw,Humidity_Raw,Radiation_Scaled,Humidity_Scaled,Prob_Class0_Stress,Prob_Class1_Healthy,Predicted_Class
0.00,0.000,-2.9037,-18.1974,0.5450,0.4550,0
0.00,0.020,-2.9037,-17.7255,0.5450,0.4550,0
0.00,0.040,-2.9037,-17.2536,0.5450,0.4550,0
0.00,0.060,-2.9037,-16.7817,0.5450,0.4550,0
0.00,0.080,-2.9037,-16.3098,0.5450,0.4550,0
0.00,0.100,-2.9037,-15.8380,0.5450,0.4550,0
0.00,0.120,-2.9037,-15.3661,0.5450,0.4550,0
0.00,0.140,-2.9037,-14.8942,0.5450,0.4550,0
0.00,0.160,-2.9037,-14.4223,0.5450,0.4550,0
0.00,0.180,-2.9037,-13.9504,0.5450,0.4550,0
0.00,0.200,-2.9037,-13.4785,0.5450,0.4550,0
0.00,0.220,-2.9037,-13.0066,0.5450,0.4550,0
0.00,0.240,-2.9037,-12.5347,0.5450,0.4550,0
0.00,0.260,-2.9037,-12.0628,0.5450,0.4550,0
0.00,0.280,-2.9037,-11.5909,0.5450,0.4550,0
0.00,0.300,-2.9037,-11.1190,0.5450,0.4550,0
0.00,0.320,-2.9037,-10.6471,0.5450,0.4550,0
0.00,0.340,-2.9037,-10.1752,0.5450,0.4550,0
0.00,0.360,-2.9037,-9.7034,0.5450,0.4550,0
0.00,0.380,-2.9037,-9.2315,0.5450,0.4550,0
0.00,0.400,-2.9037,-8.7596,0.5450,0.4550,0
0.00,0.420,-2.9037,-8.2877,0.5450,0.4550,0
0.00,0.440,-2.9037,-7.8158,0.5450,0.4550,0
0.00,0.460,-2.9037,-7.3439,0.5450,0.4550,0
0.00,0.480,-2.9037,-6.8720,0.5450,0.4550,0
0.00,0.500,-2.9037,-6.4001,0.5450,0.4550,0
0.00,0.520,-2.9037,-5.9282,0.5450,0.4550,0
0.00,0.540,-2.9037,-5.4563,0.5450,0.4550,0
0.00,0.560,-2.9037,-4.9844,0.5450,0.4550,0
0.00,0.580,-2.9037,-4.5125,0.5450,0.4550,0
0.00,0.600,-2.9037,-4.0406,0.5450,0.4550,0
0.00,0.620,-2.9037,-3.5688,0.5450,0.4550,0
0.00,0.640,-2.9037,-3.0969,0.5450,0.4550,0
0.00,0.660,-2.9037,-2.6250,0.5450,0.4550,0
0.00,0.680,-2.9037,-2.1531,0.5450,0.4550,0
0.00,0.700,-2.9037,-1.6812,0.5450,0.4550,0
0.00,0.720,-2.9037,-1.2093,0.5450,0.4550,0
0.00,0.740,-2.9037,-0.7374,0.0123,0.9877,1
0.00,0.760,-2.9037,-0.2655,0.0172,0.9828,1
0.00,0.780,-2.9037,0.2064,0.0380,0.9620,1
0.00,0.800,-2.9037,0.6783,0.0178,0.9822,1
0.00,0.820,-2.9037,1.1502,0.0978,0.9022,1
0.00,0.840,-2.9037,1.6221,0.3281,0.6719,1
0.00,0.860,-2.9037,2.0940,0.3281,0.6719,1
0.00,0.880,-2.9037,2.5658,0.3281,0.6719,1
0.00,0.900,-2.9037,3.0377,0.3281,0.6719,1
0.00,0.920,-2.9037,3.5096,0.3281,0.6719,1
0.00,0.940,-2.9037,3.9815,0.3281,0.6719,1
0.00,0.960,-2.9037,4.4534,0.3281,0.6719,1
0.00,0.980,-2.9037,4.9253,0.3281,0.6719,1
100.00,0.000,-2.8344,-18.1974,0.5450,0.4550,0
100.00,0.020,-2.8344,-17.7255,0.5450,0.4550,0
100.00,0.040,-2.8344,-17.2536,0.5450,0.4550,0
100.00,0.060,-2.8344,-16.7817,0.5450,0.4550,0
100.00,0.080,-2.8344,-16.3098,0.5450,0.4550,0
100.00,0.100,-2.8344,-15.8380,0.5450,0.4550,0
100.00,0.120,-2.8344,-15.3661,0.5450,0.4550,0
100.00,0.140,-2.8344,-14.8942,0.5450,0.4550,0
100.00,0.160,-2.8344,-14.4223,0.5450,0.4550,0
100.00,0.180,-2.8344,-13.9504,0.5450,0.4550,0
100.00,0.200,-2.8344,-13.4785,0.5450,0.4550,0
100.00,0.220,-2.8344,-13.0066,0.5450,0.4550,0
100.00,0.240,-2.8344,-12.5347,0.5450,0.4550,0
100.00,0.260,-2.8344,-12.0628,0.5450,0.4550,0
100.00,0.280,-2.8344,-11.5909,0.5450,0.4550,0
100.00,0.300,-2.8344,-11.1190,0.5450,0.4550,0
100.00,0.320,-2.8344,-10.6471,0.5450,0.4550,0
100.00,0.340,-2.8344,-10.1752,0.5450,0.4550,0
100.00,0.360,-2.8344,-9.7034,0.5450,0.4550,0
100.00,0.380,-2.8344,-9.2315,0.5450,0.4550,0
100.00,0.400,-2.8344,-8.7596,0.5450,0.4550,0
100.00,0.420,-2.8344,-8.2877,0.5450,0.4550,0
100.00,0.440,-2.8344,-7.8158,0.5450,0.4550,0
100.00,0.460,-2.8344,-7.3439,0.5450,0.4550,0
100.00,0.480,-2.8344,-6.8720,0.5450,0.4550,0
100.00,0.500,-2.8344,-6.4001,0.5450,0.4550,0
100.00,0.520,-2.8344,-5.9282,0.5450,0.4550,0
100.00,0.540,-2.8344,-5.4563,0.5450,0.4550,0
100.00,0.560,-2.8344,-4.9844,0.5450,0.4550,0
100.00,0.580,-2.8344,-4.5125,0.5450,0.4550,0
100.00,0.600,-2.8344,-4.0406,0.5450,0.4550,0
100.00,0.620,-2.8344,-3.5688,0.5450,0.4550,0
100.00,0.640,-2.8344,-3.0969,0.5450,0.4550,0
100.00,0.660,-2.8344,-2.6250,0.5450,0.4550,0
100.00,0.680,-2.8344,-2.1531,0.5450,0.4550,0
100.00,0.700,-2.8344,-1.6812,0.5450,0.4550,0
100.00,0.720,-2.8344,-1.2093,0.5450,0.4550,0
100.00,0.740,-2.8344,-0.7374,0.0123,0.9877,1
100.00,0.760,-2.8344,-0.2655,0.0172,0.9828,1
100.00,0.780,-2.8344,0.2064,0.0380,0.9620,1
100.00,0.800,-2.8344,0.6783,0.0178,0.9822,1
100.00,0.820,-2.8344,1.1502,0.0978,0.9022,1
100.00,0.840,-2.8344,1.6221,0.3281,0.6719,1
100.00,0.860,-2.8344,2.0940,0.3281,0.6719,1
100.00,0.880,-2.8344,2.5658,0.3281,0.6719,1
100.00,0.900,-2.8344,3.0377,0.3281,0.6719,1
100.00,0.920,-2.8344,3.5096,0.3281,0.6719,1
100.00,0.940,-2.8344,3.9815,0.3281,0.6719,1
100.00,0.960,-2.8344,4.4534,0.3281,0.6719,1
100.00,0.980,-2.8344,4.9253,0.3281,0.6719,1
200.00,0.000,-2.7652,-18.1974,0.5450,0.4550,0
200.00,0.020,-2.7652,-17.7255,0.5450,0.4550,0
200.00,0.040,-2.7652,-17.2536,0.5450,0.4550,0
200.00,0.060,-2.7652,-16.7817,0.5450,0.4550,0
200.00,0.080,-2.7652,-16.3098,0.5450,0.4550,0
200.00,0.100,-2.7652,-15.8380,0.5450,0.4550,0
200.00,0.120,-2.7652,-15.3661,0.5450,0.4550,0
200.00,0.140,-2.7652,-14.8942,0.5450,0.4550,0
200.00,0.160,-2.7652,-14.4223,0.5450,0.4550,0
200.00,0.180,-2.7652,-13.9504,0.5450,0.4550,0
200.00,0.200,-2.7652,-13.4785,0.5450,0.4550,0
200.00,0.220,-2.7652,-13.0066,0.5450,0.4550,0
200.00,0.240,-2.7652,-12.5347,0.5450,0.4550,0
200.00,0.260,-2.7652,-12.0628,0.5450,0.4550,0
200.00,0.280,-2.7652,-11.5909,0.5450,0.4550,0
200.00,0.300,-2.7652,-11.1190,0.5450,0.4550,0
200.00,0.320,-2.7652,-10.6471,0.5450,0.4550,0
200.00,0.340,-2.7652,-10.1752,0.5450,0.4550,0
200.00,0.360,-2.7652,-9.7034,0.5450,0.4550,0
200.00,0.380,-2.7652,-9.2315,0.5450,0.4550,0
200.00,0.400,-2.7652,-8.7596,0.5450,0.4550,0
200.00,0.420,-2.7652,-8.2877,0.5450,0.4550,0
200.00,0.440,-2.7652,-7.8158,0.5450,0.4550,0
200.00,0.460,-2.7652,-7.3439,0.5450,0.4550,0
200.00,0.480,-2.7652,-6.8720,0.5450,0.4550,0
200.00,0.500,-2.7652,-6.4001,0.5450,0.4550,0
200.00,0.520,-2.7652,-5.9282,0.5450,0.4550,0
200.00,0.540,-2.7652,-5.4563,0.5450,0.4550,0
200.00,0.560,-2.7652,-4.9844,0.5450,0.4550,0
200.00,0.580,-2.7652,-4.5125,0.5450,0.4550,0
200.00,0.600,-2.7652,-4.0406,0.5450,0.4550,0
200.00,0.620,-2.7652,-3.5688,0.5450,0.4550,0
200.00,0.640,-2.7652,-3.0969,0.5450,0.4550,0
200.00,0.660,-2.7652,-2.6250,0.5450,0.4550,0
200.00,0.680,-2.7652,-2.1531,0.5450,0.4550,0
200.00,0.700,-2.7652,-1.6812,0.5450,0.4550,0
200.00,0.720,-2.7652,-1.2093,0.5450,0.4550,0
200.00,0.740,-2.7652,-0.7374,0.0123,0.9877,1
200.00,0.760,-2.7652,-0.2655,0.0172,0.9828,1
200.00,0.780,-2.7652,0.2064,0.0380,0.9620,1
200.00,0.800,-2.7652,0.6783,0.0178,0.9822,1
200.00,0.820,-2.7652,1.1502,0.0978,0.9022,1
200.00,0.840,-2.7652,1.6221,0.3281,0.6719,1
200.00,0.860,-2.7652,2.0940,0.3281,0.6719,1
200.00,0.880,-2.7652,2.5658,0.3281,0.6719,1
200.00,0.900,-2.7652,3.0377,0.3281,0.6719,1
200.00,0.920,-2.7652,3.5096,0.3281,0.6719,1
200.00,0.940,-2.7652,3.9815,0.3281,0.6719,1
200.00,0.960,-2.7652,4.4534,0.3281,0.6719,1
200.00,0.980,-2.7652,4.9253,0.3281,0.6719,1
300.00,0.000,-2.6959,-18.1974,0.5450,0.4550,0
300.00,0.020,-2.6959,-17.7255,0.5450,0.4550,0
300.00,0.040,-2.6959,-17.2536,0.5450,0.4550,0
300.00,0.060,-2.6959,-16.7817,0.5450,0.4550,0
300.00,0.080,-2.6959,-16.3098,0.5450,0.4550,0
300.00,0.100,-2.6959,-15.8380,0.5450,0.4550,0
300.00,0.120,-2.6959,-15.3661,0.5450,0.4550,0
300.00,0.140,-2.6959,-14.8942,0.5450,0.4550,0
300.00,0.160,-2.6959,-14.4223,0.5450,0.4550,0
300.00,0.180,-2.6959,-13.9504,0.5450,0.4550,0
300.00,0.200,-2.6959,-13.4785,0.5450,0.4550,0
300.00,0.220,-2.6959,-13.0066,0.5450,0.4550,0
300.00,0.240,-2.6959,-12.5347,0.5450,0.4550,0
300.00,0.260,-2.6959,-12.0628,0.5450,0.4550,0
300.00,0.280,-2.6959,-11.5909,0.5450,0.4550,0
300.00,0.300,-2.6959,-11.1190,0.5450,0.4550,0
300.00,0.320,-2.6959,-10.6471,0.5450,0.4550,0
300.00,0.340,-2.6959,-10.1752,0.5450,0.4550,0
300.00,0.360,-2.6959,-9.7034,0.5450,0.4550,0
300.00,0.380,-2.6959,-9.2315,0.5450,0.4550,0
300.00,0.400,-2.6959,-8.7596,0.5450,0.4550,0
300.00,0.420,-2.6959,-8.2877,0.5450,0.4550,0
300.00,0.440,-2.6959,-7.8158,0.5450,0.4550,0
300.00,0.460,-2.6959,-7.3439,0.5450,0.4550,0
300.00,0.480,-2.6959,-6.8720,0.5450,0.4550,0
300.00,0.500,-2.6959,-6.4001,0.5450,0.4550,0
300.00,0.520,-2.6959,-5.9282,0.5450,0.4550,0
300.00,0.540,-2.6959,-5.4563,0.5450,0.4550,0
300.00,0.560,-2.6959,-4.9844,0.5450,0.4550,0
300.00,0.580,-2.6959,-4.5125,0.5450,0.4550,0
300.00,0.600,-2.6959,-4.0406,0.5450,0.4550,0
300.00,0.620,-2.6959,-3.5688,0.5450,0.4550,0
300.00,0.640,-2.6959,-3.0969,0.5450,0.4550,0
300.00,0.660,-2.6959,-2.6250,0.5450,0.4550,0
300.00,0.680,-2.6959,-2.1531,0.5450,0.4550,0
300.00,0.700,-2.6959,-1.6812,0.5450,0.4550,0
300.00,0.720,-2.6959,-1.2093,0.5450,0.4550,0
300.00,0.740,-2.6959,-0.7374,0.0123,0.9877,1
300.00,0.760,-2.6959,-0.2655,0.0172,0.9828,1
300.00,0.780,-2.6959,0.2064,0.0380,0.9620,1
300.00,0.800,-2.6959,0.6783,0.0178,0.9822,1
300.00,0.820,-2.6959,1.1502,0.0978,0.9022,1
300.00,0.840,-2.6959,1.6221,0.3281,0.6719,1
300.00,0.860,-2.6959,2.0940,0.3281,0.6719,1
300.00,0.880,-2.6959,2.5658,0.3281,0.6719,1
300.00,0.900,-2.6959,3.0377,0.3281,0.6719,1
300.00,0.920,-2.6959,3.5096,0.3281,0.6719,1
300.00,0.940,-2.6959,3.9815,0.3281,0.6719,1
300.00,0.960,-2.6959,4.4534,0.3281,0.6719,1
300.00,0.980,-2.6959,4.9253,0.3281,0.6719,1
400.00,0.000,-2.6266,-18.1974,0.5450,0.4550,0
400.00,0.020,-2.6266,-17.7255,0.5450,0.4550,0
400.00,0.040,-2.6266,-17.2536,0.5450,0.4550,0
400.00,0.060,-2.6266,-16.7817,0.5450,0.4550,0
400.00,0.080,-2.6266,-16.3098,0.5450,0.4550,0
400.00,0.100,-2.6266,-15.8380,0.5450,0.4550,0
400.00,0.120,-2.6266,-15.3661,0.5450,0.4550,0
400.00,0.140,-2.6266,-14.8942,0.5450,0.4550,0
400.00,0.160,-2.6266,-14.4223,0.5450,0.4550,0
400.00,0.180,-2.6266,-13.9504,0.5450,0.4550,0
400.00,0.200,-2.6266,-13.4785,0.5450,0.4550,0
400.00,0.220,-2.6266,-13.0066,0.5450,0.4550,0
400.00,0.240,-2.6266,-12.5347,0.5450,0.4550,0
400.00,0.260,-2.6266,-12.0628,0.5450,0.4550,0
400.00,0.280,-2.6266,-11.5909,0.5450,0.4550,0
400.00,0.300,-2.6266,-11.1190,0.5450,0.4550,0
400.00,0.320,-2.6266,-10.6471,0.5450,0.4550,0
400.00,0.340,-2.6266,-10.1752,0.5450,0.4550,0
400.00,0.360,-2.6266,-9.7034,0.5450,0.4550,0
400.00,0.380,-2.6266,-9.2315,0.5450,0.4550,0
400.00,0.400,-2.6266,-8.7596,0.5450,0.4550,0
400.00,0.420,-2.6266,-8.2877,0.5450,0.4550,0
400.00,0.440,-2.6266,-7.8158,0.5450,0.4550,0
400.00,0.460,-2.6266,-7.3439,0.5450,0.4550,0
400.00,0.480,-2.6266,-6.8720,0.5450,0.4550,0
400.00,0.500,-2.6266,-6.4001,0.5450,0.4550,0
400.00,0.520,-2.6266,-5.9282,0.5450,0.4550,0
400.00,0.540,-2.6266,-5.4563,0.5450,0.4550,0
400.00,0.560,-2.6266,-4.9844,0.5450,0.4550,0
400.00,0.580,-2.6266,-4.5125,0.5450,0.4550,0
400.00,0.600,-2.6266,-4.0406,0.5450,0.4550,0
400.00,0.620,-2.6266,-3.5688,0.5450,0.4550,0
400.00,0.640,-2.6266,-3.0969,0.5450,0.4550,0
400.00,0.660,-2.6266,-2.6250,0.5450,0.4550,0
400.00,0.680,-2.6266,-2.1531,0.5450,0.4550,0
400.00,0.700,-2.6266,-1.6812,0.5450,0.4550,0
400.00,0.720,-2.6266,-1.2093,0.5450,0.4550,0
400.00,0.740,-2.6266,-0.7374,0.0123,0.9877,1
400.00,0.760,-2.6266,-0.2655,0.0172,0.9828,1
400.00,0.780,-2.6266,0.2064,0.0380,0.9620,1
400.00,0.800,-2.6266,0.6783,0.0178,0.9822,1
400.00,0.820,-2.6266,1.1502,0.0978,0.9022,1
400.00,0.840,-2.6266,1.6221,0.3281,0.6719,1
400.00,0.860,-2.6266,2.0940,0.3281,0.6719,1
400.00,0.880,-2.6266,2.5658,0.3281,0.6719,1
400.00,0.900,-2.6266,3.0377,0.3281,0.6719,1
400.00,0.920,-2.6266,3.5096,0.3281,0.6719,1
400.00,0.940,-2.6266,3.9815,0.3281,0.6719,1
400.00,0.960,-2.6266,4.4534,0.3281,0.6719,1
400.00,0.980,-2.6266,4.9253,0.3281,0.6719,1
500.00,0.000,-2.5573,-18.1974,0.5450,0.4550,0
500.00,0.020,-2.5573,-17.7255,0.5450,0.4550,0
500.00,0.040,-2.5573,-17.2536,0.5450,0.4550,0
500.00,0.060,-2.5573,-16.7817,0.5450,0.4550,0
500.00,0.080,-2.5573,-16.3098,0.5450,0.4550,0
500.00,0.100,-2.5573,-15.8380,0.5450,0.4550,0
500.00,0.120,-2.5573,-15.3661,0.5450,0.4550,0
500.00,0.140,-2.5573,-14.8942,0.5450,0.4550,0
500.00,0.160,-2.5573,-14.4223,0.5450,0.4550,0
500.00,0.180,-2.5573,-13.9504,0.5450,0.4550,0
500.00,0.200,-2.5573,-13.4785,0.5450,0.4550,0
500.00,0.220,-2.5573,-13.0066,0.5450,0.4550,0
500.00,0.240,-2.5573,-12.5347,0.5450,0.4550,0
500.00,0.260,-2.5573,-12.0628,0.5450,0.4550,0
500.00,0.280,-2.5573,-11.5909,0.5450,0.4550,0
500.00,0.300,-2.5573,-11.1190,0.5450,0.4550,0
500.00,0.320,-2.5573,-10.6471,0.5450,0.4550,0
500.00,0.340,-2.5573,-10.1752,0.5450,0.4550,0
500.00,0.360,-2.5573,-9.7034,0.5450,0.4550,0
500.00,0.380,-2.5573,-9.2315,0.5450,0.4550,0
500.00,0.400,-2.5573,-8.7596,0.5450,0.4550,0
500.00,0.420,-2.5573,-8.2877,0.5450,0.4550,0
500.00,0.440,-2.5573,-7.8158,0.5450,0.4550,0
500.00,0.460,-2.5573,-7.3439,0.5450,0.4550,0
500.00,0.480,-2.5573,-6.8720,0.5450,0.4550,0
500.00,0.500,-2.5573,-6.4001,0.5450,0.4550,0
500.00,0.520,-2.5573,-5.9282,0.5450,0.4550,0
500.00,0.540,-2.5573,-5.4563,0.5450,0.4550,0
500.00,0.560,-2.5573,-4.9844,0.5450,0.4550,0
500.00,0.580,-2.5573,-4.5125,0.5450,0.4550,0
500.00,0.600,-2.5573,-4.0406,0.5450,0.4550,0
500.00,0.620,-2.5573,-3.5688,0.5450,0.4550,0
500.00,0.640,-2.5573,-3.0969,0.5450,0.4550,0
500.00,0.660,-2.5573,-2.6250,0.5450,0.4550,0
500.00,0.680,-2.5573,-2.1531,0.5450,0.4550,0
500.00,0.700,-2.5573,-1.6812,0.5450,0.4550,0
500.00,0.720,-2.5573,-1.2093,0.5450,0.4550,0
500.00,0.740,-2.5573,-0.7374,0.0123,0.9877,1
500.00,0.760,-2.5573,-0.2655,0.0172,0.9828,1
500.00,0.780,-2.5573,0.2064,0.0380,0.9620,1
500.00,0.800,-2.5573,0.6783,0.0178,0.9822,1
500.00,0.820,-2.5573,1.1502,0.0978,0.9022,1
500.00,0.840,-2.5573,1.6221,0.3281,0.6719,1
500.00,0.860,-2.5573,2.0940,0.3281,0.6719,1
500.00,0.880,-2.5573,2.5658,0.3281,0.6719,1
500.00,0.900,-2.5573,3.0377,0.3281,0.6719,1
500.00,0.920,-2.5573,3.5096,0.3281,0.6719,1
500.00,0.940,-2.5573,3.9815,0.3281,0.6719,1
500.00,0.960,-2.5573,4.4534,0.3281,0.6719,1
500.00,0.980,-2.5573,4.9253,0.3281,0.6719,1
600.00,0.000,-2.4880,-18.1974,0.5450,0.4550,0
600.00,0.020,-2.4880,-17.7255,0.5450,0.4550,0
600.00,0.040,-2.4880,-17.2536,0.5450,0.4550,0
600.00,0.060,-2.4880,-16.7817,0.5450,0.4550,0
600.00,0.080,-2.4880,-16.3098,0.5450,0.4550,0
600.00,0.100,-2.4880,-15.8380,0.5450,0.4550,0
600.00,0.120,-2.4880,-15.3661,0.5450,0.4550,0
600.00,0.140,-2.4880,-14.8942,0.5450,0.4550,0
600.00,0.160,-2.4880,-14.4223,0.5450,0.4550,0
600.00,0.180,-2.4880,-13.9504,0.5450,0.4550,0
600.00,0.200,-2.4880,-13.4785,0.5450,0.4550,0
600.00,0.220,-2.4880,-13.0066,0.5450,0.4550,0
600.00,0.240,-2.4880,-12.5347,0.5450,0.4550,0
600.00,0.260,-2.4880,-12.0628,0.5450,0.4550,0
600.00,0.280,-2.4880,-11.5909,0.5450,0.4550,0
600.00,0.300,-2.4880,-11.1190,0.5450,0.4550,0
600.00,0.320,-2.4880,-10.6471,0.5450,0.4550,0
600.00,0.340,-2.4880,-10.1752,0.5450,0.4550,0
600.00,0.360,-2.4880,-9.7034,0.5450,0.4550,0
600.00,0.380,-2.4880,-9.2315,0.5450,0.4550,0
600.00,0.400,-2.4880,-8.7596,0.5450,0.4550,0
600.00,0.420,-2.4880,-8.2877,0.5450,0.4550,0
600.00,0.440,-2.4880,-7.8158,0.5450,0.4550,0
600.00,0.460,-2.4880,-7.3439,0.5450,0.4550,0
600.00,0.480,-2.4880,-6.8720,0.5450,0.4550,0
600.00,0.500,-2.4880,-6.4001,0.5450,0.4550,0
600.00,0.520,-2.4880,-5.9282,0.5450,0.4550,0
600.00,0.540,-2.4880,-5.4563,0.5450,0.4550,0
600.00,0.560,-2.4880,-4.9844,0.5450,0.4550,0
600.00,0.580,-2.4880,-4.5125,0.5450,0.4550,0
600.00,0.600,-2.4880,-4.0406,0.5450,0.4550,0
600.00,0.620,-2.4880,-3.5688,0.5450,0.4550,0
600.00,0.640,-2.4880,-3.0969,0.5450,0.4550,0
600.00,0.660,-2.4880,-2.6250,0.5450,0.4550,0
600.00,0.680,-2.4880,-2.1531,0.5450,0.4550,0
600.00,0.700,-2.4880,-1.6812,0.5450,0.4550,0
600.00,0.720,-2.4880,-1.2093,0.5450,0.4550,0
600.00,0.740,-2.4880,-0.7374,0.0123,0.9877,1
600.00,0.760,-2.4880,-0.2655,0.0172,0.9828,1
600.00,0.780,-2.4880,0.2064,0.0380,0.9620,1
600.00,0.800,-2.4880,0.6783,0.0178,0.9822,1
600.00,0.820,-2.4880,1.1502,0.0978,0.9022,1
600.00,0.840,-2.4880,1.6221,0.3281,0.6719,1
600.00,0.860,-2.4880,2.0940,0.3281,0.6719,1
600.00,0.880,-2.4880,2.5658,0.3281,0.6719,1
600.00,0.900,-2.4880,3.0377,0.3281,0.6719,1
600.00,0.920,-2.4880,3.5096,0.3281,0.6719,1
600.00,0.940,-2.4880,3.9815,0.3281,0.6719,1
600.00,0.960,-2.4880,4.4534,0.3281,0.6719,1
600.00,0.980,-2.4880,4.9253,0.3281,0.6719,1
700.00,0.000,-2.4188,-18.1974,0.5450,0.4550,0
700.00,0.020,-2.4188,-17.7255,0.5450,0.4550,0
700.00,0.040,-2.4188,-17.2536,0.5450,0.4550,0
700.00,0.060,-2.4188,-16.7817,0.5450,0.4550,0
700.00,0.080,-2.4188,-16.3098,0.5450,0.4550,0
700.00,0.100,-2.4188,-15.8380,0.5450,0.4550,0
700.00,0.120,-2.4188,-15.3661,0.5450,0.4550,0
700.00,0.140,-2.4188,-14.8942,0.5450,0.4550,0
700.00,0.160,-2.4188,-14.4223,0.5450,0.4550,0
700.00,0.180,-2.4188,-13.9504,0.5450,0.4550,0
700.00,0.200,-2.4188,-13.4785,0.5450,0.4550,0
700.00,0.220,-2.4188,-13.0066,0.5450,0.4550,0
700.00,0.240,-2.4188,-12.5347,0.5450,0.4550,0
700.00,0.260,-2.4188,-12.0628,0.5450,0.4550,0
700.00,0.280,-2.4188,-11.5909,0.5450,0.4550,0
700.00,0.300,-2.4188,-11.1190,0.5450,0.4550,0
700.00,0.320,-2.4188,-10.6471,0.5450,0.4550,0
700.00,0.340,-2.4188,-10.1752,0.5450,0.4550,0
700.00,0.360,-2.4188,-9.7034,0.5450,0.4550,0
700.00,0.380,-2.4188,-9.2315,0.5450,0.4550,0
700.00,0.400,-2.4188,-8.7596,0.5450,0.4550,0
700.00,0.420,-2.4188,-8.2877,0.5450,0.4550,0
700.00,0.440,-2.4188,-7.8158,0.5450,0.4550,0
700.00,0.460,-2.4188,-7.3439,0.5450,0.4550,0
700.00,0.480,-2.4188,-6.8720,0.5450,0.4550,0
700.00,0.500,-2.4188,-6.4001,0.5450,0.4550,0
700.00,0.520,-2.4188,-5.9282,0.5450,0.4550,0
700.00,0.540,-2.4188,-5.4563,0.5450,0.4550,0
700.00,0.560,-2.4188,-4.9844,0.5450,0.4550,0
700.00,0.580,-2.4188,-4.5125,0.5450,0.4550,0
700.00,0.600,-2.4188,-4.0406,0.5450,0.4550,0
700.00,0.620,-2.4188,-3.5688,0.5450,0.4550,0
700.00,0.640,-2.4188,-3.0969,0.5450,0.4550,0
700.00,0.660,-2.4188,-2.6250,0.5450,0.4550,0
700.00,0.680,-2.4188,-2.1531,0.5450,0.4550,0
700.00,0.700,-2.4188,-1.6812,0.5450,0.4550,0
700.00,0.720,-2.4188,-1.2093,0.5450,0.4550,0
700.00,0.740,-2.4188,-0.7374,0.0123,0.9877,1
700.00,0.760,-2.4188,-0.2655,0.0172,0.9828,1
700.00,0.780,-2.4188,0.2064,0.0380,0.9620,1
700.00,0.800,-2.4188,0.6783,0.0178,0.9822,1
700.00,0.820,-2.4188,1.1502,0.0978,0.9022,1
700.00,0.840,-2.4188,1.6221,0.3281,0.6719,1
700.00,0.860,-2.4188,2.0940,0.3281,0.6719,1
700.00,0.880,-2.4188,2.5658,0.3281,0.6719,1
700.00,0.900,-2.4188,3.0377,0.3281,0.6719,1
700.00,0.920,-2.4188,3.5096,0.3281,0.6719,1
700.00,0.940,-2.4188,3.9815,0.3281,0.6719,1
700.00,0.960,-2.4188,4.4534,0.3281,0.6719,1
700.00,0.980,-2.4188,4.9253,0.3281,0.6719,1
800.00,0.000,-2.3495,-18.1974,0.5450,0.4550,0
800.00,0.020,-2.3495,-17.7255,0.5450,0.4550,0
800.00,0.040,-2.3495,-17.2536,0.5450,0.4550,0
800.00,0.060,-2.3495,-16.7817,0.5450,0.4550,0
800.00,0.080,-2.3495,-16.3098,0.5450,0.4550,0
800.00,0.100,-2.3495,-15.8380,0.5450,0.4550,0
800.00,0.120,-2.3495,-15.3661,0.5450,0.4550,0
800.00,0.140,-2.3495,-14.8942,0.5450,0.4550,0
800.00,0.160,-2.3495,-14.4223,0.5450,0.4550,0
800.00,0.180,-2.3495,-13.9504,0.5450,0.4550,0
800.00,0.200,-2.3495,-13.4785,0.5450,0.4550,0
800.00,0.220,-2.3495,-13.0066,0.5450,0.4550,0
800.00,0.240,-2.3495,-12.5347,0.5450,0.4550,0
800.00,0.260,-2.3495,-12.0628,0.5450,0.4550,0
800.00,0.280,-2.3495,-11.5909,0.5450,0.4550,0
800.00,0.300,-2.3495,-11.1190,0.5450,0.4550,0
800.00,0.320,-2.3495,-10.6471,0.5450,0.4550,0
800.00,0.340,-2.3495,-10.1752,0.5450,0.4550,0
800.00,0.360,-2.3495,-9.7034,0.5450,0.4550,0
800.00,0.380,-2.3495,-9.2315,0.5450,0.4550,0
800.00,0.400,-2.3495,-8.7596,0.5450,0.4550,0
800.00,0.420,-2.3495,-8.2877,0.5450,0.4550,0
800.00,0.440,-2.3495,-7.8158,0.5450,0.4550,0
800.00,0.460,-2.3495,-7.3439,0.5450,0.4550,0
800.00,0.480,-2.3495,-6.8720,0.5450,0.4550,0
800.00,0.500,-2.3495,-6.4001,0.5450,0.4550,0
800.00,0.520,-2.3495,-5.9282,0.5450,0.4550,0
800.00,0.540,-2.3495,-5.4563,0.5450,0.4550,0
800.00,0.560,-2.3495,-4.9844,0.5450,0.4550,0
800.00,0.580,-2.3495,-4.5125,0.5450,0.4550,0
800.00,0.600,-2.3495,-4.0406,0.5450,0.4550,0
800.00,0.620,-2.3495,-3.5688,0.5450,0.4550,0
800.00,0.640,-2.3495,-3.0969,0.5450,0.4550,0
800.00,0.660,-2.3495,-2.6250,0.5450,0.4550,0
800.00,0.680,-2.3495,-2.1531,0.5450,0.4550,0
800.00,0.700,-2.3495,-1.6812,0.5450,0.4550,0
800.00,0.720,-2.3495,-1.2093,0.5450,0.4550,0
800.00,0.740,-2.3495,-0.7374,0.0123,0.9877,1
800.00,0.760,-2.3495,-0.2655,0.0172,0.9828,1
800.00,0.780,-2.3495,0.2064,0.0380,0.9620,1
800.00,0.800,-2.3495,0.6783,0.0178,0.9822,1
800.00,0.820,-2.3495,1.1502,0.0978,0.9022,1
800.00,0.840,-2.3495,1.6221,0.3281,0.6719,1
800.00,0.860,-2.3495,2.0940,0.3281,0.6719,1
800.00,0.880,-2.3495,2.5658,0.3281,0.6719,1
800.00,0.900,-2.3495,3.0377,0.3281,0.6719,1
800.00,0.920,-2.3495,3.5096,0.3281,0.6719,1
800.00,0.940,-2.3495,3.9815,0.3281,0.6719,1
800.00,0.960,-2.3495,4.4534,0.3281,0.6719,1
800.00,0.980,-2.3495,4.9253,0.3281,0.6719,1
900.00,0.000,-2.2802,-18.1974,0.5450,0.4550,0
900.00,0.020,-2.2802,-17.7255,0.5450,0.4550,0
900.00,0.040,-2.2802,-17.2536,0.5450,0.4550,0
900.00,0.060,-2.2802,-16.7817,0.5450,0.4550,0
900.00,0.080,-2.2802,-16.3098,0.5450,0.4550,0
900.00,0.100,-2.2802,-15.8380,0.5450,0.4550,0
900.00,0.120,-2.2802,-15.3661,0.5450,0.4550,0
900.00,0.140,-2.2802,-14.8942,0.5450,0.4550,0
900.00,0.160,-2.2802,-14.4223,0.5450,0.4550,0
900.00,0.180,-2.2802,-13.9504,0.5450,0.4550,0
900.00,0.200,-2.2802,-13.4785,0.5450,0.4550,0
900.00,0.220,-2.2802,-13.0066,0.5450,0.4550,0
900.00,0.240,-2.2802,-12.5347,0.5450,0.4550,0
900.00,0.260,-2.2802,-12.0628,0.5450,0.4550,0
900.00,0.280,-2.2802,-11.5909,0.5450,0.4550,0
900.00,0.300,-2.2802,-11.1190,0.5450,0.4550,0
900.00,0.320,-2.2802,-10.6471,0.5450,0.4550,0
900.00,0.340,-2.2802,-10.1752,0.5450,0.4550,0
900.00,0.360,-2.2802,-9.7034,0.5450,0.4550,0
900.00,0.380,-2.2802,-9.2315,0.5450,0.4550,0
900.00,0.400,-2.2802,-8.7596,0.5450,0.4550,0
900.00,0.420,-2.2802,-8.2877,0.5450,0.4550,0
900.00,0.440,-2.2802,-7.8158,0.5450,0.4550,0
900.00,0.460,-2.2802,-7.3439,0.5450,0.4550,0
900.00,0.480,-2.2802,-6.8720,0.5450,0.4550,0
900.00,0.500,-2.2802,-6.4001,0.5450,0.4550,0
900.00,0.520,-2.2802,-5.9282,0.5450,0.4550,0
900.00,0.540,-2.2802,-5.4563,0.5450,0.4550,0
900.00,0.560,-2.2802,-4.9844,0.5450,0.4550,0
900.00,0.580,-2.2802,-4.5125,0.5450,0.4550,0
900.00,0.600,-2.2802,-4.0406,0.5450,0.4550,0
900.00,0.620,-2.2802,-3.5688,0.5450,0.4550,0
900.00,0.640,-2.2802,-3.0969,0.5450,0.4550,0
900.00,0.660,-2.2802,-2.6250,0.5450,0.4550,0
900.00,0.680,-2.2802,-2.1531,0.5450,0.4550,0
900.00,0.700,-2.2802,-1.6812,0.5450,0.4550,0
900.00,0.720,-2.2802,-1.2093,0.5450,0.4550,0
900.00,0.740,-2.2802,-0.7374,0.0123,0.9877,1
900.00,0.760,-2.2802,-0.2655,0.0172,0.9828,1
900.00,0.780,-2.2802,0.2064,0.0380,0.9620,1
900.00,0.800,-2.2802,0.6783,0.0178,0.9822,1
900.00,0.820,-2.2802,1.1502,0.0978,0.9022,1
900.00,0.840,-2.2802,1.6221,0.3281,0.6719,1
900.00,0.860,-2.2802,2.0940,0.3281,0.6719,1
900.00,0.880,-2.2802,2.5658,0.3281,0.6719,1
900.00,0.900,-2.2802,3.0377,0.3281,0.6719,1
900.00,0.920,-2.2802,3.5096,0.3281,0.6719,1
900.00,0.940,-2.2802,3.9815,0.3281,0.6719,1
900.00,0.960,-2.2802,4.4534,0.3281,0.6719,1
900.00,0.980,-2.2802,4.9253,0.3281,0.6719,1
1000.00,0.000,-2.2109,-18.1974,0.5450,0.4550,0
1000.00,0.020,-2.2109,-17.7255,0.5450,0.4550,0
1000.00,0.040,-2.2109,-17.2536,0.5450,0.4550,0
1000.00,0.060,-2.2109,-16.7817,0.5450,0.4550,0
1000.00,0.080,-2.2109,-16.3098,0.5450,0.4550,0
1000.00,0.100,-2.2109,-15.8380,0.5450,0.4550,0
1000.00,0.120,-2.2109,-15.3661,0.5450,0.4550,0
1000.00,0.140,-2.2109,-14.8942,0.5450,0.4550,0
1000.00,0.160,-2.2109,-14.4223,0.5450,0.4550,0
1000.00,0.180,-2.2109,-13.9504,0.5450,0.4550,0
1000.00,0.200,-2.2109,-13.4785,0.5450,0.4550,0
1000.00,0.220,-2.2109,-13.0066,0.5450,0.4550,0
1000.00,0.240,-2.2109,-12.5347,0.5450,0.4550,0
1000.00,0.260,-2.2109,-12.0628,0.5450,0.4550,0
1000.00,0.280,-2.2109,-11.5909,0.5450,0.4550,0
1000.00,0.300,-2.2109,-11.1190,0.5450,0.4550,0
1000.00,0.320,-2.2109,-10.6471,0.5450,0.4550,0
1000.00,0.340,-2.2109,-10.1752,0.5450,0.4550,0
1000.00,0.360,-2.2109,-9.7034,0.5450,0.4550,0
1000.00,0.380,-2.2109,-9.2315,0.5450,0.4550,0
1000.00,0.400,-2.2109,-8.7596,0.5450,0.4550,0
1000.00,0.420,-2.2109,-8.2877,0.5450,0.4550,0
1000.00,0.440,-2.2109,-7.8158,0.5450,0.4550,0
1000.00,0.460,-2.2109,-7.3439,0.5450,0.4550,0
1000.00,0.480,-2.2109,-6.8720,0.5450,0.4550,0
1000.00,0.500,-2.2109,-6.4001,0.5450,0.4550,0
1000.00,0.520,-2.2109,-5.9282,0.5450,0.4550,0
1000.00,0.540,-2.2109,-5.4563,0.5450,0.4550,0
1000.00,0.560,-2.2109,-4.9844,0.5450,0.4550,0
1000.00,0.580,-2.2109,-4.5125,0.5450,0.4550,0
1000.00,0.600,-2.2109,-4.0406,0.5450,0.4550,0
1000.00,0.620,-2.2109,-3.5688,0.5450,0.4550,0
1000.00,0.640,-2.2109,-3.0969,0.5450,0.4550,0
1000.00,0.660,-2.2109,-2.6250,0.5450,0.4550,0
1000.00,0.680,-2.2109,-2.1531,0.5450,0.4550,0
1000.00,0.700,-2.2109,-1.6812,0.5450,0.4550,0
1000.00,0.720,-2.2109,-1.2093,0.5450,0.4550,0
1000.00,0.740,-2.2109,-0.7374,0.0123,0.9877,1
1000.00,0.760,-2.2109,-0.2655,0.0172,0.9828,1
1000.00,0.780,-2.2109,0.2064,0.0380,0.9620,1
1000.00,0.800,-2.2109,0.6783,0.0178,0.9822,1
1000.00,0.820,-2.2109,1.1502,0.0978,0.9022,1
1000.00,0.840,-2.2109,1.6221,0.3281,0.6719,1
1000.00,0.860,-2.2109,2.0940,0.3281,0.6719,1
1000.00,0.880,-2.2109,2.5658,0.3281,0.6719,1
1000.00,0.900,-2.2109,3.0377,0.3281,0.6719,1
1000.00,0.920,-2.2109,3.5096,0.3281,0.6719,1
1000.00,0.940,-2.2109,3.9815,0.3281,0.6719,1
1000.00,0.960,-2.2109,4.4534,0.3281,0.6719,1
1000.00,0.980,-2.2109,4.9253,0.3281,0.6719,1
1100.00,0.000,-2.1416,-18.1974,0.5450,0.4550,0
1100.00,0.020,-2.1416,-17.7255,0.5450,0.4550,0
1100.00,0.040,-2.1416,-17.2536,0.5450,0.4550,0
1100.00,0.060,-2.1416,-16.7817,0.5450,0.4550,0
1100.00,0.080,-2.1416,-16.3098,0.5450,0.4550,0
1100.00,0.100,-2.1416,-15.8380,0.5450,0.4550,0
1100.00,0.120,-2.1416,-15.3661,0.5450,0.4550,0
1100.00,0.140,-2.1416,-14.8942,0.5450,0.4550,0
1100.00,0.160,-2.1416,-14.4223,0.5450,0.4550,0
1100.00,0.180,-2.1416,-13.9504,0.5450,0.4550,0
1100.00,0.200,-2.1416,-13.4785,0.5450,0.4550,0
1100.00,0.220,-2.1416,-13.0066,0.5450,0.4550,0
1100.00,0.240,-2.1416,-12.5347,0.5450,0.4550,0
1100.00,0.260,-2.1416,-12.0628,0.5450,0.4550,0
1100.00,0.280,-2.1416,-11.5909,0.5450,0.4550,0
1100.00,0.300,-2.1416,-11.1190,0.5450,0.4550,0
1100.00,0.320,-2.1416,-10.6471,0.5450,0.4550,0
1100.00,0.340,-2.1416,-10.1752,0.5450,0.4550,0
1100.00,0.360,-2.1416,-9.7034,0.5450,0.4550,0
1100.00,0.380,-2.1416,-9.2315,0.5450,0.4550,0
1100.00,0.400,-2.1416,-8.7596,0.5450,0.4550,0
1100.00,0.420,-2.1416,-8.2877,0.5450,0.4550,0
1100.00,0.440,-2.1416,-7.8158,0.5450,0.4550,0
1100.00,0.460,-2.1416,-7.3439,0.5450,0.4550,0
1100.00,0.480,-2.1416,-6.8720,0.5450,0.4550,0
1100.00,0.500,-2.1416,-6.4001,0.5450,0.4550,0
1100.00,0.520,-2.1416,-5.9282,0.5450,0.4550,0
1100.00,0.540,-2.1416,-5.4563,0.5450,0.4550,0
1100.00,0.560,-2.1416,-4.9844,0.5450,0.4550,0
1100.00,0.580,-2.1416,-4.5125,0.5450,0.4550,0
1100.00,0.600,-2.1416,-4.0406,0.5450,0.4550,0
1100.00,0.620,-2.1416,-3.5688,0.5450,0.4550,0
1100.00,0.640,-2.1416,-3.0969,0.5450,0.4550,0
1100.00,0.660,-2.1416,-2.6250,0.5450,0.4550,0
1100.00,0.680,-2.1416,-2.1531,0.5450,0.4550,0
1100.00,0.700,-2.1416,-1.6812,0.5450,0.4550,0
1100.00,0.720,-2.1416,-1.2093,0.5450,0.4550,0
1100.00,0.740,-2.1416,-0.7374,0.0123,0.9877,1
1100.00,0.760,-2.1416,-0.2655,0.0172,0.9828,1
1100.00,0.780,-2.1416,0.2064,0.0380,0.9620,1
1100.00,0.800,-2.1416,0.6783,0.0178,0.9822,1
1100.00,0.820,-2.1416,1.1502,0.0978,0.9022,1
1100.00,0.840,-2.1416,1.6221,0.3281,0.6719,1
1100.00,0.860,-2.1416,2.0940,0.3281,0.6719,1
1100.00,0.880,-2.1416,2.5658,0.3281,0.6719,1
1100.00,0.900,-2.1416,3.0377,0.3281,0.6719,1
1100.00,0.920,-2.1416,3.5096,0.3281,0.6719,1
1100.00,0.940,-2.1416,3.9815,0.3281,0.6719,1
1100.00,0.960,-2.1416,4.4534,0.3281,0.6719,1
1100.00,0.980,-2.1416,4.9253,0.3281,0.6719,1
1200.00,0.000,-2.0723,-18.1974,0.5450,0.4550,0
1200.00,0.020,-2.0723,-17.7255,0.5450,0.4550,0
1200.00,0.040,-2.0723,-17.2536,0.5450,0.4550,0
1200.00,0.060,-2.0723,-16.7817,0.5450,0.4550,0
1200.00,0.080,-2.0723,-16.3098,0.5450,0.4550,0
1200.00,0.100,-2.0723,-15.8380,0.5450,0.4550,0
1200.00,0.120,-2.0723,-15.3661,0.5450,0.4550,0
1200.00,0.140,-2.0723,-14.8942,0.5450,0.4550,0
1200.00,0.160,-2.0723,-14.4223,0.5450,0.4550,0
1200.00,0.180,-2.0723,-13.9504,0.5450,0.4550,0
1200.00,0.200,-2.0723,-13.4785,0.5450,0.4550,0
1200.00,0.220,-2.0723,-13.0066,0.5450,0.4550,0
1200.00,0.240,-2.0723,-12.5347,0.5450,0.4550,0
1200.00,0.260,-2.0723,-12.0628,0.5450,0.4550,0
1200.00,0.280,-2.0723,-11.5909,0.5450,0.4550,0
1200.00,0.300,-2.0723,-11.1190,0.5450,0.4550,0
1200.00,0.320,-2.0723,-10.6471,0.5450,0.4550,0
1200.00,0.340,-2.0723,-10.1752,0.5450,0.4550,0
1200.00,0.360,-2.0723,-9.7034,0.5450,0.4550,0
1200.00,0.380,-2.0723,-9.2315,0.5450,0.4550,0
1200.00,0.400,-2.0723,-8.7596,0.5450,0.4550,0
1200.00,0.420,-2.0723,-8.2877,0.5450,0.4550,0
1200.00,0.440,-2.0723,-7.8158,0.5450,0.4550,0
1200.00,0.460,-2.0723,-7.3439,0.5450,0.4550,0
1200.00,0.480,-2.0723,-6.8720,0.5450,0.4550,0
1200.00,0.500,-2.0723,-6.4001,0.5450,0.4550,0
1200.00,0.520,-2.0723,-5.9282,0.5450,0.4550,0
1200.00,0.540,-2.0723,-5.4563,0.5450,0.4550,0
1200.00,0.560,-2.0723,-4.9844,0.5450,0.4550,0
1200.00,0.580,-2.0723,-4.5125,0.5450,0.4550,0
1200.00,0.600,-2.0723,-4.0406,0.5450,0.4550,0
1200.00,0.620,-2.0723,-3.5688,0.5450,0.4550,0
1200.00,0.640,-2.0723,-3.0969,0.5450,0.4550,0
1200.00,0.660,-2.0723,-2.6250,0.5450,0.4550,0
1200.00,0.680,-2.0723,-2.1531,0.5450,0.4550,0
1200.00,0.700,-2.0723,-1.6812,0.5450,0.4550,0
1200.00,0.720,-2.0723,-1.2093,0.5450,0.4550,0
1200.00,0.740,-2.0723,-0.7374,0.0123,0.9877,1
1200.00,0.760,-2.0723,-0.2655,0.0172,0.9828,1
1200.00,0.780,-2.0723,0.2064,0.0380,0.9620,1
1200.00,0.800,-2.0723,0.6783,0.0178,0.9822,1
1200.00,0.820,-2.0723,1.1502,0.0978,0.9022,1
1200.00,0.840,-2.0723,1.6221,0.3281,0.6719,1
1200.00,0.860,-2.0723,2.0940,0.3281,0.6719,1
1200.00,0.880,-2.0723,2.5658,0.3281,0.6719,1
1200.00,0.900,-2.0723,3.0377,0.3281,0.6719,1
1200.00,0.920,-2.0723,3.5096,0.3281,0.6719,1
1200.00,0.940,-2.0723,3.9815,0.3281,0.6719,1
1200.00,0.960,-2.0723,4.4534,0.3281,0.6719,1
1200.00,0.980,-2.0723,4.9253,0.3281,0.6719,1
1300.00,0.000,-2.0031,-18.1974,0.5450,0.4550,0
1300.00,0.020,-2.0031,-17.7255,0.5450,0.4550,0
1300.00,0.040,-2.0031,-17.2536,0.5450,0.4550,0
1300.00,0.060,-2.0031,-16.7817,0.5450,0.4550,0
1300.00,0.080,-2.0031,-16.3098,0.5450,0.4550,0
1300.00,0.100,-2.0031,-15.8380,0.5450,0.4550,0
1300.00,0.120,-2.0031,-15.3661,0.5450,0.4550,0
1300.00,0.140,-2.0031,-14.8942,0.5450,0.4550,0
1300.00,0.160,-2.0031,-14.4223,0.5450,0.4550,0
1300.00,0.180,-2.0031,-13.9504,0.5450,0.4550,0
1300.00,0.200,-2.0031,-13.4785,0.5450,0.4550,0
1300.00,0.220,-2.0031,-13.0066,0.5450,0.4550,0
1300.00,0.240,-2.0031,-12.5347,0.5450,0.4550,0
1300.00,0.260,-2.0031,-12.0628,0.5450,0.4550,0
1300.00,0.280,-2.0031,-11.5909,0.5450,0.4550,0
1300.00,0.300,-2.0031,-11.1190,0.5450,0.4550,0
1300.00,0.320,-2.0031,-10.6471,0.5450,0.4550,0
1300.00,0.340,-2.0031,-10.1752,0.5450,0.4550,0
1300.00,0.360,-2.0031,-9.7034,0.5450,0.4550,0
1300.00,0.380,-2.0031,-9.2315,0.5450,0.4550,0
1300.00,0.400,-2.0031,-8.7596,0.5450,0.4550,0
1300.00,0.420,-2.0031,-8.2877,0.5450,0.4550,0
1300.00,0.440,-2.0031,-7.8158,0.5450,0.4550,0
1300.00,0.460,-2.0031,-7.3439,0.5450,0.4550,0
1300.00,0.480,-2.0031,-6.8720,0.5450,0.4550,0
1300.00,0.500,-2.0031,-6.4001,0.5450,0.4550,0
1300.00,0.520,-2.0031,-5.9282,0.5450,0.4550,0
1300.00,0.540,-2.0031,-5.4563,0.5450,0.4550,0
1300.00,0.560,-2.0031,-4.9844,0.5450,0.4550,0
1300.00,0.580,-2.0031,-4.5125,0.5450,0.4550,0
1300.00,0.600,-2.0031,-4.0406,0.5450,0.4550,0
1300.00,0.620,-2.0031,-3.5688,0.5450,0.4550,0
1300.00,0.640,-2.0031,-3.0969,0.5450,0.4550,0
1300.00,0.660,-2.0031,-2.6250,0.5450,0.4550,0
1300.00,0.680,-2.0031,-2.1531,0.5450,0.4550,0
1300.00,0.700,-2.0031,-1.6812,0.5450,0.4550,0
1300.00,0.720,-2.0031,-1.2093,0.5450,0.4550,0
1300.00,0.740,-2.0031,-0.7374,0.0123,0.9877,1
1300.00,0.760,-2.0031,-0.2655,0.0172,0.9828,1
1300.00,0.780,-2.0031,0.2064,0.0380,0.9620,1
1300.00,0.800,-2.0031,0.6783,0.0178,0.9822,1
1300.00,0.820,-2.0031,1.1502,0.0978,0.9022,1
1300.00,0.840,-2.0031,1.6221,0.3281,0.6719,1
1300.00,0.860,-2.0031,2.0940,0.3281,0.6719,1
1300.00,0.880,-2.0031,2.5658,0.3281,0.6719,1
1300.00,0.900,-2.0031,3.0377,0.3281,0.6719,1
1300.00,0.920,-2.0031,3.5096,0.3281,0.6719,1
1300.00,0.940,-2.0031,3.9815,0.3281,0.6719,1
1300.00,0.960,-2.0031,4.4534,0.3281,0.6719,1
1300.00,0.980,-2.0031,4.9253,0.3281,0.6719,1
1400.00,0.000,-1.9338,-18.1974,0.5450,0.4550,0
1400.00,0.020,-1.9338,-17.7255,0.5450,0.4550,0
1400.00,0.040,-1.9338,-17.2536,0.5450,0.4550,0
1400.00,0.060,-1.9338,-16.7817,0.5450,0.4550,0
1400.00,0.080,-1.9338,-16.3098,0.5450,0.4550,0
1400.00,0.100,-1.9338,-15.8380,0.5450,0.4550,0
1400.00,0.120,-1.9338,-15.3661,0.5450,0.4550,0
1400.00,0.140,-1.9338,-14.8942,0.5450,0.4550,0
1400.00,0.160,-1.9338,-14.4223,0.5450,0.4550,0
1400.00,0.180,-1.9338,-13.9504,0.5450,0.4550,0
1400.00,0.200,-1.9338,-13.4785,0.5450,0.4550,0
1400.00,0.220,-1.9338,-13.0066,0.5450,0.4550,0
1400.00,0.240,-1.9338,-12.5347,0.5450,0.4550,0
1400.00,0.260,-1.9338,-12.0628,0.5450,0.4550,0
1400.00,0.280,-1.9338,-11.5909,0.5450,0.4550,0
1400.00,0.300,-1.9338,-11.1190,0.5450,0.4550,0
1400.00,0.320,-1.9338,-10.6471,0.5450,0.4550,0
1400.00,0.340,-1.9338,-10.1752,0.5450,0.4550,0
1400.00,0.360,-1.9338,-9.7034,0.5450,0.4550,0
1400.00,0.380,-1.9338,-9.2315,0.5450,0.4550,0
1400.00,0.400,-1.9338,-8.7596,0.5450,0.4550,0
1400.00,0.420,-1.9338,-8.2877,0.5450,0.4550,0
1400.00,0.440,-1.9338,-7.8158,0.5450,0.4550,0
1400.00,0.460,-1.9338,-7.3439,0.5450,0.4550,0
1400.00,0.480,-1.9338,-6.8720,0.5450,0.4550,0
1400.00,0.500,-1.9338,-6.4001,0.5450,0.4550,0
1400.00,0.520,-1.9338,-5.9282,0.5450,0.4550,0
1400.00,0.540,-1.9338,-5.4563,0.5450,0.4550,0
1400.00,0.560,-1.9338,-4.9844,0.5450,0.4550,0
1400.00,0.580,-1.9338,-4.5125,0.5450,0.4550,0
1400.00,0.600,-1.9338,-4.0406,0.5450,0.4550,0
1400.00,0.620,-1.9338,-3.5688,0.5450,0.4550,0
1400.00,0.640,-1.9338,-3.0969,0.5450,0.4550,0
1400.00,0.660,-1.9338,-2.6250,0.5450,0.4550,0
1400.00,0.680,-1.9338,-2.1531,0.5450,0.4550,0
1400.00,0.700,-1.9338,-1.6812,0.5450,0.4550,0
1400.00,0.720,-1.9338,-1.2093,0.5450,0.4550,0
1400.00,0.740,-1.9338,-0.7374,0.0123,0.9877,1
1400.00,0.760,-1.9338,-0.2655,0.0172,0.9828,1
1400.00,0.780,-1.9338,0.2064,0.0380,0.9620,1
1400.00,0.800,-1.9338,0.6783,0.0178,0.9822,1
1400.00,0.820,-1.9338,1.1502,0.0978,0.9022,1
1400.00,0.840,-1.9338,1.6221,0.3281,0.6719,1
1400.00,0.860,-1.9338,2.0940,0.3281,0.6719,1
1400.00,0.880,-1.9338,2.5658,0.3281,0.6719,1
1400.00,0.900,-1.9338,3.0377,0.3281,0.6719,1
1400.00,0.920,-1.9338,3.5096,0.3281,0.6719,1
1400.00,0.940,-1.9338,3.9815,0.3281,0.6719,1
1400.00,0.960,-1.9338,4.4534,0.3281,0.6719,1
1400.00,0.980,-1.9338,4.9253,0.3281,0.6719,1
1500.00,0.000,-1.8645,-18.1974,0.6050,0.3950,0
1500.00,0.020,-1.8645,-17.7255,0.6050,0.3950,0
1500.00,0.040,-1.8645,-17.2536,0.6050,0.3950,0
1500.00,0.060,-1.8645,-16.7817,0.6050,0.3950,0
1500.00,0.080,-1.8645,-16.3098,0.6050,0.3950,0
1500.00,0.100,-1.8645,-15.8380,0.6050,0.3950,0
1500.00,0.120,-1.8645,-15.3661,0.6050,0.3950,0
1500.00,0.140,-1.8645,-14.8942,0.6050,0.3950,0
1500.00,0.160,-1.8645,-14.4223,0.6050,0.3950,0
1500.00,0.180,-1.8645,-13.9504,0.6050,0.3950,0
1500.00,0.200,-1.8645,-13.4785,0.6050,0.3950,0
1500.00,0.220,-1.8645,-13.0066,0.6050,0.3950,0
1500.00,0.240,-1.8645,-12.5347,0.6050,0.3950,0
1500.00,0.260,-1.8645,-12.0628,0.6050,0.3950,0
1500.00,0.280,-1.8645,-11.5909,0.6050,0.3950,0
1500.00,0.300,-1.8645,-11.1190,0.6050,0.3950,0
1500.00,0.320,-1.8645,-10.6471,0.6050,0.3950,0
1500.00,0.340,-1.8645,-10.1752,0.6050,0.3950,0
1500.00,0.360,-1.8645,-9.7034,0.6050,0.3950,0
1500.00,0.380,-1.8645,-9.2315,0.6050,0.3950,0
1500.00,0.400,-1.8645,-8.7596,0.6050,0.3950,0
1500.00,0.420,-1.8645,-8.2877,0.6050,0.3950,0
1500.00,0.440,-1.8645,-7.8158,0.6050,0.3950,0
1500.00,0.460,-1.8645,-7.3439,0.6050,0.3950,0
1500.00,0.480,-1.8645,-6.8720,0.6050,0.3950,0
1500.00,0.500,-1.8645,-6.4001,0.6050,0.3950,0
1500.00,0.520,-1.8645,-5.9282,0.6050,0.3950,0
1500.00,0.540,-1.8645,-5.4563,0.6050,0.3950,0
1500.00,0.560,-1.8645,-4.9844,0.6050,0.3950,0
1500.00,0.580,-1.8645,-4.5125,0.6050,0.3950,0
1500.00,0.600,-1.8645,-4.0406,0.6050,0.3950,0
1500.00,0.620,-1.8645,-3.5688,0.6050,0.3950,0
1500.00,0.640,-1.8645,-3.0969,0.6050,0.3950,0
1500.00,0.660,-1.8645,-2.6250,0.6050,0.3950,0
1500.00,0.680,-1.8645,-2.1531,0.6050,0.3950,0
1500.00,0.700,-1.8645,-1.6812,0.6050,0.3950,0
1500.00,0.720,-1.8645,-1.2093,0.6050,0.3950,0
1500.00,0.740,-1.8645,-0.7374,0.0723,0.9277,1
1500.00,0.760,-1.8645,-0.2655,0.0772,0.9228,1
1500.00,0.780,-1.8645,0.2064,0.0980,0.9020,1
1500.00,0.800,-1.8645,0.6783,0.0778,0.9222,1
1500.00,0.820,-1.8645,1.1502,0.1578,0.8422,1
1500.00,0.840,-1.8645,1.6221,0.3881,0.6119,1
1500.00,0.860,-1.8645,2.0940,0.3881,0.6119,1
1500.00,0.880,-1.8645,2.5658,0.3881,0.6119,1
1500.00,0.900,-1.8645,3.0377,0.3881,0.6119,1
1500.00,0.920,-1.8645,3.5096,0.3881,0.6119,1
1500.00,0.940,-1.8645,3.9815,0.3881,0.6119,1
1500.00,0.960,-1.8645,4.4534,0.3881,0.6119,1
1500.00,0.980,-1.8645,4.9253,0.3881,0.6119,1
1600.00,0.000,-1.7952,-18.1974,0.6050,0.3950,0
1600.00,0.020,-1.7952,-17.7255,0.6050,0.3950,0
1600.00,0.040,-1.7952,-17.2536,0.6050,0.3950,0
1600.00,0.060,-1.7952,-16.7817,0.6050,0.3950,0
1600.00,0.080,-1.7952,-16.3098,0.6050,0.3950,0
1600.00,0.100,-1.7952,-15.8380,0.6050,0.3950,0
1600.00,0.120,-1.7952,-15.3661,0.6050,0.3950,0
1600.00,0.140,-1.7952,-14.8942,0.6050,0.3950,0
1600.00,0.160,-1.7952,-14.4223,0.6050,0.3950,0
1600.00,0.180,-1.7952,-13.9504,0.6050,0.3950,0
1600.00,0.200,-1.7952,-13.4785,0.6050,0.3950,0
1600.00,0.220,-1.7952,-13.0066,0.6050,0.3950,0
1600.00,0.240,-1.7952,-12.5347,0.6050,0.3950,0
1600.00,0.260,-1.7952,-12.0628,0.6050,0.3950,0
1600.00,0.280,-1.7952,-11.5909,0.6050,0.3950,0
1600.00,0.300,-1.7952,-11.1190,0.6050,0.3950,0
1600.00,0.320,-1.7952,-10.6471,0.6050,0.3950,0
1600.00,0.340,-1.7952,-10.1752,0.6050,0.3950,0
1600.00,0.360,-1.7952,-9.7034,0.6050,0.3950,0
1600.00,0.380,-1.7952,-9.2315,0.6050,0.3950,0
1600.00,0.400,-1.7952,-8.7596,0.6050,0.3950,0
1600.00,0.420,-1.7952,-8.2877,0.6050,0.3950,0
1600.00,0.440,-1.7952,-7.8158,0.6050,0.3950,0
1600.00,0.460,-1.7952,-7.3439,0.6050,0.3950,0
1600.00,0.480,-1.7952,-6.8720,0.6050,0.3950,0
1600.00,0.500,-1.7952,-6.4001,0.6050,0.3950,0
1600.00,0.520,-1.7952,-5.9282,0.6050,0.3950,0
1600.00,0.540,-1.7952,-5.4563,0.6050,0.3950,0
1600.00,0.560,-1.7952,-4.9844,0.6050,0.3950,0
1600.00,0.580,-1.7952,-4.5125,0.6050,0.3950,0
1600.00,0.600,-1.7952,-4.0406,0.6050,0.3950,0
1600.00,0.620,-1.7952,-3.5688,0.6050,0.3950,0
1600.00,0.640,-1.7952,-3.0969,0.6050,0.3950,0
1600.00,0.660,-1.7952,-2.6250,0.6050,0.3950,0
1600.00,0.680,-1.7952,-2.1531,0.6050,0.3950,0
1600.00,0.700,-1.7952,-1.6812,0.6050,0.3950,0
1600.00,0.720,-1.7952,-1.2093,0.6050,0.3950,0
1600.00,0.740,-1.7952,-0.7374,0.0723,0.9277,1
1600.00,0.760,-1.7952,-0.2655,0.0772,0.9228,1
1600.00,0.780,-1.7952,0.2064,0.0980,0.9020,1
1600.00,0.800,-1.7952,0.6783,0.0778,0.9222,1
1600.00,0.820,-1.7952,1.1502,0.1578,0.8422,1
1600.00,0.840,-1.7952,1.6221,0.3881,0.6119,1
1600.00,0.860,-1.7952,2.0940,0.3881,0.6119,1
1600.00,0.880,-1.7952,2.5658,0.3881,0.6119,1
1600.00,0.900,-1.7952,3.0377,0.3881,0.6119,1
1600.00,0.920,-1.7952,3.5096,0.3881,0.6119,1
1600.00,0.940,-1.7952,3.9815,0.3881,0.6119,1
1600.00,0.960,-1.7952,4.4534,0.3881,0.6119,1
1600.00,0.980,-1.7952,4.9253,0.3881,0.6119,1
1700.00,0.000,-1.7259,-18.1974,0.6065,0.3935,0
1700.00,0.020,-1.7259,-17.7255,0.6065,0.3935,0
1700.00,0.040,-1.7259,-17.2536,0.6065,0.3935,0
1700.00,0.060,-1.7259,-16.7817,0.6065,0.3935,0
1700.00,0.080,-1.7259,-16.3098,0.6065,0.3935,0
1700.00,0.100,-1.7259,-15.8380,0.6065,0.3935,0
1700.00,0.120,-1.7259,-15.3661,0.6065,0.3935,0
1700.00,0.140,-1.7259,-14.8942,0.6065,0.3935,0
1700.00,0.160,-1.7259,-14.4223,0.6065,0.3935,0
1700.00,0.180,-1.7259,-13.9504,0.6065,0.3935,0
1700.00,0.200,-1.7259,-13.4785,0.6065,0.3935,0
1700.00,0.220,-1.7259,-13.0066,0.6065,0.3935,0
1700.00,0.240,-1.7259,-12.5347,0.6065,0.3935,0
1700.00,0.260,-1.7259,-12.0628,0.6065,0.3935,0
1700.00,0.280,-1.7259,-11.5909,0.6065,0.3935,0
1700.00,0.300,-1.7259,-11.1190,0.6065,0.3935,0
1700.00,0.320,-1.7259,-10.6471,0.6065,0.3935,0
1700.00,0.340,-1.7259,-10.1752,0.6065,0.3935,0
1700.00,0.360,-1.7259,-9.7034,0.6065,0.3935,0
1700.00,0.380,-1.7259,-9.2315,0.6065,0.3935,0
1700.00,0.400,-1.7259,-8.7596,0.6065,0.3935,0
1700.00,0.420,-1.7259,-8.2877,0.6065,0.3935,0
1700.00,0.440,-1.7259,-7.8158,0.6065,0.3935,0
1700.00,0.460,-1.7259,-7.3439,0.6065,0.3935,0
1700.00,0.480,-1.7259,-6.8720,0.6065,0.3935,0
1700.00,0.500,-1.7259,-6.4001,0.6065,0.3935,0
1700.00,0.520,-1.7259,-5.9282,0.6065,0.3935,0
1700.00,0.540,-1.7259,-5.4563,0.6065,0.3935,0
1700.00,0.560,-1.7259,-4.9844,0.6065,0.3935,0
1700.00,0.580,-1.7259,-4.5125,0.6065,0.3935,0
1700.00,0.600,-1.7259,-4.0406,0.6065,0.3935,0
1700.00,0.620,-1.7259,-3.5688,0.6065,0.3935,0
1700.00,0.640,-1.7259,-3.0969,0.6065,0.3935,0
1700.00,0.660,-1.7259,-2.6250,0.6065,0.3935,0
1700.00,0.680,-1.7259,-2.1531,0.6065,0.3935,0
1700.00,0.700,-1.7259,-1.6812,0.6065,0.3935,0
1700.00,0.720,-1.7259,-1.2093,0.6065,0.3935,0
1700.00,0.740,-1.7259,-0.7374,0.0739,0.9261,1
1700.00,0.760,-1.7259,-0.2655,0.0787,0.9213,1
1700.00,0.780,-1.7259,0.2064,0.0996,0.9004,1
1700.00,0.800,-1.7259,0.6783,0.0778,0.9222,1
1700.00,0.820,-1.7259,1.1502,0.1178,0.8822,1
1700.00,0.840,-1.7259,1.6221,0.3481,0.6519,1
1700.00,0.860,-1.7259,2.0940,0.3481,0.6519,1
1700.00,0.880,-1.7259,2.5658,0.3481,0.6519,1
1700.00,0.900,-1.7259,3.0377,0.3481,0.6519,1
1700.00,0.920,-1.7259,3.5096,0.3481,0.6519,1
1700.00,0.940,-1.7259,3.9815,0.3481,0.6519,1
1700.00,0.960,-1.7259,4.4534,0.3481,0.6519,1
1700.00,0.980,-1.7259,4.9253,0.3481,0.6519,1
1800.00,0.000,-1.6566,-18.1974,0.5475,0.4525,0
1800.00,0.020,-1.6566,-17.7255,0.5475,0.4525,0
1800.00,0.040,-1.6566,-17.2536,0.5475,0.4525,0
1800.00,0.060,-1.6566,-16.7817,0.5475,0.4525,0
1800.00,0.080,-1.6566,-16.3098,0.5475,0.4525,0
1800.00,0.100,-1.6566,-15.8380,0.5475,0.4525,0
1800.00,0.120,-1.6566,-15.3661,0.5475,0.4525,0
1800.00,0.140,-1.6566,-14.8942,0.5475,0.4525,0
1800.00,0.160,-1.6566,-14.4223,0.5475,0.4525,0
1800.00,0.180,-1.6566,-13.9504,0.5475,0.4525,0
1800.00,0.200,-1.6566,-13.4785,0.5475,0.4525,0
1800.00,0.220,-1.6566,-13.0066,0.5475,0.4525,0
1800.00,0.240,-1.6566,-12.5347,0.5475,0.4525,0
1800.00,0.260,-1.6566,-12.0628,0.5475,0.4525,0
1800.00,0.280,-1.6566,-11.5909,0.5475,0.4525,0
1800.00,0.300,-1.6566,-11.1190,0.5475,0.4525,0
1800.00,0.320,-1.6566,-10.6471,0.5475,0.4525,0
1800.00,0.340,-1.6566,-10.1752,0.5475,0.4525,0
1800.00,0.360,-1.6566,-9.7034,0.5475,0.4525,0
1800.00,0.380,-1.6566,-9.2315,0.5475,0.4525,0
1800.00,0.400,-1.6566,-8.7596,0.5475,0.4525,0
1800.00,0.420,-1.6566,-8.2877,0.5475,0.4525,0
1800.00,0.440,-1.6566,-7.8158,0.5475,0.4525,0
1800.00,0.460,-1.6566,-7.3439,0.5475,0.4525,0
1800.00,0.480,-1.6566,-6.8720,0.5475,0.4525,0
1800.00,0.500,-1.6566,-6.4001,0.5475,0.4525,0
1800.00,0.520,-1.6566,-5.9282,0.5475,0.4525,0
1800.00,0.540,-1.6566,-5.4563,0.5475,0.4525,0
1800.00,0.560,-1.6566,-4.9844,0.5475,0.4525,0
1800.00,0.580,-1.6566,-4.5125,0.5475,0.4525,0
1800.00,0.600,-1.6566,-4.0406,0.5475,0.4525,0
1800.00,0.620,-1.6566,-3.5688,0.5475,0.4525,0
1800.00,0.640,-1.6566,-3.0969,0.5475,0.4525,0
1800.00,0.660,-1.6566,-2.6250,0.5475,0.4525,0
1800.00,0.680,-1.6566,-2.1531,0.5475,0.4525,0
1800.00,0.700,-1.6566,-1.6812,0.5475,0.4525,0
1800.00,0.720,-1.6566,-1.2093,0.5475,0.4525,0
1800.00,0.740,-1.6566,-0.7374,0.0149,0.9851,1
1800.00,0.760,-1.6566,-0.2655,0.0198,0.9802,1
1800.00,0.780,-1.6566,0.2064,0.0406,0.9594,1
1800.00,0.800,-1.6566,0.6783,0.0178,0.9822,1
1800.00,0.820,-1.6566,1.1502,0.0178,0.9822,1
1800.00,0.840,-1.6566,1.6221,0.2481,0.7519,1
1800.00,0.860,-1.6566,2.0940,0.2481,0.7519,1
1800.00,0.880,-1.6566,2.5658,0.2481,0.7519,1
1800.00,0.900,-1.6566,3.0377,0.2481,0.7519,1
1800.00,0.920,-1.6566,3.5096,0.2481,0.7519,1
1800.00,0.940,-1.6566,3.9815,0.2481,0.7519,1
1800.00,0.960,-1.6566,4.4534,0.2481,0.7519,1
1800.00,0.980,-1.6566,4.9253,0.2481,0.7519,1
1900.00,0.000,-1.5874,-18.1974,0.5475,0.4525,0
1900.00,0.020,-1.5874,-17.7255,0.5475,0.4525,0
1900.00,0.040,-1.5874,-17.2536,0.5475,0.4525,0
1900.00,0.060,-1.5874,-16.7817,0.5475,0.4525,0
1900.00,0.080,-1.5874,-16.3098,0.5475,0.4525,0
1900.00,0.100,-1.5874,-15.8380,0.5475,0.4525,0
1900.00,0.120,-1.5874,-15.3661,0.5475,0.4525,0
1900.00,0.140,-1.5874,-14.8942,0.5475,0.4525,0
1900.00,0.160,-1.5874,-14.4223,0.5475,0.4525,0
1900.00,0.180,-1.5874,-13.9504,0.5475,0.4525,0
1900.00,0.200,-1.5874,-13.4785,0.5475,0.4525,0
1900.00,0.220,-1.5874,-13.0066,0.5475,0.4525,0
1900.00,0.240,-1.5874,-12.5347,0.5475,0.4525,0
1900.00,0.260,-1.5874,-12.0628,0.5475,0.4525,0
1900.00,0.280,-1.5874,-11.5909,0.5475,0.4525,0
1900.00,0.300,-1.5874,-11.1190,0.5475,0.4525,0
1900.00,0.320,-1.5874,-10.6471,0.5475,0.4525,0
1900.00,0.340,-1.5874,-10.1752,0.5475,0.4525,0
1900.00,0.360,-1.5874,-9.7034,0.5475,0.4525,0
1900.00,0.380,-1.5874,-9.2315,0.5475,0.4525,0
1900.00,0.400,-1.5874,-8.7596,0.5475,0.4525,0
1900.00,0.420,-1.5874,-8.2877,0.5475,0.4525,0
1900.00,0.440,-1.5874,-7.8158,0.5475,0.4525,0
1900.00,0.460,-1.5874,-7.3439,0.5475,0.4525,0
1900.00,0.480,-1.5874,-6.8720,0.5475,0.4525,0
1900.00,0.500,-1.5874,-6.4001,0.5475,0.4525,0
1900.00,0.520,-1.5874,-5.9282,0.5475,0.4525,0
1900.00,0.540,-1.5874,-5.4563,0.5475,0.4525,0
1900.00,0.560,-1.5874,-4.9844,0.5475,0.4525,0
1900.00,0.580,-1.5874,-4.5125,0.5475,0.4525,0
1900.00,0.600,-1.5874,-4.0406,0.5475,0.4525,0
1900.00,0.620,-1.5874,-3.5688,0.5475,0.4525,0
1900.00,0.640,-1.5874,-3.0969,0.5475,0.4525,0
1900.00,0.660,-1.5874,-2.6250,0.5475,0.4525,0
1900.00,0.680,-1.5874,-2.1531,0.5475,0.4525,0
1900.00,0.700,-1.5874,-1.6812,0.5475,0.4525,0
1900.00,0.720,-1.5874,-1.2093,0.5475,0.4525,0
1900.00,0.740,-1.5874,-0.7374,0.0149,0.9851,1
1900.00,0.760,-1.5874,-0.2655,0.0198,0.9802,1
1900.00,0.780,-1.5874,0.2064,0.0406,0.9594,1
1900.00,0.800,-1.5874,0.6783,0.0178,0.9822,1
1900.00,0.820,-1.5874,1.1502,0.0178,0.9822,1
1900.00,0.840,-1.5874,1.6221,0.2104,0.7896,1
1900.00,0.860,-1.5874,2.0940,0.2104,0.7896,1
1900.00,0.880,-1.5874,2.5658,0.2104,0.7896,1
1900.00,0.900,-1.5874,3.0377,0.2104,0.7896,1
1900.00,0.920,-1.5874,3.5096,0.2104,0.7896,1
1900.00,0.940,-1.5874,3.9815,0.2104,0.7896,1
1900.00,0.960,-1.5874,4.4534,0.2104,0.7896,1
1900.00,0.980,-1.5874,4.9253,0.2104,0.7896,1
2000.00,0.000,-1.5181,-18.1974,0.5475,0.4525,0
2000.00,0.020,-1.5181,-17.7255,0.5475,0.4525,0
2000.00,0.040,-1.5181,-17.2536,0.5475,0.4525,0
2000.00,0.060,-1.5181,-16.7817,0.5475,0.4525,0
2000.00,0.080,-1.5181,-16.3098,0.5475,0.4525,0
2000.00,0.100,-1.5181,-15.8380,0.5475,0.4525,0
2000.00,0.120,-1.5181,-15.3661,0.5475,0.4525,0
2000.00,0.140,-1.5181,-14.8942,0.5475,0.4525,0
2000.00,0.160,-1.5181,-14.4223,0.5475,0.4525,0
2000.00,0.180,-1.5181,-13.9504,0.5475,0.4525,0
2000.00,0.200,-1.5181,-13.4785,0.5475,0.4525,0
2000.00,0.220,-1.5181,-13.0066,0.5475,0.4525,0
2000.00,0.240,-1.5181,-12.5347,0.5475,0.4525,0
2000.00,0.260,-1.5181,-12.0628,0.5475,0.4525,0
2000.00,0.280,-1.5181,-11.5909,0.5475,0.4525,0
2000.00,0.300,-1.5181,-11.1190,0.5475,0.4525,0
2000.00,0.320,-1.5181,-10.6471,0.5475,0.4525,0
2000.00,0.340,-1.5181,-10.1752,0.5475,0.4525,0
2000.00,0.360,-1.5181,-9.7034,0.5475,0.4525,0
2000.00,0.380,-1.5181,-9.2315,0.5475,0.4525,0
2000.00,0.400,-1.5181,-8.7596,0.5475,0.4525,0
2000.00,0.420,-1.5181,-8.2877,0.5475,0.4525,0
2000.00,0.440,-1.5181,-7.8158,0.5475,0.4525,0
2000.00,0.460,-1.5181,-7.3439,0.5475,0.4525,0
2000.00,0.480,-1.5181,-6.8720,0.5475,0.4525,0
2000.00,0.500,-1.5181,-6.4001,0.5475,0.4525,0
2000.00,0.520,-1.5181,-5.9282,0.5475,0.4525,0
2000.00,0.540,-1.5181,-5.4563,0.5475,0.4525,0
2000.00,0.560,-1.5181,-4.9844,0.5475,0.4525,0
2000.00,0.580,-1.5181,-4.5125,0.5475,0.4525,0
2000.00,0.600,-1.5181,-4.0406,0.5475,0.4525,0
2000.00,0.620,-1.5181,-3.5688,0.5475,0.4525,0
2000.00,0.640,-1.5181,-3.0969,0.5475,0.4525,0
2000.00,0.660,-1.5181,-2.6250,0.5475,0.4525,0
2000.00,0.680,-1.5181,-2.1531,0.5475,0.4525,0
2000.00,0.700,-1.5181,-1.6812,0.5475,0.4525,0
2000.00,0.720,-1.5181,-1.2093,0.5475,0.4525,0
2000.00,0.740,-1.5181,-0.7374,0.0149,0.9851,1
2000.00,0.760,-1.5181,-0.2655,0.0198,0.9802,1
2000.00,0.780,-1.5181,0.2064,0.0406,0.9594,1
2000.00,0.800,-1.5181,0.6783,0.0178,0.9822,1
2000.00,0.820,-1.5181,1.1502,0.0178,0.9822,1
2000.00,0.840,-1.5181,1.6221,0.2104,0.7896,1
2000.00,0.860,-1.5181,2.0940,0.2104,0.7896,1
2000.00,0.880,-1.5181,2.5658,0.2104,0.7896,1
2000.00,0.900,-1.5181,3.0377,0.2104,0.7896,1
2000.00,0.920,-1.5181,3.5096,0.2104,0.7896,1
2000.00,0.940,-1.5181,3.9815,0.2104,0.7896,1
2000.00,0.960,-1.5181,4.4534,0.2104,0.7896,1
2000.00,0.980,-1.5181,4.9253,0.2104,0.7896,1
2100.00,0.000,-1.4488,-18.1974,0.5475,0.4525,0
2100.00,0.020,-1.4488,-17.7255,0.5475,0.4525,0
2100.00,0.040,-1.4488,-17.2536,0.5475,0.4525,0
2100.00,0.060,-1.4488,-16.7817,0.5475,0.4525,0
2100.00,0.080,-1.4488,-16.3098,0.5475,0.4525,0
2100.00,0.100,-1.4488,-15.8380,0.5475,0.4525,0
2100.00,0.120,-1.4488,-15.3661,0.5475,0.4525,0
2100.00,0.140,-1.4488,-14.8942,0.5475,0.4525,0
2100.00,0.160,-1.4488,-14.4223,0.5475,0.4525,0
2100.00,0.180,-1.4488,-13.9504,0.5475,0.4525,0
2100.00,0.200,-1.4488,-13.4785,0.5475,0.4525,0
2100.00,0.220,-1.4488,-13.0066,0.5475,0.4525,0
2100.00,0.240,-1.4488,-12.5347,0.5475,0.4525,0
2100.00,0.260,-1.4488,-12.0628,0.5475,0.4525,0
2100.00,0.280,-1.4488,-11.5909,0.5475,0.4525,0
2100.00,0.300,-1.4488,-11.1190,0.5475,0.4525,0
2100.00,0.320,-1.4488,-10.6471,0.5475,0.4525,0
2100.00,0.340,-1.4488,-10.1752,0.5475,0.4525,0
2100.00,0.360,-1.4488,-9.7034,0.5475,0.4525,0
2100.00,0.380,-1.4488,-9.2315,0.5475,0.4525,0
2100.00,0.400,-1.4488,-8.7596,0.5475,0.4525,0
2100.00,0.420,-1.4488,-8.2877,0.5475,0.4525,0
2100.00,0.440,-1.4488,-7.8158,0.5475,0.4525,0
2100.00,0.460,-1.4488,-7.3439,0.5475,0.4525,0
2100.00,0.480,-1.4488,-6.8720,0.5475,0.4525,0
2100.00,0.500,-1.4488,-6.4001,0.5475,0.4525,0
2100.00,0.520,-1.4488,-5.9282,0.5475,0.4525,0
2100.00,0.540,-1.4488,-5.4563,0.5475,0.4525,0
2100.00,0.560,-1.4488,-4.9844,0.5475,0.4525,0
2100.00,0.580,-1.4488,-4.5125,0.5475,0.4525,0
2100.00,0.600,-1.4488,-4.0406,0.5475,0.4525,0
2100.00,0.620,-1.4488,-3.5688,0.5475,0.4525,0
2100.00,0.640,-1.4488,-3.0969,0.5475,0.4525,0
2100.00,0.660,-1.4488,-2.6250,0.5475,0.4525,0
2100.00,0.680,-1.4488,-2.1531,0.5475,0.4525,0
2100.00,0.700,-1.4488,-1.6812,0.5475,0.4525,0
2100.00,0.720,-1.4488,-1.2093,0.5475,0.4525,0
2100.00,0.740,-1.4488,-0.7374,0.0149,0.9851,1
2100.00,0.760,-1.4488,-0.2655,0.0198,0.9802,1
2100.00,0.780,-1.4488,0.2064,0.0406,0.9594,1
2100.00,0.800,-1.4488,0.6783,0.0178,0.9822,1
2100.00,0.820,-1.4488,1.1502,0.0178,0.9822,1
2100.00,0.840,-1.4488,1.6221,0.2104,0.7896,1
2100.00,0.860,-1.4488,2.0940,0.2104,0.7896,1
2100.00,0.880,-1.4488,2.5658,0.2104,0.7896,1
2100.00,0.900,-1.4488,3.0377,0.2104,0.7896,1
2100.00,0.920,-1.4488,3.5096,0.2104,0.7896,1
2100.00,0.940,-1.4488,3.9815,0.2104,0.7896,1
2100.00,0.960,-1.4488,4.4534,0.2104,0.7896,1
2100.00,0.980,-1.4488,4.9253,0.2104,0.7896,1
2200.00,0.000,-1.3795,-18.1974,0.5475,0.4525,0
2200.00,0.020,-1.3795,-17.7255,0.5475,0.4525,0
2200.00,0.040,-1.3795,-17.2536,0.5475,0.4525,0
2200.00,0.060,-1.3795,-16.7817,0.5475,0.4525,0
2200.00,0.080,-1.3795,-16.3098,0.5475,0.4525,0
2200.00,0.100,-1.3795,-15.8380,0.5475,0.4525,0
2200.00,0.120,-1.3795,-15.3661,0.5475,0.4525,0
2200.00,0.140,-1.3795,-14.8942,0.5475,0.4525,0
2200.00,0.160,-1.3795,-14.4223,0.5475,0.4525,0
2200.00,0.180,-1.3795,-13.9504,0.5475,0.4525,0
2200.00,0.200,-1.3795,-13.4785,0.5475,0.4525,0
2200.00,0.220,-1.3795,-13.0066,0.5475,0.4525,0
2200.00,0.240,-1.3795,-12.5347,0.5475,0.4525,0
2200.00,0.260,-1.3795,-12.0628,0.5475,0.4525,0
2200.00,0.280,-1.3795,-11.5909,0.5475,0.4525,0
2200.00,0.300,-1.3795,-11.1190,0.5475,0.4525,0
2200.00,0.320,-1.3795,-10.6471,0.5475,0.4525,0
2200.00,0.340,-1.3795,-10.1752,0.5475,0.4525,0
2200.00,0.360,-1.3795,-9.7034,0.5475,0.4525,0
2200.00,0.380,-1.3795,-9.2315,0.5475,0.4525,0
2200.00,0.400,-1.3795,-8.7596,0.5475,0.4525,0
2200.00,0.420,-1.3795,-8.2877,0.5475,0.4525,0
2200.00,0.440,-1.3795,-7.8158,0.5475,0.4525,0
2200.00,0.460,-1.3795,-7.3439,0.5475,0.4525,0
2200.00,0.480,-1.3795,-6.8720,0.5475,0.4525,0
2200.00,0.500,-1.3795,-6.4001,0.5475,0.4525,0
2200.00,0.520,-1.3795,-5.9282,0.5475,0.4525,0
2200.00,0.540,-1.3795,-5.4563,0.5475,0.4525,0
2200.00,0.560,-1.3795,-4.9844,0.5475,0.4525,0
2200.00,0.580,-1.3795,-4.5125,0.5475,0.4525,0
2200.00,0.600,-1.3795,-4.0406,0.5475,0.4525,0
2200.00,0.620,-1.3795,-3.5688,0.5475,0.4525,0
2200.00,0.640,-1.3795,-3.0969,0.5475,0.4525,0
2200.00,0.660,-1.3795,-2.6250,0.5475,0.4525,0
2200.00,0.680,-1.3795,-2.1531,0.5475,0.4525,0
2200.00,0.700,-1.3795,-1.6812,0.5475,0.4525,0
2200.00,0.720,-1.3795,-1.2093,0.5475,0.4525,0
2200.00,0.740,-1.3795,-0.7374,0.0149,0.9851,1
2200.00,0.760,-1.3795,-0.2655,0.0198,0.9802,1
2200.00,0.780,-1.3795,0.2064,0.0406,0.9594,1
2200.00,0.800,-1.3795,0.6783,0.0178,0.9822,1
2200.00,0.820,-1.3795,1.1502,0.0178,0.9822,1
2200.00,0.840,-1.3795,1.6221,0.2104,0.7896,1
2200.00,0.860,-1.3795,2.0940,0.2104,0.7896,1
2200.00,0.880,-1.3795,2.5658,0.2104,0.7896,1
2200.00,0.900,-1.3795,3.0377,0.2104,0.7896,1
2200.00,0.920,-1.3795,3.5096,0.2104,0.7896,1
2200.00,0.940,-1.3795,3.9815,0.2104,0.7896,1
2200.00,0.960,-1.3795,4.4534,0.2104,0.7896,1
2200.00,0.980,-1.3795,4.9253,0.2104,0.7896,1
2300.00,0.000,-1.3102,-18.1974,0.6167,0.3833,0
2300.00,0.020,-1.3102,-17.7255,0.6167,0.3833,0
2300.00,0.040,-1.3102,-17.2536,0.6167,0.3833,0
2300.00,0.060,-1.3102,-16.7817,0.6167,0.3833,0
2300.00,0.080,-1.3102,-16.3098,0.6167,0.3833,0
2300.00,0.100,-1.3102,-15.8380,0.6167,0.3833,0
2300.00,0.120,-1.3102,-15.3661,0.6167,0.3833,0
2300.00,0.140,-1.3102,-14.8942,0.6167,0.3833,0
2300.00,0.160,-1.3102,-14.4223,0.6167,0.3833,0
2300.00,0.180,-1.3102,-13.9504,0.6167,0.3833,0
2300.00,0.200,-1.3102,-13.4785,0.6167,0.3833,0
2300.00,0.220,-1.3102,-13.0066,0.6167,0.3833,0
2300.00,0.240,-1.3102,-12.5347,0.6167,0.3833,0
2300.00,0.260,-1.3102,-12.0628,0.6167,0.3833,0
2300.00,0.280,-1.3102,-11.5909,0.6167,0.3833,0
2300.00,0.300,-1.3102,-11.1190,0.6167,0.3833,0
2300.00,0.320,-1.3102,-10.6471,0.6167,0.3833,0
2300.00,0.340,-1.3102,-10.1752,0.6167,0.3833,0
2300.00,0.360,-1.3102,-9.7034,0.6167,0.3833,0
2300.00,0.380,-1.3102,-9.2315,0.6167,0.3833,0
2300.00,0.400,-1.3102,-8.7596,0.6167,0.3833,0
2300.00,0.420,-1.3102,-8.2877,0.6167,0.3833,0
2300.00,0.440,-1.3102,-7.8158,0.6167,0.3833,0
2300.00,0.460,-1.3102,-7.3439,0.6167,0.3833,0
2300.00,0.480,-1.3102,-6.8720,0.6167,0.3833,0
2300.00,0.500,-1.3102,-6.4001,0.6167,0.3833,0
2300.00,0.520,-1.3102,-5.9282,0.6167,0.3833,0
2300.00,0.540,-1.3102,-5.4563,0.6167,0.3833,0
2300.00,0.560,-1.3102,-4.9844,0.6167,0.3833,0
2300.00,0.580,-1.3102,-4.5125,0.6167,0.3833,0
2300.00,0.600,-1.3102,-4.0406,0.6167,0.3833,0
2300.00,0.620,-1.3102,-3.5688,0.6167,0.3833,0
2300.00,0.640,-1.3102,-3.0969,0.6167,0.3833,0
2300.00,0.660,-1.3102,-2.6250,0.6167,0.3833,0
2300.00,0.680,-1.3102,-2.1531,0.6167,0.3833,0
2300.00,0.700,-1.3102,-1.6812,0.6167,0.3833,0
2300.00,0.720,-1.3102,-1.2093,0.6167,0.3833,0
2300.00,0.740,-1.3102,-0.7374,0.0895,0.9105,1
2300.00,0.760,-1.3102,-0.2655,0.0943,0.9057,1
2300.00,0.780,-1.3102,0.2064,0.1441,0.8559,1
2300.00,0.800,-1.3102,0.6783,0.0984,0.9016,1
2300.00,0.820,-1.3102,1.1502,0.0769,0.9231,1
2300.00,0.840,-1.3102,1.6221,0.2691,0.7309,1
2300.00,0.860,-1.3102,2.0940,0.2691,0.7309,1
2300.00,0.880,-1.3102,2.5658,0.2691,0.7309,1
2300.00,0.900,-1.3102,3.0377,0.2691,0.7309,1
2300.00,0.920,-1.3102,3.5096,0.2691,0.7309,1
2300.00,0.940,-1.3102,3.9815,0.2691,0.7309,1
2300.00,0.960,-1.3102,4.4534,0.2691,0.7309,1
2300.00,0.980,-1.3102,4.9253,0.2691,0.7309,1
2400.00,0.000,-1.2410,-18.1974,0.6641,0.3359,0
2400.00,0.020,-1.2410,-17.7255,0.6641,0.3359,0
2400.00,0.040,-1.2410,-17.2536,0.6641,0.3359,0
2400.00,0.060,-1.2410,-16.7817,0.6641,0.3359,0
2400.00,0.080,-1.2410,-16.3098,0.6641,0.3359,0
2400.00,0.100,-1.2410,-15.8380,0.6641,0.3359,0
2400.00,0.120,-1.2410,-15.3661,0.6641,0.3359,0
2400.00,0.140,-1.2410,-14.8942,0.6641,0.3359,0
2400.00,0.160,-1.2410,-14.4223,0.6641,0.3359,0
2400.00,0.180,-1.2410,-13.9504,0.6641,0.3359,0
2400.00,0.200,-1.2410,-13.4785,0.6641,0.3359,0
2400.00,0.220,-1.2410,-13.0066,0.6641,0.3359,0
2400.00,0.240,-1.2410,-12.5347,0.6641,0.3359,0
2400.00,0.260,-1.2410,-12.0628,0.6641,0.3359,0
2400.00,0.280,-1.2410,-11.5909,0.6641,0.3359,0
2400.00,0.300,-1.2410,-11.1190,0.6641,0.3359,0
2400.00,0.320,-1.2410,-10.6471,0.6641,0.3359,0
2400.00,0.340,-1.2410,-10.1752,0.6641,0.3359,0
2400.00,0.360,-1.2410,-9.7034,0.6641,0.3359,0
2400.00,0.380,-1.2410,-9.2315,0.6641,0.3359,0
2400.00,0.400,-1.2410,-8.7596,0.6641,0.3359,0
2400.00,0.420,-1.2410,-8.2877,0.6641,0.3359,0
2400.00,0.440,-1.2410,-7.8158,0.6641,0.3359,0
2400.00,0.460,-1.2410,-7.3439,0.6641,0.3359,0
2400.00,0.480,-1.2410,-6.8720,0.6641,0.3359,0
2400.00,0.500,-1.2410,-6.4001,0.6641,0.3359,0
2400.00,0.520,-1.2410,-5.9282,0.6641,0.3359,0
2400.00,0.540,-1.2410,-5.4563,0.6641,0.3359,0
2400.00,0.560,-1.2410,-4.9844,0.6641,0.3359,0
2400.00,0.580,-1.2410,-4.5125,0.6641,0.3359,0
2400.00,0.600,-1.2410,-4.0406,0.6641,0.3359,0
2400.00,0.620,-1.2410,-3.5688,0.6641,0.3359,0
2400.00,0.640,-1.2410,-3.0969,0.6641,0.3359,0
2400.00,0.660,-1.2410,-2.6250,0.6641,0.3359,0
2400.00,0.680,-1.2410,-2.1531,0.6641,0.3359,0
2400.00,0.700,-1.2410,-1.6812,0.6641,0.3359,0
2400.00,0.720,-1.2410,-1.2093,0.6641,0.3359,0
2400.00,0.740,-1.2410,-0.7374,0.0620,0.9380,1
2400.00,0.760,-1.2410,-0.2655,0.0669,0.9331,1
2400.00,0.780,-1.2410,0.2064,0.1166,0.8834,1
2400.00,0.800,-1.2410,0.6783,0.0710,0.9290,1
2400.00,0.820,-1.2410,1.1502,0.0494,0.9506,1
2400.00,0.840,-1.2410,1.6221,0.2884,0.7116,1
2400.00,0.860,-1.2410,2.0940,0.2884,0.7116,1
2400.00,0.880,-1.2410,2.5658,0.2884,0.7116,1
2400.00,0.900,-1.2410,3.0377,0.2884,0.7116,1
2400.00,0.920,-1.2410,3.5096,0.2884,0.7116,1
2400.00,0.940,-1.2410,3.9815,0.2884,0.7116,1
2400.00,0.960,-1.2410,4.4534,0.2884,0.7116,1
2400.00,0.980,-1.2410,4.9253,0.2884,0.7116,1
2500.00,0.000,-1.1717,-18.1974,0.6641,0.3359,0
2500.00,0.020,-1.1717,-17.7255,0.6641,0.3359,0
2500.00,0.040,-1.1717,-17.2536,0.6641,0.3359,0
2500.00,0.060,-1.1717,-16.7817,0.6641,0.3359,0
2500.00,0.080,-1.1717,-16.3098,0.6641,0.3359,0
2500.00,0.100,-1.1717,-15.8380,0.6641,0.3359,0
2500.00,0.120,-1.1717,-15.3661,0.6641,0.3359,0
2500.00,0.140,-1.1717,-14.8942,0.6641,0.3359,0
2500.00,0.160,-1.1717,-14.4223,0.6641,0.3359,0
2500.00,0.180,-1.1717,-13.9504,0.6641,0.3359,0
2500.00,0.200,-1.1717,-13.4785,0.6641,0.3359,0
2500.00,0.220,-1.1717,-13.0066,0.6641,0.3359,0
2500.00,0.240,-1.1717,-12.5347,0.6641,0.3359,0
2500.00,0.260,-1.1717,-12.0628,0.6641,0.3359,0
2500.00,0.280,-1.1717,-11.5909,0.6641,0.3359,0
2500.00,0.300,-1.1717,-11.1190,0.6641,0.3359,0
2500.00,0.320,-1.1717,-10.6471,0.6641,0.3359,0
2500.00,0.340,-1.1717,-10.1752,0.6641,0.3359,0
2500.00,0.360,-1.1717,-9.7034,0.6641,0.3359,0
2500.00,0.380,-1.1717,-9.2315,0.6641,0.3359,0
2500.00,0.400,-1.1717,-8.7596,0.6641,0.3359,0
2500.00,0.420,-1.1717,-8.2877,0.6641,0.3359,0
2500.00,0.440,-1.1717,-7.8158,0.6641,0.3359,0
2500.00,0.460,-1.1717,-7.3439,0.6641,0.3359,0
2500.00,0.480,-1.1717,-6.8720,0.6641,0.3359,0
2500.00,0.500,-1.1717,-6.4001,0.6641,0.3359,0
2500.00,0.520,-1.1717,-5.9282,0.6641,0.3359,0
2500.00,0.540,-1.1717,-5.4563,0.6641,0.3359,0
2500.00,0.560,-1.1717,-4.9844,0.6641,0.3359,0
2500.00,0.580,-1.1717,-4.5125,0.6641,0.3359,0
2500.00,0.600,-1.1717,-4.0406,0.6641,0.3359,0
2500.00,0.620,-1.1717,-3.5688,0.6641,0.3359,0
2500.00,0.640,-1.1717,-3.0969,0.6641,0.3359,0
2500.00,0.660,-1.1717,-2.6250,0.6641,0.3359,0
2500.00,0.680,-1.1717,-2.1531,0.6641,0.3359,0
2500.00,0.700,-1.1717,-1.6812,0.6641,0.3359,0
2500.00,0.720,-1.1717,-1.2093,0.6641,0.3359,0
2500.00,0.740,-1.1717,-0.7374,0.0620,0.9380,1
2500.00,0.760,-1.1717,-0.2655,0.0669,0.9331,1
2500.00,0.780,-1.1717,0.2064,0.1166,0.8834,1
2500.00,0.800,-1.1717,0.6783,0.0710,0.9290,1
2500.00,0.820,-1.1717,1.1502,0.0494,0.9506,1
2500.00,0.840,-1.1717,1.6221,0.2884,0.7116,1
2500.00,0.860,-1.1717,2.0940,0.2884,0.7116,1
2500.00,0.880,-1.1717,2.5658,0.2884,0.7116,1
2500.00,0.900,-1.1717,3.0377,0.2884,0.7116,1
2500.00,0.920,-1.1717,3.5096,0.2884,0.7116,1
2500.00,0.940,-1.1717,3.9815,0.2884,0.7116,1
2500.00,0.960,-1.1717,4.4534,0.2884,0.7116,1
2500.00,0.980,-1.1717,4.9253,0.2884,0.7116,1
2600.00,0.000,-1.1024,-18.1974,0.6641,0.3359,0
2600.00,0.020,-1.1024,-17.7255,0.6641,0.3359,0
2600.00,0.040,-1.1024,-17.2536,0.6641,0.3359,0
2600.00,0.060,-1.1024,-16.7817,0.6641,0.3359,0
2600.00,0.080,-1.1024,-16.3098,0.6641,0.3359,0
2600.00,0.100,-1.1024,-15.8380,0.6641,0.3359,0
2600.00,0.120,-1.1024,-15.3661,0.6641,0.3359,0
2600.00,0.140,-1.1024,-14.8942,0.6641,0.3359,0
2600.00,0.160,-1.1024,-14.4223,0.6641,0.3359,0
2600.00,0.180,-1.1024,-13.9504,0.6641,0.3359,0
2600.00,0.200,-1.1024,-13.4785,0.6641,0.3359,0
2600.00,0.220,-1.1024,-13.0066,0.6641,0.3359,0
2600.00,0.240,-1.1024,-12.5347,0.6641,0.3359,0
2600.00,0.260,-1.1024,-12.0628,0.6641,0.3359,0
2600.00,0.280,-1.1024,-11.5909,0.6641,0.3359,0
2600.00,0.300,-1.1024,-11.1190,0.6641,0.3359,0
2600.00,0.320,-1.1024,-10.6471,0.6641,0.3359,0
2600.00,0.340,-1.1024,-10.1752,0.6641,0.3359,0
2600.00,0.360,-1.1024,-9.7034,0.6641,0.3359,0
2600.00,0.380,-1.1024,-9.2315,0.6641,0.3359,0
2600.00,0.400,-1.1024,-8.7596,0.6641,0.3359,0
2600.00,0.420,-1.1024,-8.2877,0.6641,0.3359,0
2600.00,0.440,-1.1024,-7.8158,0.6641,0.3359,0
2600.00,0.460,-1.1024,-7.3439,0.6641,0.3359,0
2600.00,0.480,-1.1024,-6.8720,0.6641,0.3359,0
2600.00,0.500,-1.1024,-6.4001,0.6641,0.3359,0
2600.00,0.520,-1.1024,-5.9282,0.6641,0.3359,0
2600.00,0.540,-1.1024,-5.4563,0.6641,0.3359,0
2600.00,0.560,-1.1024,-4.9844,0.6641,0.3359,0
2600.00,0.580,-1.1024,-4.5125,0.6641,0.3359,0
2600.00,0.600,-1.1024,-4.0406,0.6641,0.3359,0
2600.00,0.620,-1.1024,-3.5688,0.6641,0.3359,0
2600.00,0.640,-1.1024,-3.0969,0.6641,0.3359,0
2600.00,0.660,-1.1024,-2.6250,0.6641,0.3359,0
2600.00,0.680,-1.1024,-2.1531,0.6641,0.3359,0
2600.00,0.700,-1.1024,-1.6812,0.6641,0.3359,0
2600.00,0.720,-1.1024,-1.2093,0.6641,0.3359,0
2600.00,0.740,-1.1024,-0.7374,0.0620,0.9380,1
2600.00,0.760,-1.1024,-0.2655,0.0669,0.9331,1
2600.00,0.780,-1.1024,0.2064,0.1166,0.8834,1
2600.00,0.800,-1.1024,0.6783,0.0710,0.9290,1
2600.00,0.820,-1.1024,1.1502,0.0494,0.9506,1
2600.00,0.840,-1.1024,1.6221,0.2884,0.7116,1
2600.00,0.860,-1.1024,2.0940,0.2884,0.7116,1
2600.00,0.880,-1.1024,2.5658,0.2884,0.7116,1
2600.00,0.900,-1.1024,3.0377,0.2884,0.7116,1
2600.00,0.920,-1.1024,3.5096,0.2884,0.7116,1
2600.00,0.940,-1.1024,3.9815,0.2884,0.7116,1
2600.00,0.960,-1.1024,4.4534,0.2884,0.7116,1
2600.00,0.980,-1.1024,4.9253,0.2884,0.7116,1
2700.00,0.000,-1.0331,-18.1974,0.6476,0.3524,0
2700.00,0.020,-1.0331,-17.7255,0.6476,0.3524,0
2700.00,0.040,-1.0331,-17.2536,0.6476,0.3524,0
2700.00,0.060,-1.0331,-16.7817,0.6476,0.3524,0
2700.00,0.080,-1.0331,-16.3098,0.6476,0.3524,0
2700.00,0.100,-1.0331,-15.8380,0.6476,0.3524,0
2700.00,0.120,-1.0331,-15.3661,0.6476,0.3524,0
2700.00,0.140,-1.0331,-14.8942,0.6476,0.3524,0
2700.00,0.160,-1.0331,-14.4223,0.6476,0.3524,0
2700.00,0.180,-1.0331,-13.9504,0.6476,0.3524,0
2700.00,0.200,-1.0331,-13.4785,0.6476,0.3524,0
2700.00,0.220,-1.0331,-13.0066,0.6476,0.3524,0
2700.00,0.240,-1.0331,-12.5347,0.6476,0.3524,0
2700.00,0.260,-1.0331,-12.0628,0.6476,0.3524,0
2700.00,0.280,-1.0331,-11.5909,0.6476,0.3524,0
2700.00,0.300,-1.0331,-11.1190,0.6476,0.3524,0
2700.00,0.320,-1.0331,-10.6471,0.6476,0.3524,0
2700.00,0.340,-1.0331,-10.1752,0.6476,0.3524,0
2700.00,0.360,-1.0331,-9.7034,0.6476,0.3524,0
2700.00,0.380,-1.0331,-9.2315,0.6476,0.3524,0
2700.00,0.400,-1.0331,-8.7596,0.6476,0.3524,0
2700.00,0.420,-1.0331,-8.2877,0.6476,0.3524,0
2700.00,0.440,-1.0331,-7.8158,0.6476,0.3524,0
2700.00,0.460,-1.0331,-7.3439,0.6476,0.3524,0
2700.00,0.480,-1.0331,-6.8720,0.6476,0.3524,0
2700.00,0.500,-1.0331,-6.4001,0.6476,0.3524,0
2700.00,0.520,-1.0331,-5.9282,0.6476,0.3524,0
2700.00,0.540,-1.0331,-5.4563,0.6476,0.3524,0
2700.00,0.560,-1.0331,-4.9844,0.6476,0.3524,0
2700.00,0.580,-1.0331,-4.5125,0.6476,0.3524,0
2700.00,0.600,-1.0331,-4.0406,0.6476,0.3524,0
2700.00,0.620,-1.0331,-3.5688,0.6476,0.3524,0
2700.00,0.640,-1.0331,-3.0969,0.6476,0.3524,0
2700.00,0.660,-1.0331,-2.6250,0.6476,0.3524,0
2700.00,0.680,-1.0331,-2.1531,0.6476,0.3524,0
2700.00,0.700,-1.0331,-1.6812,0.6476,0.3524,0
2700.00,0.720,-1.0331,-1.2093,0.6476,0.3524,0
2700.00,0.740,-1.0331,-0.7374,0.0456,0.9544,1
2700.00,0.760,-1.0331,-0.2655,0.0504,0.9496,1
2700.00,0.780,-1.0331,0.2064,0.1001,0.8999,1
2700.00,0.800,-1.0331,0.6783,0.0545,0.9455,1
2700.00,0.820,-1.0331,1.1502,0.0530,0.9470,1
2700.00,0.840,-1.0331,1.6221,0.3084,0.6916,1
2700.00,0.860,-1.0331,2.0940,0.3084,0.6916,1
2700.00,0.880,-1.0331,2.5658,0.3084,0.6916,1
2700.00,0.900,-1.0331,3.0377,0.3084,0.6916,1
2700.00,0.920,-1.0331,3.5096,0.3084,0.6916,1
2700.00,0.940,-1.0331,3.9815,0.3084,0.6916,1
2700.00,0.960,-1.0331,4.4534,0.3084,0.6916,1
2700.00,0.980,-1.0331,4.9253,0.3084,0.6916,1
2800.00,0.000,-0.9638,-18.1974,0.7894,0.2106,0
2800.00,0.020,-0.9638,-17.7255,0.7894,0.2106,0
2800.00,0.040,-0.9638,-17.2536,0.7894,0.2106,0
2800.00,0.060,-0.9638,-16.7817,0.7894,0.2106,0
2800.00,0.080,-0.9638,-16.3098,0.7894,0.2106,0
2800.00,0.100,-0.9638,-15.8380,0.7894,0.2106,0
2800.00,0.120,-0.9638,-15.3661,0.7894,0.2106,0
2800.00,0.140,-0.9638,-14.8942,0.7894,0.2106,0
2800.00,0.160,-0.9638,-14.4223,0.7894,0.2106,0
2800.00,0.180,-0.9638,-13.9504,0.7894,0.2106,0
2800.00,0.200,-0.9638,-13.4785,0.7894,0.2106,0
2800.00,0.220,-0.9638,-13.0066,0.7894,0.2106,0
2800.00,0.240,-0.9638,-12.5347,0.7894,0.2106,0
2800.00,0.260,-0.9638,-12.0628,0.7894,0.2106,0
2800.00,0.280,-0.9638,-11.5909,0.7894,0.2106,0
2800.00,0.300,-0.9638,-11.1190,0.7894,0.2106,0
2800.00,0.320,-0.9638,-10.6471,0.7894,0.2106,0
2800.00,0.340,-0.9638,-10.1752,0.7894,0.2106,0
2800.00,0.360,-0.9638,-9.7034,0.7894,0.2106,0
2800.00,0.380,-0.9638,-9.2315,0.7894,0.2106,0
2800.00,0.400,-0.9638,-8.7596,0.7894,0.2106,0
2800.00,0.420,-0.9638,-8.2877,0.7894,0.2106,0
2800.00,0.440,-0.9638,-7.8158,0.7894,0.2106,0
2800.00,0.460,-0.9638,-7.3439,0.7894,0.2106,0
2800.00,0.480,-0.9638,-6.8720,0.7894,0.2106,0
2800.00,0.500,-0.9638,-6.4001,0.7894,0.2106,0
2800.00,0.520,-0.9638,-5.9282,0.7894,0.2106,0
2800.00,0.540,-0.9638,-5.4563,0.7894,0.2106,0
2800.00,0.560,-0.9638,-4.9844,0.7894,0.2106,0
2800.00,0.580,-0.9638,-4.5125,0.7894,0.2106,0
2800.00,0.600,-0.9638,-4.0406,0.7894,0.2106,0
2800.00,0.620,-0.9638,-3.5688,0.7894,0.2106,0
2800.00,0.640,-0.9638,-3.0969,0.7894,0.2106,0
2800.00,0.660,-0.9638,-2.6250,0.7894,0.2106,0
2800.00,0.680,-0.9638,-2.1531,0.7894,0.2106,0
2800.00,0.700,-0.9638,-1.6812,0.7894,0.2106,0
2800.00,0.720,-0.9638,-1.2093,0.7894,0.2106,0
2800.00,0.740,-0.9638,-0.7374,0.1791,0.8209,1
2800.00,0.760,-0.9638,-0.2655,0.1839,0.8161,1
2800.00,0.780,-0.9638,0.2064,0.2321,0.7679,1
2800.00,0.800,-0.9638,0.6783,0.1919,0.8081,1
2800.00,0.820,-0.9638,1.1502,0.2314,0.7686,1
2800.00,0.840,-0.9638,1.6221,0.6452,0.3548,0
2800.00,0.860,-0.9638,2.0940,0.6452,0.3548,0
2800.00,0.880,-0.9638,2.5658,0.6452,0.3548,0
2800.00,0.900,-0.9638,3.0377,0.6452,0.3548,0
2800.00,0.920,-0.9638,3.5096,0.6452,0.3548,0
2800.00,0.940,-0.9638,3.9815,0.6452,0.3548,0
2800.00,0.960,-0.9638,4.4534,0.6452,0.3548,0
2800.00,0.980,-0.9638,4.9253,0.6452,0.3548,0
2900.00,0.000,-0.8945,-18.1974,0.7894,0.2106,0
2900.00,0.020,-0.8945,-17.7255,0.7894,0.2106,0
2900.00,0.040,-0.8945,-17.2536,0.7894,0.2106,0
2900.00,0.060,-0.8945,-16.7817,0.7894,0.2106,0
2900.00,0.080,-0.8945,-16.3098,0.7894,0.2106,0
2900.00,0.100,-0.8945,-15.8380,0.7894,0.2106,0
2900.00,0.120,-0.8945,-15.3661,0.7894,0.2106,0
2900.00,0.140,-0.8945,-14.8942,0.7894,0.2106,0
2900.00,0.160,-0.8945,-14.4223,0.7894,0.2106,0
2900.00,0.180,-0.8945,-13.9504,0.7894,0.2106,0
2900.00,0.200,-0.8945,-13.4785,0.7894,0.2106,0
2900.00,0.220,-0.8945,-13.0066,0.7894,0.2106,0
2900.00,0.240,-0.8945,-12.5347,0.7894,0.2106,0
2900.00,0.260,-0.8945,-12.0628,0.7894,0.2106,0
2900.00,0.280,-0.8945,-11.5909,0.7894,0.2106,0
2900.00,0.300,-0.8945,-11.1190,0.7894,0.2106,0
2900.00,0.320,-0.8945,-10.6471,0.7894,0.2106,0
2900.00,0.340,-0.8945,-10.1752,0.7894,0.2106,0
2900.00,0.360,-0.8945,-9.7034,0.7894,0.2106,0
2900.00,0.380,-0.8945,-9.2315,0.7894,0.2106,0
2900.00,0.400,-0.8945,-8.7596,0.7894,0.2106,0
2900.00,0.420,-0.8945,-8.2877,0.7894,0.2106,0
2900.00,0.440,-0.8945,-7.8158,0.7894,0.2106,0
2900.00,0.460,-0.8945,-7.3439,0.7894,0.2106,0
2900.00,0.480,-0.8945,-6.8720,0.7894,0.2106,0
2900.00,0.500,-0.8945,-6.4001,0.7894,0.2106,0
2900.00,0.520,-0.8945,-5.9282,0.7894,0.2106,0
2900.00,0.540,-0.8945,-5.4563,0.7894,0.2106,0
2900.00,0.560,-0.8945,-4.9844,0.7894,0.2106,0
2900.00,0.580,-0.8945,-4.5125,0.7894,0.2106,0
2900.00,0.600,-0.8945,-4.0406,0.7894,0.2106,0
2900.00,0.620,-0.8945,-3.5688,0.7894,0.2106,0
2900.00,0.640,-0.8945,-3.0969,0.7894,0.2106,0
2900.00,0.660,-0.8945,-2.6250,0.7894,0.2106,0
2900.00,0.680,-0.8945,-2.1531,0.7894,0.2106,0
2900.00,0.700,-0.8945,-1.6812,0.7894,0.2106,0
2900.00,0.720,-0.8945,-1.2093,0.7894,0.2106,0
2900.00,0.740,-0.8945,-0.7374,0.1791,0.8209,1
2900.00,0.760,-0.8945,-0.2655,0.1839,0.8161,1
2900.00,0.780,-0.8945,0.2064,0.2321,0.7679,1
2900.00,0.800,-0.8945,0.6783,0.1919,0.8081,1
2900.00,0.820,-0.8945,1.1502,0.2314,0.7686,1
2900.00,0.840,-0.8945,1.6221,0.6652,0.3348,0
2900.00,0.860,-0.8945,2.0940,0.6652,0.3348,0
2900.00,0.880,-0.8945,2.5658,0.6652,0.3348,0
2900.00,0.900,-0.8945,3.0377,0.6652,0.3348,0
2900.00,0.920,-0.8945,3.5096,0.6652,0.3348,0
2900.00,0.940,-0.8945,3.9815,0.6652,0.3348,0
2900.00,0.960,-0.8945,4.4534,0.6652,0.3348,0
2900.00,0.980,-0.8945,4.9253,0.6652,0.3348,0
3000.00,0.000,-0.8253,-18.1974,0.6977,0.3023,0
3000.00,0.020,-0.8253,-17.7255,0.6977,0.3023,0
3000.00,0.040,-0.8253,-17.2536,0.6977,0.3023,0
3000.00,0.060,-0.8253,-16.7817,0.6977,0.3023,0
3000.00,0.080,-0.8253,-16.3098,0.6977,0.3023,0
3000.00,0.100,-0.8253,-15.8380,0.6977,0.3023,0
3000.00,0.120,-0.8253,-15.3661,0.6977,0.3023,0
3000.00,0.140,-0.8253,-14.8942,0.6977,0.3023,0
3000.00,0.160,-0.8253,-14.4223,0.6977,0.3023,0
3000.00,0.180,-0.8253,-13.9504,0.6977,0.3023,0
3000.00,0.200,-0.8253,-13.4785,0.6977,0.3023,0
3000.00,0.220,-0.8253,-13.0066,0.6977,0.3023,0
3000.00,0.240,-0.8253,-12.5347,0.6977,0.3023,0
3000.00,0.260,-0.8253,-12.0628,0.6977,0.3023,0
3000.00,0.280,-0.8253,-11.5909,0.6977,0.3023,0
3000.00,0.300,-0.8253,-11.1190,0.6977,0.3023,0
3000.00,0.320,-0.8253,-10.6471,0.6977,0.3023,0
3000.00,0.340,-0.8253,-10.1752,0.6977,0.3023,0
3000.00,0.360,-0.8253,-9.7034,0.6977,0.3023,0
3000.00,0.380,-0.8253,-9.2315,0.6977,0.3023,0
3000.00,0.400,-0.8253,-8.7596,0.6977,0.3023,0
3000.00,0.420,-0.8253,-8.2877,0.6977,0.3023,0
3000.00,0.440,-0.8253,-7.8158,0.6977,0.3023,0
3000.00,0.460,-0.8253,-7.3439,0.6977,0.3023,0
3000.00,0.480,-0.8253,-6.8720,0.6977,0.3023,0
3000.00,0.500,-0.8253,-6.4001,0.6977,0.3023,0
3000.00,0.520,-0.8253,-5.9282,0.6977,0.3023,0
3000.00,0.540,-0.8253,-5.4563,0.6977,0.3023,0
3000.00,0.560,-0.8253,-4.9844,0.6977,0.3023,0
3000.00,0.580,-0.8253,-4.5125,0.6977,0.3023,0
3000.00,0.600,-0.8253,-4.0406,0.6977,0.3023,0
3000.00,0.620,-0.8253,-3.5688,0.6977,0.3023,0
3000.00,0.640,-0.8253,-3.0969,0.6977,0.3023,0
3000.00,0.660,-0.8253,-2.6250,0.6977,0.3023,0
3000.00,0.680,-0.8253,-2.1531,0.6977,0.3023,0
3000.00,0.700,-0.8253,-1.6812,0.6977,0.3023,0
3000.00,0.720,-0.8253,-1.2093,0.6977,0.3023,0
3000.00,0.740,-0.8253,-0.7374,0.0693,0.9307,1
3000.00,0.760,-0.8253,-0.2655,0.0741,0.9259,1
3000.00,0.780,-0.8253,0.2064,0.1223,0.8777,1
3000.00,0.800,-0.8253,0.6783,0.0821,0.9179,1
3000.00,0.820,-0.8253,1.1502,0.1216,0.8784,1
3000.00,0.840,-0.8253,1.6221,0.5976,0.4024,0
3000.00,0.860,-0.8253,2.0940,0.5976,0.4024,0
3000.00,0.880,-0.8253,2.5658,0.5976,0.4024,0
3000.00,0.900,-0.8253,3.0377,0.5976,0.4024,0
3000.00,0.920,-0.8253,3.5096,0.5976,0.4024,0
3000.00,0.940,-0.8253,3.9815,0.5976,0.4024,0
3000.00,0.960,-0.8253,4.4534,0.5976,0.4024,0
3000.00,0.980,-0.8253,4.9253,0.5976,0.4024,0
3100.00,0.000,-0.7560,-18.1974,0.7111,0.2889,0
3100.00,0.020,-0.7560,-17.7255,0.7111,0.2889,0
3100.00,0.040,-0.7560,-17.2536,0.7111,0.2889,0
3100.00,0.060,-0.7560,-16.7817,0.7111,0.2889,0
3100.00,0.080,-0.7560,-16.3098,0.7111,0.2889,0
3100.00,0.100,-0.7560,-15.8380,0.7111,0.2889,0
3100.00,0.120,-0.7560,-15.3661,0.7111,0.2889,0
3100.00,0.140,-0.7560,-14.8942,0.7111,0.2889,0
3100.00,0.160,-0.7560,-14.4223,0.7111,0.2889,0
3100.00,0.180,-0.7560,-13.9504,0.7111,0.2889,0
3100.00,0.200,-0.7560,-13.4785,0.7111,0.2889,0
3100.00,0.220,-0.7560,-13.0066,0.7111,0.2889,0
3100.00,0.240,-0.7560,-12.5347,0.7111,0.2889,0
3100.00,0.260,-0.7560,-12.0628,0.7111,0.2889,0
3100.00,0.280,-0.7560,-11.5909,0.7111,0.2889,0
3100.00,0.300,-0.7560,-11.1190,0.7111,0.2889,0
3100.00,0.320,-0.7560,-10.6471,0.7111,0.2889,0
3100.00,0.340,-0.7560,-10.1752,0.7111,0.2889,0
3100.00,0.360,-0.7560,-9.7034,0.7111,0.2889,0
3100.00,0.380,-0.7560,-9.2315,0.7111,0.2889,0
3100.00,0.400,-0.7560,-8.7596,0.7111,0.2889,0
3100.00,0.420,-0.7560,-8.2877,0.7111,0.2889,0
3100.00,0.440,-0.7560,-7.8158,0.7111,0.2889,0
3100.00,0.460,-0.7560,-7.3439,0.7111,0.2889,0
3100.00,0.480,-0.7560,-6.8720,0.7111,0.2889,0
3100.00,0.500,-0.7560,-6.4001,0.7111,0.2889,0
3100.00,0.520,-0.7560,-5.9282,0.7111,0.2889,0
3100.00,0.540,-0.7560,-5.4563,0.7111,0.2889,0
3100.00,0.560,-0.7560,-4.9844,0.7111,0.2889,0
3100.00,0.580,-0.7560,-4.5125,0.7111,0.2889,0
3100.00,0.600,-0.7560,-4.0406,0.7111,0.2889,0
3100.00,0.620,-0.7560,-3.5688,0.7111,0.2889,0
3100.00,0.640,-0.7560,-3.0969,0.7111,0.2889,0
3100.00,0.660,-0.7560,-2.6250,0.7111,0.2889,0
3100.00,0.680,-0.7560,-2.1531,0.7111,0.2889,0
3100.00,0.700,-0.7560,-1.6812,0.7111,0.2889,0
3100.00,0.720,-0.7560,-1.2093,0.7111,0.2889,0
3100.00,0.740,-0.7560,-0.7374,0.0573,0.9427,1
3100.00,0.760,-0.7560,-0.2655,0.0622,0.9378,1
3100.00,0.780,-0.7560,0.2064,0.0904,0.9096,1
3100.00,0.800,-0.7560,0.6783,0.0702,0.9298,1
3100.00,0.820,-0.7560,1.1502,0.1097,0.8903,1
3100.00,0.840,-0.7560,1.6221,0.6105,0.3895,0
3100.00,0.860,-0.7560,2.0940,0.6105,0.3895,0
3100.00,0.880,-0.7560,2.5658,0.6105,0.3895,0
3100.00,0.900,-0.7560,3.0377,0.6105,0.3895,0
3100.00,0.920,-0.7560,3.5096,0.6105,0.3895,0
3100.00,0.940,-0.7560,3.9815,0.6105,0.3895,0
3100.00,0.960,-0.7560,4.4534,0.6105,0.3895,0
3100.00,0.980,-0.7560,4.9253,0.6105,0.3895,0
3200.00,0.000,-0.6867,-18.1974,0.7111,0.2889,0
3200.00,0.020,-0.6867,-17.7255,0.7111,0.2889,0
3200.00,0.040,-0.6867,-17.2536,0.7111,0.2889,0
3200.00,0.060,-0.6867,-16.7817,0.7111,0.2889,0
3200.00,0.080,-0.6867,-16.3098,0.7111,0.2889,0
3200.00,0.100,-0.6867,-15.8380,0.7111,0.2889,0
3200.00,0.120,-0.6867,-15.3661,0.7111,0.2889,0
3200.00,0.140,-0.6867,-14.8942,0.7111,0.2889,0
3200.00,0.160,-0.6867,-14.4223,0.7111,0.2889,0
3200.00,0.180,-0.6867,-13.9504,0.7111,0.2889,0
3200.00,0.200,-0.6867,-13.4785,0.7111,0.2889,0
3200.00,0.220,-0.6867,-13.0066,0.7111,0.2889,0
3200.00,0.240,-0.6867,-12.5347,0.7111,0.2889,0
3200.00,0.260,-0.6867,-12.0628,0.7111,0.2889,0
3200.00,0.280,-0.6867,-11.5909,0.7111,0.2889,0
3200.00,0.300,-0.6867,-11.1190,0.7111,0.2889,0
3200.00,0.320,-0.6867,-10.6471,0.7111,0.2889,0
3200.00,0.340,-0.6867,-10.1752,0.7111,0.2889,0
3200.00,0.360,-0.6867,-9.7034,0.7111,0.2889,0
3200.00,0.380,-0.6867,-9.2315,0.7111,0.2889,0
3200.00,0.400,-0.6867,-8.7596,0.7111,0.2889,0
3200.00,0.420,-0.6867,-8.2877,0.7111,0.2889,0
3200.00,0.440,-0.6867,-7.8158,0.7111,0.2889,0
3200.00,0.460,-0.6867,-7.3439,0.7111,0.2889,0
3200.00,0.480,-0.6867,-6.8720,0.7111,0.2889,0
3200.00,0.500,-0.6867,-6.4001,0.7111,0.2889,0
3200.00,0.520,-0.6867,-5.9282,0.7111,0.2889,0
3200.00,0.540,-0.6867,-5.4563,0.7111,0.2889,0
3200.00,0.560,-0.6867,-4.9844,0.7111,0.2889,0
3200.00,0.580,-0.6867,-4.5125,0.7111,0.2889,0
3200.00,0.600,-0.6867,-4.0406,0.7111,0.2889,0
3200.00,0.620,-0.6867,-3.5688,0.7111,0.2889,0
3200.00,0.640,-0.6867,-3.0969,0.7111,0.2889,0
3200.00,0.660,-0.6867,-2.6250,0.7111,0.2889,0
3200.00,0.680,-0.6867,-2.1531,0.7111,0.2889,0
3200.00,0.700,-0.6867,-1.6812,0.7111,0.2889,0
3200.00,0.720,-0.6867,-1.2093,0.7111,0.2889,0
3200.00,0.740,-0.6867,-0.7374,0.0573,0.9427,1
3200.00,0.760,-0.6867,-0.2655,0.0622,0.9378,1
3200.00,0.780,-0.6867,0.2064,0.0904,0.9096,1
3200.00,0.800,-0.6867,0.6783,0.0702,0.9298,1
3200.00,0.820,-0.6867,1.1502,0.1097,0.8903,1
3200.00,0.840,-0.6867,1.6221,0.6105,0.3895,0
3200.00,0.860,-0.6867,2.0940,0.6105,0.3895,0
3200.00,0.880,-0.6867,2.5658,0.6105,0.3895,0
3200.00,0.900,-0.6867,3.0377,0.6105,0.3895,0
3200.00,0.920,-0.6867,3.5096,0.6105,0.3895,0
3200.00,0.940,-0.6867,3.9815,0.6105,0.3895,0
3200.00,0.960,-0.6867,4.4534,0.6105,0.3895,0
3200.00,0.980,-0.6867,4.9253,0.6105,0.3895,0
3300.00,0.000,-0.6174,-18.1974,0.7111,0.2889,0
3300.00,0.020,-0.6174,-17.7255,0.7111,0.2889,0
3300.00,0.040,-0.6174,-17.2536,0.7111,0.2889,0
3300.00,0.060,-0.6174,-16.7817,0.7111,0.2889,0
3300.00,0.080,-0.6174,-16.3098,0.7111,0.2889,0
3300.00,0.100,-0.6174,-15.8380,0.7111,0.2889,0
3300.00,0.120,-0.6174,-15.3661,0.7111,0.2889,0
3300.00,0.140,-0.6174,-14.8942,0.7111,0.2889,0
3300.00,0.160,-0.6174,-14.4223,0.7111,0.2889,0
3300.00,0.180,-0.6174,-13.9504,0.7111,0.2889,0
3300.00,0.200,-0.6174,-13.4785,0.7111,0.2889,0
3300.00,0.220,-0.6174,-13.0066,0.7111,0.2889,0
3300.00,0.240,-0.6174,-12.5347,0.7111,0.2889,0
3300.00,0.260,-0.6174,-12.0628,0.7111,0.2889,0
3300.00,0.280,-0.6174,-11.5909,0.7111,0.2889,0
3300.00,0.300,-0.6174,-11.1190,0.7111,0.2889,0
3300.00,0.320,-0.6174,-10.6471,0.7111,0.2889,0
3300.00,0.340,-0.6174,-10.1752,0.7111,0.2889,0
3300.00,0.360,-0.6174,-9.7034,0.7111,0.2889,0
3300.00,0.380,-0.6174,-9.2315,0.7111,0.2889,0
3300.00,0.400,-0.6174,-8.7596,0.7111,0.2889,0
3300.00,0.420,-0.6174,-8.2877,0.7111,0.2889,0
3300.00,0.440,-0.6174,-7.8158,0.7111,0.2889,0
3300.00,0.460,-0.6174,-7.3439,0.7111,0.2889,0
3300.00,0.480,-0.6174,-6.8720,0.7111,0.2889,0
3300.00,0.500,-0.6174,-6.4001,0.7111,0.2889,0
3300.00,0.520,-0.6174,-5.9282,0.7111,0.2889,0
3300.00,0.540,-0.6174,-5.4563,0.7111,0.2889,0
3300.00,0.560,-0.6174,-4.9844,0.7111,0.2889,0
3300.00,0.580,-0.6174,-4.5125,0.7111,0.2889,0
3300.00,0.600,-0.6174,-4.0406,0.7111,0.2889,0
3300.00,0.620,-0.6174,-3.5688,0.7111,0.2889,0
3300.00,0.640,-0.6174,-3.0969,0.7111,0.2889,0
3300.00,0.660,-0.6174,-2.6250,0.7111,0.2889,0
3300.00,0.680,-0.6174,-2.1531,0.7111,0.2889,0
3300.00,0.700,-0.6174,-1.6812,0.7111,0.2889,0
3300.00,0.720,-0.6174,-1.2093,0.7111,0.2889,0
3300.00,0.740,-0.6174,-0.7374,0.0573,0.9427,1
3300.00,0.760,-0.6174,-0.2655,0.0622,0.9378,1
3300.00,0.780,-0.6174,0.2064,0.0904,0.9096,1
3300.00,0.800,-0.6174,0.6783,0.0702,0.9298,1
3300.00,0.820,-0.6174,1.1502,0.1097,0.8903,1
3300.00,0.840,-0.6174,1.6221,0.6105,0.3895,0
3300.00,0.860,-0.6174,2.0940,0.6105,0.3895,0
3300.00,0.880,-0.6174,2.5658,0.6105,0.3895,0
3300.00,0.900,-0.6174,3.0377,0.6105,0.3895,0
3300.00,0.920,-0.6174,3.5096,0.6105,0.3895,0
3300.00,0.940,-0.6174,3.9815,0.6105,0.3895,0
3300.00,0.960,-0.6174,4.4534,0.6105,0.3895,0
3300.00,0.980,-0.6174,4.9253,0.6105,0.3895,0
3400.00,0.000,-0.5481,-18.1974,0.7111,0.2889,0
3400.00,0.020,-0.5481,-17.7255,0.7111,0.2889,0
3400.00,0.040,-0.5481,-17.2536,0.7111,0.2889,0
3400.00,0.060,-0.5481,-16.7817,0.7111,0.2889,0
3400.00,0.080,-0.5481,-16.3098,0.7111,0.2889,0
3400.00,0.100,-0.5481,-15.8380,0.7111,0.2889,0
3400.00,0.120,-0.5481,-15.3661,0.7111,0.2889,0
3400.00,0.140,-0.5481,-14.8942,0.7111,0.2889,0
3400.00,0.160,-0.5481,-14.4223,0.7111,0.2889,0
3400.00,0.180,-0.5481,-13.9504,0.7111,0.2889,0
3400.00,0.200,-0.5481,-13.4785,0.7111,0.2889,0
3400.00,0.220,-0.5481,-13.0066,0.7111,0.2889,0
3400.00,0.240,-0.5481,-12.5347,0.7111,0.2889,0
3400.00,0.260,-0.5481,-12.0628,0.7111,0.2889,0
3400.00,0.280,-0.5481,-11.5909,0.7111,0.2889,0
3400.00,0.300,-0.5481,-11.1190,0.7111,0.2889,0
3400.00,0.320,-0.5481,-10.6471,0.7111,0.2889,0
3400.00,0.340,-0.5481,-10.1752,0.7111,0.2889,0
3400.00,0.360,-0.5481,-9.7034,0.7111,0.2889,0
3400.00,0.380,-0.5481,-9.2315,0.7111,0.2889,0
3400.00,0.400,-0.5481,-8.7596,0.7111,0.2889,0
3400.00,0.420,-0.5481,-8.2877,0.7111,0.2889,0
3400.00,0.440,-0.5481,-7.8158,0.7111,0.2889,0
3400.00,0.460,-0.5481,-7.3439,0.7111,0.2889,0
3400.00,0.480,-0.5481,-6.8720,0.7111,0.2889,0
3400.00,0.500,-0.5481,-6.4001,0.7111,0.2889,0
3400.00,0.520,-0.5481,-5.9282,0.7111,0.2889,0
3400.00,0.540,-0.5481,-5.4563,0.7111,0.2889,0
3400.00,0.560,-0.5481,-4.9844,0.7111,0.2889,0
3400.00,0.580,-0.5481,-4.5125,0.7111,0.2889,0
3400.00,0.600,-0.5481,-4.0406,0.7111,0.2889,0
3400.00,0.620,-0.5481,-3.5688,0.7111,0.2889,0
3400.00,0.640,-0.5481,-3.0969,0.7111,0.2889,0
3400.00,0.660,-0.5481,-2.6250,0.7111,0.2889,0
3400.00,0.680,-0.5481,-2.1531,0.7111,0.2889,0
3400.00,0.700,-0.5481,-1.6812,0.7111,0.2889,0
3400.00,0.720,-0.5481,-1.2093,0.7111,0.2889,0
3400.00,0.740,-0.5481,-0.7374,0.0573,0.9427,1
3400.00,0.760,-0.5481,-0.2655,0.0622,0.9378,1
3400.00,0.780,-0.5481,0.2064,0.0904,0.9096,1
3400.00,0.800,-0.5481,0.6783,0.0895,0.9105,1
3400.00,0.820,-0.5481,1.1502,0.1290,0.8710,1
3400.00,0.840,-0.5481,1.6221,0.6298,0.3702,0
3400.00,0.860,-0.5481,2.0940,0.6298,0.3702,0
3400.00,0.880,-0.5481,2.5658,0.6298,0.3702,0
3400.00,0.900,-0.5481,3.0377,0.6298,0.3702,0
3400.00,0.920,-0.5481,3.5096,0.6298,0.3702,0
3400.00,0.940,-0.5481,3.9815,0.6298,0.3702,0
3400.00,0.960,-0.5481,4.4534,0.6298,0.3702,0
3400.00,0.980,-0.5481,4.9253,0.6298,0.3702,0
3500.00,0.000,-0.4789,-18.1974,0.7609,0.2391,0
3500.00,0.020,-0.4789,-17.7255,0.7609,0.2391,0
3500.00,0.040,-0.4789,-17.2536,0.7609,0.2391,0
3500.00,0.060,-0.4789,-16.7817,0.7609,0.2391,0
3500.00,0.080,-0.4789,-16.3098,0.7609,0.2391,0
3500.00,0.100,-0.4789,-15.8380,0.7609,0.2391,0
3500.00,0.120,-0.4789,-15.3661,0.7609,0.2391,0
3500.00,0.140,-0.4789,-14.8942,0.7609,0.2391,0
3500.00,0.160,-0.4789,-14.4223,0.7609,0.2391,0
3500.00,0.180,-0.4789,-13.9504,0.7609,0.2391,0
3500.00,0.200,-0.4789,-13.4785,0.7609,0.2391,0
3500.00,0.220,-0.4789,-13.0066,0.7609,0.2391,0
3500.00,0.240,-0.4789,-12.5347,0.7609,0.2391,0
3500.00,0.260,-0.4789,-12.0628,0.7609,0.2391,0
3500.00,0.280,-0.4789,-11.5909,0.7609,0.2391,0
3500.00,0.300,-0.4789,-11.1190,0.7609,0.2391,0
3500.00,0.320,-0.4789,-10.6471,0.7609,0.2391,0
3500.00,0.340,-0.4789,-10.1752,0.7609,0.2391,0
3500.00,0.360,-0.4789,-9.7034,0.7609,0.2391,0
3500.00,0.380,-0.4789,-9.2315,0.7609,0.2391,0
3500.00,0.400,-0.4789,-8.7596,0.7609,0.2391,0
3500.00,0.420,-0.4789,-8.2877,0.7609,0.2391,0
3500.00,0.440,-0.4789,-7.8158,0.7609,0.2391,0
3500.00,0.460,-0.4789,-7.3439,0.7609,0.2391,0
3500.00,0.480,-0.4789,-6.8720,0.7609,0.2391,0
3500.00,0.500,-0.4789,-6.4001,0.7609,0.2391,0
3500.00,0.520,-0.4789,-5.9282,0.7609,0.2391,0
3500.00,0.540,-0.4789,-5.4563,0.7609,0.2391,0
3500.00,0.560,-0.4789,-4.9844,0.7609,0.2391,0
3500.00,0.580,-0.4789,-4.5125,0.7609,0.2391,0
3500.00,0.600,-0.4789,-4.0406,0.7609,0.2391,0
3500.00,0.620,-0.4789,-3.5688,0.7609,0.2391,0
3500.00,0.640,-0.4789,-3.0969,0.7609,0.2391,0
3500.00,0.660,-0.4789,-2.6250,0.7609,0.2391,0
3500.00,0.680,-0.4789,-2.1531,0.7609,0.2391,0
3500.00,0.700,-0.4789,-1.6812,0.7609,0.2391,0
3500.00,0.720,-0.4789,-1.2093,0.7609,0.2391,0
3500.00,0.740,-0.4789,-0.7374,0.0872,0.9128,1
3500.00,0.760,-0.4789,-0.2655,0.0911,0.9089,1
3500.00,0.780,-0.4789,0.2064,0.1192,0.8808,1
3500.00,0.800,-0.4789,0.6783,0.1285,0.8715,1
3500.00,0.820,-0.4789,1.1502,0.1879,0.8121,1
3500.00,0.840,-0.4789,1.6221,0.6693,0.3307,0
3500.00,0.860,-0.4789,2.0940,0.6693,0.3307,0
3500.00,0.880,-0.4789,2.5658,0.6693,0.3307,0
3500.00,0.900,-0.4789,3.0377,0.6693,0.3307,0
3500.00,0.920,-0.4789,3.5096,0.6693,0.3307,0
3500.00,0.940,-0.4789,3.9815,0.6693,0.3307,0
3500.00,0.960,-0.4789,4.4534,0.6693,0.3307,0
3500.00,0.980,-0.4789,4.9253,0.6693,0.3307,0
3600.00,0.000,-0.4096,-18.1974,0.8195,0.1805,0
3600.00,0.020,-0.4096,-17.7255,0.8195,0.1805,0
3600.00,0.040,-0.4096,-17.2536,0.8195,0.1805,0
3600.00,0.060,-0.4096,-16.7817,0.8195,0.1805,0
3600.00,0.080,-0.4096,-16.3098,0.8195,0.1805,0
3600.00,0.100,-0.4096,-15.8380,0.8195,0.1805,0
3600.00,0.120,-0.4096,-15.3661,0.8195,0.1805,0
3600.00,0.140,-0.4096,-14.8942,0.8195,0.1805,0
3600.00,0.160,-0.4096,-14.4223,0.8195,0.1805,0
3600.00,0.180,-0.4096,-13.9504,0.8195,0.1805,0
3600.00,0.200,-0.4096,-13.4785,0.8195,0.1805,0
3600.00,0.220,-0.4096,-13.0066,0.8195,0.1805,0
3600.00,0.240,-0.4096,-12.5347,0.8195,0.1805,0
3600.00,0.260,-0.4096,-12.0628,0.8195,0.1805,0
3600.00,0.280,-0.4096,-11.5909,0.8195,0.1805,0
3600.00,0.300,-0.4096,-11.1190,0.8195,0.1805,0
3600.00,0.320,-0.4096,-10.6471,0.8195,0.1805,0
3600.00,0.340,-0.4096,-10.1752,0.8195,0.1805,0
3600.00,0.360,-0.4096,-9.7034,0.8195,0.1805,0
3600.00,0.380,-0.4096,-9.2315,0.8195,0.1805,0
3600.00,0.400,-0.4096,-8.7596,0.8195,0.1805,0
3600.00,0.420,-0.4096,-8.2877,0.8195,0.1805,0
3600.00,0.440,-0.4096,-7.8158,0.8195,0.1805,0
3600.00,0.460,-0.4096,-7.3439,0.8195,0.1805,0
3600.00,0.480,-0.4096,-6.8720,0.8195,0.1805,0
3600.00,0.500,-0.4096,-6.4001,0.8195,0.1805,0
3600.00,0.520,-0.4096,-5.9282,0.8195,0.1805,0
3600.00,0.540,-0.4096,-5.4563,0.8195,0.1805,0
3600.00,0.560,-0.4096,-4.9844,0.8195,0.1805,0
3600.00,0.580,-0.4096,-4.5125,0.8195,0.1805,0
3600.00,0.600,-0.4096,-4.0406,0.8195,0.1805,0
3600.00,0.620,-0.4096,-3.5688,0.8195,0.1805,0
3600.00,0.640,-0.4096,-3.0969,0.8195,0.1805,0
3600.00,0.660,-0.4096,-2.6250,0.8195,0.1805,0
3600.00,0.680,-0.4096,-2.1531,0.8195,0.1805,0
3600.00,0.700,-0.4096,-1.6812,0.8195,0.1805,0
3600.00,0.720,-0.4096,-1.2093,0.8195,0.1805,0
3600.00,0.740,-0.4096,-0.7374,0.1200,0.8800,1
3600.00,0.760,-0.4096,-0.2655,0.1053,0.8947,1
3600.00,0.780,-0.4096,0.2064,0.1335,0.8665,1
3600.00,0.800,-0.4096,0.6783,0.1627,0.8373,1
3600.00,0.820,-0.4096,1.1502,0.2416,0.7584,1
3600.00,0.840,-0.4096,1.6221,0.7208,0.2792,0
3600.00,0.860,-0.4096,2.0940,0.7208,0.2792,0
3600.00,0.880,-0.4096,2.5658,0.7208,0.2792,0
3600.00,0.900,-0.4096,3.0377,0.7208,0.2792,0
3600.00,0.920,-0.4096,3.5096,0.7208,0.2792,0
3600.00,0.940,-0.4096,3.9815,0.7208,0.2792,0
3600.00,0.960,-0.4096,4.4534,0.7208,0.2792,0
3600.00,0.980,-0.4096,4.9253,0.7208,0.2792,0
3700.00,0.000,-0.3403,-18.1974,0.8067,0.1933,0
3700.00,0.020,-0.3403,-17.7255,0.8067,0.1933,0
3700.00,0.040,-0.3403,-17.2536,0.8067,0.1933,0
3700.00,0.060,-0.3403,-16.7817,0.8067,0.1933,0
3700.00,0.080,-0.3403,-16.3098,0.8067,0.1933,0
3700.00,0.100,-0.3403,-15.8380,0.8067,0.1933,0
3700.00,0.120,-0.3403,-15.3661,0.8067,0.1933,0
3700.00,0.140,-0.3403,-14.8942,0.8067,0.1933,0
3700.00,0.160,-0.3403,-14.4223,0.8067,0.1933,0
3700.00,0.180,-0.3403,-13.9504,0.8067,0.1933,0
3700.00,0.200,-0.3403,-13.4785,0.8067,0.1933,0
3700.00,0.220,-0.3403,-13.0066,0.8067,0.1933,0
3700.00,0.240,-0.3403,-12.5347,0.8067,0.1933,0
3700.00,0.260,-0.3403,-12.0628,0.8067,0.1933,0
3700.00,0.280,-0.3403,-11.5909,0.8067,0.1933,0
3700.00,0.300,-0.3403,-11.1190,0.8067,0.1933,0
3700.00,0.320,-0.3403,-10.6471,0.8067,0.1933,0
3700.00,0.340,-0.3403,-10.1752,0.8067,0.1933,0
3700.00,0.360,-0.3403,-9.7034,0.8067,0.1933,0
3700.00,0.380,-0.3403,-9.2315,0.8067,0.1933,0
3700.00,0.400,-0.3403,-8.7596,0.8067,0.1933,0
3700.00,0.420,-0.3403,-8.2877,0.8067,0.1933,0
3700.00,0.440,-0.3403,-7.8158,0.8067,0.1933,0
3700.00,0.460,-0.3403,-7.3439,0.8067,0.1933,0
3700.00,0.480,-0.3403,-6.8720,0.8067,0.1933,0
3700.00,0.500,-0.3403,-6.4001,0.8067,0.1933,0
3700.00,0.520,-0.3403,-5.9282,0.8067,0.1933,0
3700.00,0.540,-0.3403,-5.4563,0.8067,0.1933,0
3700.00,0.560,-0.3403,-4.9844,0.8067,0.1933,0
3700.00,0.580,-0.3403,-4.5125,0.8067,0.1933,0
3700.00,0.600,-0.3403,-4.0406,0.8067,0.1933,0
3700.00,0.620,-0.3403,-3.5688,0.8067,0.1933,0
3700.00,0.640,-0.3403,-3.0969,0.8067,0.1933,0
3700.00,0.660,-0.3403,-2.6250,0.8067,0.1933,0
3700.00,0.680,-0.3403,-2.1531,0.8067,0.1933,0
3700.00,0.700,-0.3403,-1.6812,0.8067,0.1933,0
3700.00,0.720,-0.3403,-1.2093,0.8067,0.1933,0
3700.00,0.740,-0.3403,-0.7374,0.1070,0.8930,1
3700.00,0.760,-0.3403,-0.2655,0.0922,0.9078,1
3700.00,0.780,-0.3403,0.2064,0.1204,0.8796,1
3700.00,0.800,-0.3403,0.6783,0.1497,0.8503,1
3700.00,0.820,-0.3403,1.1502,0.2285,0.7715,1
3700.00,0.840,-0.3403,1.6221,0.6887,0.3113,0
3700.00,0.860,-0.3403,2.0940,0.6887,0.3113,0
3700.00,0.880,-0.3403,2.5658,0.6887,0.3113,0
3700.00,0.900,-0.3403,3.0377,0.6887,0.3113,0
3700.00,0.920,-0.3403,3.5096,0.6887,0.3113,0
3700.00,0.940,-0.3403,3.9815,0.6887,0.3113,0
3700.00,0.960,-0.3403,4.4534,0.6887,0.3113,0
3700.00,0.980,-0.3403,4.9253,0.6887,0.3113,0
3800.00,0.000,-0.2710,-18.1974,0.8193,0.1807,0
3800.00,0.020,-0.2710,-17.7255,0.8193,0.1807,0
3800.00,0.040,-0.2710,-17.2536,0.8193,0.1807,0
3800.00,0.060,-0.2710,-16.7817,0.8193,0.1807,0
3800.00,0.080,-0.2710,-16.3098,0.8193,0.1807,0
3800.00,0.100,-0.2710,-15.8380,0.8193,0.1807,0
3800.00,0.120,-0.2710,-15.3661,0.8193,0.1807,0
3800.00,0.140,-0.2710,-14.8942,0.8193,0.1807,0
3800.00,0.160,-0.2710,-14.4223,0.8193,0.1807,0
3800.00,0.180,-0.2710,-13.9504,0.8193,0.1807,0
3800.00,0.200,-0.2710,-13.4785,0.8193,0.1807,0
3800.00,0.220,-0.2710,-13.0066,0.8193,0.1807,0
3800.00,0.240,-0.2710,-12.5347,0.8193,0.1807,0
3800.00,0.260,-0.2710,-12.0628,0.8193,0.1807,0
3800.00,0.280,-0.2710,-11.5909,0.8193,0.1807,0
3800.00,0.300,-0.2710,-11.1190,0.8193,0.1807,0
3800.00,0.320,-0.2710,-10.6471,0.8193,0.1807,0
3800.00,0.340,-0.2710,-10.1752,0.8193,0.1807,0
3800.00,0.360,-0.2710,-9.7034,0.8193,0.1807,0
3800.00,0.380,-0.2710,-9.2315,0.8193,0.1807,0
3800.00,0.400,-0.2710,-8.7596,0.8193,0.1807,0
3800.00,0.420,-0.2710,-8.2877,0.8193,0.1807,0
3800.00,0.440,-0.2710,-7.8158,0.8193,0.1807,0
3800.00,0.460,-0.2710,-7.3439,0.8193,0.1807,0
3800.00,0.480,-0.2710,-6.8720,0.8193,0.1807,0
3800.00,0.500,-0.2710,-6.4001,0.8193,0.1807,0
3800.00,0.520,-0.2710,-5.9282,0.8193,0.1807,0
3800.00,0.540,-0.2710,-5.4563,0.8193,0.1807,0
3800.00,0.560,-0.2710,-4.9844,0.8193,0.1807,0
3800.00,0.580,-0.2710,-4.5125,0.8193,0.1807,0
3800.00,0.600,-0.2710,-4.0406,0.8193,0.1807,0
3800.00,0.620,-0.2710,-3.5688,0.8193,0.1807,0
3800.00,0.640,-0.2710,-3.0969,0.8193,0.1807,0
3800.00,0.660,-0.2710,-2.6250,0.8193,0.1807,0
3800.00,0.680,-0.2710,-2.1531,0.8193,0.1807,0
3800.00,0.700,-0.2710,-1.6812,0.8193,0.1807,0
3800.00,0.720,-0.2710,-1.2093,0.8193,0.1807,0
3800.00,0.740,-0.2710,-0.7374,0.1082,0.8918,1
3800.00,0.760,-0.2710,-0.2655,0.0934,0.9066,1
3800.00,0.780,-0.2710,0.2064,0.1216,0.8784,1
3800.00,0.800,-0.2710,0.6783,0.1709,0.8291,1
3800.00,0.820,-0.2710,1.1502,0.2497,0.7503,1
3800.00,0.840,-0.2710,1.6221,0.7099,0.2901,0
3800.00,0.860,-0.2710,2.0940,0.7099,0.2901,0
3800.00,0.880,-0.2710,2.5658,0.7099,0.2901,0
3800.00,0.900,-0.2710,3.0377,0.7099,0.2901,0
3800.00,0.920,-0.2710,3.5096,0.7099,0.2901,0
3800.00,0.940,-0.2710,3.9815,0.7099,0.2901,0
3800.00,0.960,-0.2710,4.4534,0.7099,0.2901,0
3800.00,0.980,-0.2710,4.9253,0.7099,0.2901,0
3900.00,0.000,-0.2017,-18.1974,0.7907,0.2093,0
3900.00,0.020,-0.2017,-17.7255,0.7907,0.2093,0
3900.00,0.040,-0.2017,-17.2536,0.7907,0.2093,0
3900.00,0.060,-0.2017,-16.7817,0.7907,0.2093,0
3900.00,0.080,-0.2017,-16.3098,0.7907,0.2093,0
3900.00,0.100,-0.2017,-15.8380,0.7907,0.2093,0
3900.00,0.120,-0.2017,-15.3661,0.7907,0.2093,0
3900.00,0.140,-0.2017,-14.8942,0.7907,0.2093,0
3900.00,0.160,-0.2017,-14.4223,0.7907,0.2093,0
3900.00,0.180,-0.2017,-13.9504,0.7907,0.2093,0
3900.00,0.200,-0.2017,-13.4785,0.7907,0.2093,0
3900.00,0.220,-0.2017,-13.0066,0.7907,0.2093,0
3900.00,0.240,-0.2017,-12.5347,0.7907,0.2093,0
3900.00,0.260,-0.2017,-12.0628,0.7907,0.2093,0
3900.00,0.280,-0.2017,-11.5909,0.7907,0.2093,0
3900.00,0.300,-0.2017,-11.1190,0.7907,0.2093,0
3900.00,0.320,-0.2017,-10.6471,0.7907,0.2093,0
3900.00,0.340,-0.2017,-10.1752,0.7907,0.2093,0
3900.00,0.360,-0.2017,-9.7034,0.7907,0.2093,0
3900.00,0.380,-0.2017,-9.2315,0.7907,0.2093,0
3900.00,0.400,-0.2017,-8.7596,0.7907,0.2093,0
3900.00,0.420,-0.2017,-8.2877,0.7907,0.2093,0
3900.00,0.440,-0.2017,-7.8158,0.7907,0.2093,0
3900.00,0.460,-0.2017,-7.3439,0.7907,0.2093,0
3900.00,0.480,-0.2017,-6.8720,0.7907,0.2093,0
3900.00,0.500,-0.2017,-6.4001,0.7907,0.2093,0
3900.00,0.520,-0.2017,-5.9282,0.7907,0.2093,0
3900.00,0.540,-0.2017,-5.4563,0.7907,0.2093,0
3900.00,0.560,-0.2017,-4.9844,0.7907,0.2093,0
3900.00,0.580,-0.2017,-4.5125,0.7907,0.2093,0
3900.00,0.600,-0.2017,-4.0406,0.7907,0.2093,0
3900.00,0.620,-0.2017,-3.5688,0.7907,0.2093,0
3900.00,0.640,-0.2017,-3.0969,0.7907,0.2093,0
3900.00,0.660,-0.2017,-2.6250,0.7907,0.2093,0
3900.00,0.680,-0.2017,-2.1531,0.7907,0.2093,0
3900.00,0.700,-0.2017,-1.6812,0.7907,0.2093,0
3900.00,0.720,-0.2017,-1.2093,0.7907,0.2093,0
3900.00,0.740,-0.2017,-0.7374,0.0756,0.9244,1
3900.00,0.760,-0.2017,-0.2655,0.0609,0.9391,1
3900.00,0.780,-0.2017,0.2064,0.0891,0.9109,1
3900.00,0.800,-0.2017,0.6783,0.1669,0.8331,1
3900.00,0.820,-0.2017,1.1502,0.2457,0.7543,1
3900.00,0.840,-0.2017,1.6221,0.6988,0.3012,0
3900.00,0.860,-0.2017,2.0940,0.6988,0.3012,0
3900.00,0.880,-0.2017,2.5658,0.6988,0.3012,0
3900.00,0.900,-0.2017,3.0377,0.6988,0.3012,0
3900.00,0.920,-0.2017,3.5096,0.6988,0.3012,0
3900.00,0.940,-0.2017,3.9815,0.6988,0.3012,0
3900.00,0.960,-0.2017,4.4534,0.6988,0.3012,0
3900.00,0.980,-0.2017,4.9253,0.6988,0.3012,0
4000.00,0.000,-0.1324,-18.1974,0.7860,0.2140,0
4000.00,0.020,-0.1324,-17.7255,0.7860,0.2140,0
4000.00,0.040,-0.1324,-17.2536,0.7860,0.2140,0
4000.00,0.060,-0.1324,-16.7817,0.7860,0.2140,0
4000.00,0.080,-0.1324,-16.3098,0.7860,0.2140,0
4000.00,0.100,-0.1324,-15.8380,0.7860,0.2140,0
4000.00,0.120,-0.1324,-15.3661,0.7860,0.2140,0
4000.00,0.140,-0.1324,-14.8942,0.7860,0.2140,0
4000.00,0.160,-0.1324,-14.4223,0.7860,0.2140,0
4000.00,0.180,-0.1324,-13.9504,0.7860,0.2140,0
4000.00,0.200,-0.1324,-13.4785,0.7860,0.2140,0
4000.00,0.220,-0.1324,-13.0066,0.7860,0.2140,0
4000.00,0.240,-0.1324,-12.5347,0.7860,0.2140,0
4000.00,0.260,-0.1324,-12.0628,0.7860,0.2140,0
4000.00,0.280,-0.1324,-11.5909,0.7860,0.2140,0
4000.00,0.300,-0.1324,-11.1190,0.7860,0.2140,0
4000.00,0.320,-0.1324,-10.6471,0.7860,0.2140,0
4000.00,0.340,-0.1324,-10.1752,0.7860,0.2140,0
4000.00,0.360,-0.1324,-9.7034,0.7860,0.2140,0
4000.00,0.380,-0.1324,-9.2315,0.7860,0.2140,0
4000.00,0.400,-0.1324,-8.7596,0.7860,0.2140,0
4000.00,0.420,-0.1324,-8.2877,0.7860,0.2140,0
4000.00,0.440,-0.1324,-7.8158,0.7860,0.2140,0
4000.00,0.460,-0.1324,-7.3439,0.7860,0.2140,0
4000.00,0.480,-0.1324,-6.8720,0.7860,0.2140,0
4000.00,0.500,-0.1324,-6.4001,0.7860,0.2140,0
4000.00,0.520,-0.1324,-5.9282,0.7860,0.2140,0
4000.00,0.540,-0.1324,-5.4563,0.7860,0.2140,0
4000.00,0.560,-0.1324,-4.9844,0.7860,0.2140,0
4000.00,0.580,-0.1324,-4.5125,0.7860,0.2140,0
4000.00,0.600,-0.1324,-4.0406,0.7860,0.2140,0
4000.00,0.620,-0.1324,-3.5688,0.7860,0.2140,0
4000.00,0.640,-0.1324,-3.0969,0.7860,0.2140,0
4000.00,0.660,-0.1324,-2.6250,0.7860,0.2140,0
4000.00,0.680,-0.1324,-2.1531,0.7860,0.2140,0
4000.00,0.700,-0.1324,-1.6812,0.7860,0.2140,0
4000.00,0.720,-0.1324,-1.2093,0.7860,0.2140,0
4000.00,0.740,-0.1324,-0.7374,0.0892,0.9108,1
4000.00,0.760,-0.1324,-0.2655,0.0745,0.9255,1
4000.00,0.780,-0.1324,0.2064,0.1027,0.8973,1
4000.00,0.800,-0.1324,0.6783,0.1806,0.8194,1
4000.00,0.820,-0.1324,1.1502,0.2594,0.7406,1
4000.00,0.840,-0.1324,1.6221,0.7151,0.2849,0
4000.00,0.860,-0.1324,2.0940,0.7151,0.2849,0
4000.00,0.880,-0.1324,2.5658,0.7151,0.2849,0
4000.00,0.900,-0.1324,3.0377,0.7151,0.2849,0
4000.00,0.920,-0.1324,3.5096,0.7151,0.2849,0
4000.00,0.940,-0.1324,3.9815,0.7151,0.2849,0
4000.00,0.960,-0.1324,4.4534,0.7151,0.2849,0
4000.00,0.980,-0.1324,4.9253,0.7151,0.2849,0
4100.00,0.000,-0.0632,-18.1974,0.7633,0.2367,0
4100.00,0.020,-0.0632,-17.7255,0.7633,0.2367,0
4100.00,0.040,-0.0632,-17.2536,0.7633,0.2367,0
4100.00,0.060,-0.0632,-16.7817,0.7633,0.2367,0
4100.00,0.080,-0.0632,-16.3098,0.7633,0.2367,0
4100.00,0.100,-0.0632,-15.8380,0.7633,0.2367,0
4100.00,0.120,-0.0632,-15.3661,0.7633,0.2367,0
4100.00,0.140,-0.0632,-14.8942,0.7633,0.2367,0
4100.00,0.160,-0.0632,-14.4223,0.7633,0.2367,0
4100.00,0.180,-0.0632,-13.9504,0.7633,0.2367,0
4100.00,0.200,-0.0632,-13.4785,0.7633,0.2367,0
4100.00,0.220,-0.0632,-13.0066,0.7633,0.2367,0
4100.00,0.240,-0.0632,-12.5347,0.7633,0.2367,0
4100.00,0.260,-0.0632,-12.0628,0.7633,0.2367,0
4100.00,0.280,-0.0632,-11.5909,0.7633,0.2367,0
4100.00,0.300,-0.0632,-11.1190,0.7633,0.2367,0
4100.00,0.320,-0.0632,-10.6471,0.7633,0.2367,0
4100.00,0.340,-0.0632,-10.1752,0.7633,0.2367,0
4100.00,0.360,-0.0632,-9.7034,0.7633,0.2367,0
4100.00,0.380,-0.0632,-9.2315,0.7633,0.2367,0
4100.00,0.400,-0.0632,-8.7596,0.7633,0.2367,0
4100.00,0.420,-0.0632,-8.2877,0.7633,0.2367,0
4100.00,0.440,-0.0632,-7.8158,0.7633,0.2367,0
4100.00,0.460,-0.0632,-7.3439,0.7633,0.2367,0
4100.00,0.480,-0.0632,-6.8720,0.7633,0.2367,0
4100.00,0.500,-0.0632,-6.4001,0.7633,0.2367,0
4100.00,0.520,-0.0632,-5.9282,0.7633,0.2367,0
4100.00,0.540,-0.0632,-5.4563,0.7633,0.2367,0
4100.00,0.560,-0.0632,-4.9844,0.7633,0.2367,0
4100.00,0.580,-0.0632,-4.5125,0.7633,0.2367,0
4100.00,0.600,-0.0632,-4.0406,0.7633,0.2367,0
4100.00,0.620,-0.0632,-3.5688,0.7633,0.2367,0
4100.00,0.640,-0.0632,-3.0969,0.7633,0.2367,0
4100.00,0.660,-0.0632,-2.6250,0.7633,0.2367,0
4100.00,0.680,-0.0632,-2.1531,0.7633,0.2367,0
4100.00,0.700,-0.0632,-1.6812,0.7633,0.2367,0
4100.00,0.720,-0.0632,-1.2093,0.7633,0.2367,0
4100.00,0.740,-0.0632,-0.7374,0.0475,0.9525,1
4100.00,0.760,-0.0632,-0.2655,0.0528,0.9472,1
4100.00,0.780,-0.0632,0.2064,0.0809,0.9191,1
4100.00,0.800,-0.0632,0.6783,0.1580,0.8420,1
4100.00,0.820,-0.0632,1.1502,0.2368,0.7632,1
4100.00,0.840,-0.0632,1.6221,0.6761,0.3239,0
4100.00,0.860,-0.0632,2.0940,0.6761,0.3239,0
4100.00,0.880,-0.0632,2.5658,0.6761,0.3239,0
4100.00,0.900,-0.0632,3.0377,0.6761,0.3239,0
4100.00,0.920,-0.0632,3.5096,0.6761,0.3239,0
4100.00,0.940,-0.0632,3.9815,0.6761,0.3239,0
4100.00,0.960,-0.0632,4.4534,0.6761,0.3239,0
4100.00,0.980,-0.0632,4.9253,0.6761,0.3239,0
4200.00,0.000,0.0061,-18.1974,0.7695,0.2305,0
4200.00,0.020,0.0061,-17.7255,0.7695,0.2305,0
4200.00,0.040,0.0061,-17.2536,0.7695,0.2305,0
4200.00,0.060,0.0061,-16.7817,0.7695,0.2305,0
4200.00,0.080,0.0061,-16.3098,0.7695,0.2305,0
4200.00,0.100,0.0061,-15.8380,0.7695,0.2305,0
4200.00,0.120,0.0061,-15.3661,0.7695,0.2305,0
4200.00,0.140,0.0061,-14.8942,0.7695,0.2305,0
4200.00,0.160,0.0061,-14.4223,0.7695,0.2305,0
4200.00,0.180,0.0061,-13.9504,0.7695,0.2305,0
4200.00,0.200,0.0061,-13.4785,0.7695,0.2305,0
4200.00,0.220,0.0061,-13.0066,0.7695,0.2305,0
4200.00,0.240,0.0061,-12.5347,0.7695,0.2305,0
4200.00,0.260,0.0061,-12.0628,0.7695,0.2305,0
4200.00,0.280,0.0061,-11.5909,0.7695,0.2305,0
4200.00,0.300,0.0061,-11.1190,0.7695,0.2305,0
4200.00,0.320,0.0061,-10.6471,0.7695,0.2305,0
4200.00,0.340,0.0061,-10.1752,0.7695,0.2305,0
4200.00,0.360,0.0061,-9.7034,0.7695,0.2305,0
4200.00,0.380,0.0061,-9.2315,0.7695,0.2305,0
4200.00,0.400,0.0061,-8.7596,0.7695,0.2305,0
4200.00,0.420,0.0061,-8.2877,0.7695,0.2305,0
4200.00,0.440,0.0061,-7.8158,0.7695,0.2305,0
4200.00,0.460,0.0061,-7.3439,0.7695,0.2305,0
4200.00,0.480,0.0061,-6.8720,0.7695,0.2305,0
4200.00,0.500,0.0061,-6.4001,0.7695,0.2305,0
4200.00,0.520,0.0061,-5.9282,0.7695,0.2305,0
4200.00,0.540,0.0061,-5.4563,0.7695,0.2305,0
4200.00,0.560,0.0061,-4.9844,0.7695,0.2305,0
4200.00,0.580,0.0061,-4.5125,0.7695,0.2305,0
4200.00,0.600,0.0061,-4.0406,0.7695,0.2305,0
4200.00,0.620,0.0061,-3.5688,0.7695,0.2305,0
4200.00,0.640,0.0061,-3.0969,0.7695,0.2305,0
4200.00,0.660,0.0061,-2.6250,0.7695,0.2305,0
4200.00,0.680,0.0061,-2.1531,0.7695,0.2305,0
4200.00,0.700,0.0061,-1.6812,0.7695,0.2305,0
4200.00,0.720,0.0061,-1.2093,0.7695,0.2305,0
4200.00,0.740,0.0061,-0.7374,0.0553,0.9447,1
4200.00,0.760,0.0061,-0.2655,0.0606,0.9394,1
4200.00,0.780,0.0061,0.2064,0.0888,0.9112,1
4200.00,0.800,0.0061,0.6783,0.1659,0.8341,1
4200.00,0.820,0.0061,1.1502,0.2447,0.7553,1
4200.00,0.840,0.0061,1.6221,0.6839,0.3161,0
4200.00,0.860,0.0061,2.0940,0.6839,0.3161,0
4200.00,0.880,0.0061,2.5658,0.6839,0.3161,0
4200.00,0.900,0.0061,3.0377,0.6839,0.3161,0
4200.00,0.920,0.0061,3.5096,0.6839,0.3161,0
4200.00,0.940,0.0061,3.9815,0.6839,0.3161,0
4200.00,0.960,0.0061,4.4534,0.6839,0.3161,0
4200.00,0.980,0.0061,4.9253,0.6839,0.3161,0
4300.00,0.000,0.0754,-18.1974,0.7695,0.2305,0
4300.00,0.020,0.0754,-17.7255,0.7695,0.2305,0
4300.00,0.040,0.0754,-17.2536,0.7695,0.2305,0
4300.00,0.060,0.0754,-16.7817,0.7695,0.2305,0
4300.00,0.080,0.0754,-16.3098,0.7695,0.2305,0
4300.00,0.100,0.0754,-15.8380,0.7695,0.2305,0
4300.00,0.120,0.0754,-15.3661,0.7695,0.2305,0
4300.00,0.140,0.0754,-14.8942,0.7695,0.2305,0
4300.00,0.160,0.0754,-14.4223,0.7695,0.2305,0
4300.00,0.180,0.0754,-13.9504,0.7695,0.2305,0
4300.00,0.200,0.0754,-13.4785,0.7695,0.2305,0
4300.00,0.220,0.0754,-13.0066,0.7695,0.2305,0
4300.00,0.240,0.0754,-12.5347,0.7695,0.2305,0
4300.00,0.260,0.0754,-12.0628,0.7695,0.2305,0
4300.00,0.280,0.0754,-11.5909,0.7695,0.2305,0
4300.00,0.300,0.0754,-11.1190,0.7695,0.2305,0
4300.00,0.320,0.0754,-10.6471,0.7695,0.2305,0
4300.00,0.340,0.0754,-10.1752,0.7695,0.2305,0
4300.00,0.360,0.0754,-9.7034,0.7695,0.2305,0
4300.00,0.380,0.0754,-9.2315,0.7695,0.2305,0
4300.00,0.400,0.0754,-8.7596,0.7695,0.2305,0
4300.00,0.420,0.0754,-8.2877,0.7695,0.2305,0
4300.00,0.440,0.0754,-7.8158,0.7695,0.2305,0
4300.00,0.460,0.0754,-7.3439,0.7695,0.2305,0
4300.00,0.480,0.0754,-6.8720,0.7695,0.2305,0
4300.00,0.500,0.0754,-6.4001,0.7695,0.2305,0
4300.00,0.520,0.0754,-5.9282,0.7695,0.2305,0
4300.00,0.540,0.0754,-5.4563,0.7695,0.2305,0
4300.00,0.560,0.0754,-4.9844,0.7695,0.2305,0
4300.00,0.580,0.0754,-4.5125,0.7695,0.2305,0
4300.00,0.600,0.0754,-4.0406,0.7695,0.2305,0
4300.00,0.620,0.0754,-3.5688,0.7695,0.2305,0
4300.00,0.640,0.0754,-3.0969,0.7695,0.2305,0
4300.00,0.660,0.0754,-2.6250,0.7695,0.2305,0
4300.00,0.680,0.0754,-2.1531,0.7695,0.2305,0
4300.00,0.700,0.0754,-1.6812,0.7695,0.2305,0
4300.00,0.720,0.0754,-1.2093,0.7695,0.2305,0
4300.00,0.740,0.0754,-0.7374,0.0553,0.9447,1
4300.00,0.760,0.0754,-0.2655,0.0606,0.9394,1
4300.00,0.780,0.0754,0.2064,0.0888,0.9112,1
4300.00,0.800,0.0754,0.6783,0.1659,0.8341,1
4300.00,0.820,0.0754,1.1502,0.2447,0.7553,1
4300.00,0.840,0.0754,1.6221,0.6839,0.3161,0
4300.00,0.860,0.0754,2.0940,0.6839,0.3161,0
4300.00,0.880,0.0754,2.5658,0.6839,0.3161,0
4300.00,0.900,0.0754,3.0377,0.6839,0.3161,0
4300.00,0.920,0.0754,3.5096,0.6839,0.3161,0
4300.00,0.940,0.0754,3.9815,0.6839,0.3161,0
4300.00,0.960,0.0754,4.4534,0.6839,0.3161,0
4300.00,0.980,0.0754,4.9253,0.6839,0.3161,0
4400.00,0.000,0.1447,-18.1974,0.7695,0.2305,0
4400.00,0.020,0.1447,-17.7255,0.7695,0.2305,0
4400.00,0.040,0.1447,-17.2536,0.7695,0.2305,0
4400.00,0.060,0.1447,-16.7817,0.7695,0.2305,0
4400.00,0.080,0.1447,-16.3098,0.7695,0.2305,0
4400.00,0.100,0.1447,-15.8380,0.7695,0.2305,0
4400.00,0.120,0.1447,-15.3661,0.7695,0.2305,0
4400.00,0.140,0.1447,-14.8942,0.7695,0.2305,0
4400.00,0.160,0.1447,-14.4223,0.7695,0.2305,0
4400.00,0.180,0.1447,-13.9504,0.7695,0.2305,0
4400.00,0.200,0.1447,-13.4785,0.7695,0.2305,0
4400.00,0.220,0.1447,-13.0066,0.7695,0.2305,0
4400.00,0.240,0.1447,-12.5347,0.7695,0.2305,0
4400.00,0.260,0.1447,-12.0628,0.7695,0.2305,0
4400.00,0.280,0.1447,-11.5909,0.7695,0.2305,0
4400.00,0.300,0.1447,-11.1190,0.7695,0.2305,0
4400.00,0.320,0.1447,-10.6471,0.7695,0.2305,0
4400.00,0.340,0.1447,-10.1752,0.7695,0.2305,0
4400.00,0.360,0.1447,-9.7034,0.7695,0.2305,0
4400.00,0.380,0.1447,-9.2315,0.7695,0.2305,0
4400.00,0.400,0.1447,-8.7596,0.7695,0.2305,0
4400.00,0.420,0.1447,-8.2877,0.7695,0.2305,0
4400.00,0.440,0.1447,-7.8158,0.7695,0.2305,0
4400.00,0.460,0.1447,-7.3439,0.7695,0.2305,0
4400.00,0.480,0.1447,-6.8720,0.7695,0.2305,0
4400.00,0.500,0.1447,-6.4001,0.7695,0.2305,0
4400.00,0.520,0.1447,-5.9282,0.7695,0.2305,0
4400.00,0.540,0.1447,-5.4563,0.7695,0.2305,0
4400.00,0.560,0.1447,-4.9844,0.7695,0.2305,0
4400.00,0.580,0.1447,-4.5125,0.7695,0.2305,0
4400.00,0.600,0.1447,-4.0406,0.7695,0.2305,0
4400.00,0.620,0.1447,-3.5688,0.7695,0.2305,0
4400.00,0.640,0.1447,-3.0969,0.7695,0.2305,0
4400.00,0.660,0.1447,-2.6250,0.7695,0.2305,0
4400.00,0.680,0.1447,-2.1531,0.7695,0.2305,0
4400.00,0.700,0.1447,-1.6812,0.7695,0.2305,0
4400.00,0.720,0.1447,-1.2093,0.7695,0.2305,0
4400.00,0.740,0.1447,-0.7374,0.0553,0.9447,1
4400.00,0.760,0.1447,-0.2655,0.0606,0.9394,1
4400.00,0.780,0.1447,0.2064,0.0888,0.9112,1
4400.00,0.800,0.1447,0.6783,0.1659,0.8341,1
4400.00,0.820,0.1447,1.1502,0.2447,0.7553,1
4400.00,0.840,0.1447,1.6221,0.6839,0.3161,0
4400.00,0.860,0.1447,2.0940,0.6839,0.3161,0
4400.00,0.880,0.1447,2.5658,0.6839,0.3161,0
4400.00,0.900,0.1447,3.0377,0.6839,0.3161,0
4400.00,0.920,0.1447,3.5096,0.6839,0.3161,0
4400.00,0.940,0.1447,3.9815,0.6839,0.3161,0
4400.00,0.960,0.1447,4.4534,0.6839,0.3161,0
4400.00,0.980,0.1447,4.9253,0.6839,0.3161,0
4500.00,0.000,0.2140,-18.1974,0.7695,0.2305,0
4500.00,0.020,0.2140,-17.7255,0.7695,0.2305,0
4500.00,0.040,0.2140,-17.2536,0.7695,0.2305,0
4500.00,0.060,0.2140,-16.7817,0.7695,0.2305,0
4500.00,0.080,0.2140,-16.3098,0.7695,0.2305,0
4500.00,0.100,0.2140,-15.8380,0.7695,0.2305,0
4500.00,0.120,0.2140,-15.3661,0.7695,0.2305,0
4500.00,0.140,0.2140,-14.8942,0.7695,0.2305,0
4500.00,0.160,0.2140,-14.4223,0.7695,0.2305,0
4500.00,0.180,0.2140,-13.9504,0.7695,0.2305,0
4500.00,0.200,0.2140,-13.4785,0.7695,0.2305,0
4500.00,0.220,0.2140,-13.0066,0.7695,0.2305,0
4500.00,0.240,0.2140,-12.5347,0.7695,0.2305,0
4500.00,0.260,0.2140,-12.0628,0.7695,0.2305,0
4500.00,0.280,0.2140,-11.5909,0.7695,0.2305,0
4500.00,0.300,0.2140,-11.1190,0.7695,0.2305,0
4500.00,0.320,0.2140,-10.6471,0.7695,0.2305,0
4500.00,0.340,0.2140,-10.1752,0.7695,0.2305,0
4500.00,0.360,0.2140,-9.7034,0.7695,0.2305,0
4500.00,0.380,0.2140,-9.2315,0.7695,0.2305,0
4500.00,0.400,0.2140,-8.7596,0.7695,0.2305,0
4500.00,0.420,0.2140,-8.2877,0.7695,0.2305,0
4500.00,0.440,0.2140,-7.8158,0.7695,0.2305,0
4500.00,0.460,0.2140,-7.3439,0.7695,0.2305,0
4500.00,0.480,0.2140,-6.8720,0.7695,0.2305,0
4500.00,0.500,0.2140,-6.4001,0.7695,0.2305,0
4500.00,0.520,0.2140,-5.9282,0.7695,0.2305,0
4500.00,0.540,0.2140,-5.4563,0.7695,0.2305,0
4500.00,0.560,0.2140,-4.9844,0.7695,0.2305,0
4500.00,0.580,0.2140,-4.5125,0.7695,0.2305,0
4500.00,0.600,0.2140,-4.0406,0.7695,0.2305,0
4500.00,0.620,0.2140,-3.5688,0.7695,0.2305,0
4500.00,0.640,0.2140,-3.0969,0.7695,0.2305,0
4500.00,0.660,0.2140,-2.6250,0.7695,0.2305,0
4500.00,0.680,0.2140,-2.1531,0.7695,0.2305,0
4500.00,0.700,0.2140,-1.6812,0.7695,0.2305,0
4500.00,0.720,0.2140,-1.2093,0.7695,0.2305,0
4500.00,0.740,0.2140,-0.7374,0.0553,0.9447,1
4500.00,0.760,0.2140,-0.2655,0.0606,0.9394,1
4500.00,0.780,0.2140,0.2064,0.0888,0.9112,1
4500.00,0.800,0.2140,0.6783,0.1659,0.8341,1
4500.00,0.820,0.2140,1.1502,0.2447,0.7553,1
4500.00,0.840,0.2140,1.6221,0.6839,0.3161,0
4500.00,0.860,0.2140,2.0940,0.6839,0.3161,0
4500.00,0.880,0.2140,2.5658,0.6839,0.3161,0
4500.00,0.900,0.2140,3.0377,0.6839,0.3161,0
4500.00,0.920,0.2140,3.5096,0.6839,0.3161,0
4500.00,0.940,0.2140,3.9815,0.6839,0.3161,0
4500.00,0.960,0.2140,4.4534,0.6839,0.3161,0
4500.00,0.980,0.2140,4.9253,0.6839,0.3161,0
4600.00,0.000,0.2833,-18.1974,0.7703,0.2297,0
4600.00,0.020,0.2833,-17.7255,0.7703,0.2297,0
4600.00,0.040,0.2833,-17.2536,0.7703,0.2297,0
4600.00,0.060,0.2833,-16.7817,0.7703,0.2297,0
4600.00,0.080,0.2833,-16.3098,0.7703,0.2297,0
4600.00,0.100,0.2833,-15.8380,0.7703,0.2297,0
4600.00,0.120,0.2833,-15.3661,0.7703,0.2297,0
4600.00,0.140,0.2833,-14.8942,0.7703,0.2297,0
4600.00,0.160,0.2833,-14.4223,0.7703,0.2297,0
4600.00,0.180,0.2833,-13.9504,0.7703,0.2297,0
4600.00,0.200,0.2833,-13.4785,0.7703,0.2297,0
4600.00,0.220,0.2833,-13.0066,0.7703,0.2297,0
4600.00,0.240,0.2833,-12.5347,0.7703,0.2297,0
4600.00,0.260,0.2833,-12.0628,0.7703,0.2297,0
4600.00,0.280,0.2833,-11.5909,0.7703,0.2297,0
4600.00,0.300,0.2833,-11.1190,0.7703,0.2297,0
4600.00,0.320,0.2833,-10.6471,0.7703,0.2297,0
4600.00,0.340,0.2833,-10.1752,0.7703,0.2297,0
4600.00,0.360,0.2833,-9.7034,0.7703,0.2297,0
4600.00,0.380,0.2833,-9.2315,0.7703,0.2297,0
4600.00,0.400,0.2833,-8.7596,0.7703,0.2297,0
4600.00,0.420,0.2833,-8.2877,0.7703,0.2297,0
4600.00,0.440,0.2833,-7.8158,0.7703,0.2297,0
4600.00,0.460,0.2833,-7.3439,0.7703,0.2297,0
4600.00,0.480,0.2833,-6.8720,0.7703,0.2297,0
4600.00,0.500,0.2833,-6.4001,0.7703,0.2297,0
4600.00,0.520,0.2833,-5.9282,0.7703,0.2297,0
4600.00,0.540,0.2833,-5.4563,0.7703,0.2297,0
4600.00,0.560,0.2833,-4.9844,0.7703,0.2297,0
4600.00,0.580,0.2833,-4.5125,0.7703,0.2297,0
4600.00,0.600,0.2833,-4.0406,0.7703,0.2297,0
4600.00,0.620,0.2833,-3.5688,0.7703,0.2297,0
4600.00,0.640,0.2833,-3.0969,0.7703,0.2297,0
4600.00,0.660,0.2833,-2.6250,0.7703,0.2297,0
4600.00,0.680,0.2833,-2.1531,0.7703,0.2297,0
4600.00,0.700,0.2833,-1.6812,0.7703,0.2297,0
4600.00,0.720,0.2833,-1.2093,0.7703,0.2297,0
4600.00,0.740,0.2833,-0.7374,0.1708,0.8292,1
4600.00,0.760,0.2833,-0.2655,0.2117,0.7883,1
4600.00,0.780,0.2833,0.2064,0.3081,0.6919,1
4600.00,0.800,0.2833,0.6783,0.3460,0.6540,1
4600.00,0.820,0.2833,1.1502,0.4049,0.5951,1
4600.00,0.840,0.2833,1.6221,0.7549,0.2451,0
4600.00,0.860,0.2833,2.0940,0.7549,0.2451,0
4600.00,0.880,0.2833,2.5658,0.7549,0.2451,0
4600.00,0.900,0.2833,3.0377,0.7549,0.2451,0
4600.00,0.920,0.2833,3.5096,0.7549,0.2451,0
4600.00,0.940,0.2833,3.9815,0.7549,0.2451,0
4600.00,0.960,0.2833,4.4534,0.7549,0.2451,0
4600.00,0.980,0.2833,4.9253,0.7549,0.2451,0
4700.00,0.000,0.3525,-18.1974,0.8655,0.1345,0
4700.00,0.020,0.3525,-17.7255,0.8655,0.1345,0
4700.00,0.040,0.3525,-17.2536,0.8655,0.1345,0
4700.00,0.060,0.3525,-16.7817,0.8655,0.1345,0
4700.00,0.080,0.3525,-16.3098,0.8655,0.1345,0
4700.00,0.100,0.3525,-15.8380,0.8655,0.1345,0
4700.00,0.120,0.3525,-15.3661,0.8655,0.1345,0
4700.00,0.140,0.3525,-14.8942,0.8655,0.1345,0
4700.00,0.160,0.3525,-14.4223,0.8655,0.1345,0
4700.00,0.180,0.3525,-13.9504,0.8655,0.1345,0
4700.00,0.200,0.3525,-13.4785,0.8655,0.1345,0
4700.00,0.220,0.3525,-13.0066,0.8655,0.1345,0
4700.00,0.240,0.3525,-12.5347,0.8655,0.1345,0
4700.00,0.260,0.3525,-12.0628,0.8655,0.1345,0
4700.00,0.280,0.3525,-11.5909,0.8655,0.1345,0
4700.00,0.300,0.3525,-11.1190,0.8655,0.1345,0
4700.00,0.320,0.3525,-10.6471,0.8655,0.1345,0
4700.00,0.340,0.3525,-10.1752,0.8655,0.1345,0
4700.00,0.360,0.3525,-9.7034,0.8655,0.1345,0
4700.00,0.380,0.3525,-9.2315,0.8655,0.1345,0
4700.00,0.400,0.3525,-8.7596,0.8655,0.1345,0
4700.00,0.420,0.3525,-8.2877,0.8655,0.1345,0
4700.00,0.440,0.3525,-7.8158,0.8655,0.1345,0
4700.00,0.460,0.3525,-7.3439,0.8655,0.1345,0
4700.00,0.480,0.3525,-6.8720,0.8655,0.1345,0
4700.00,0.500,0.3525,-6.4001,0.8655,0.1345,0
4700.00,0.520,0.3525,-5.9282,0.8655,0.1345,0
4700.00,0.540,0.3525,-5.4563,0.8655,0.1345,0
4700.00,0.560,0.3525,-4.9844,0.8655,0.1345,0
4700.00,0.580,0.3525,-4.5125,0.8655,0.1345,0
4700.00,0.600,0.3525,-4.0406,0.8655,0.1345,0
4700.00,0.620,0.3525,-3.5688,0.8655,0.1345,0
4700.00,0.640,0.3525,-3.0969,0.8655,0.1345,0
4700.00,0.660,0.3525,-2.6250,0.8655,0.1345,0
4700.00,0.680,0.3525,-2.1531,0.8655,0.1345,0
4700.00,0.700,0.3525,-1.6812,0.8655,0.1345,0
4700.00,0.720,0.3525,-1.2093,0.8655,0.1345,0
4700.00,0.740,0.3525,-0.7374,0.3465,0.6535,1
4700.00,0.760,0.3525,-0.2655,0.4088,0.5912,1
4700.00,0.780,0.3525,0.2064,0.5642,0.4358,0
4700.00,0.800,0.3525,0.6783,0.5830,0.4170,0
4700.00,0.820,0.3525,1.1502,0.6220,0.3780,0
4700.00,0.840,0.3525,1.6221,0.8317,0.1683,0
4700.00,0.860,0.3525,2.0940,0.8317,0.1683,0
4700.00,0.880,0.3525,2.5658,0.8317,0.1683,0
4700.00,0.900,0.3525,3.0377,0.8317,0.1683,0
4700.00,0.920,0.3525,3.5096,0.8317,0.1683,0
4700.00,0.940,0.3525,3.9815,0.8317,0.1683,0
4700.00,0.960,0.3525,4.4534,0.8317,0.1683,0
4700.00,0.980,0.3525,4.9253,0.8317,0.1683,0
4800.00,0.000,0.4218,-18.1974,0.8655,0.1345,0
4800.00,0.020,0.4218,-17.7255,0.8655,0.1345,0
4800.00,0.040,0.4218,-17.2536,0.8655,0.1345,0
4800.00,0.060,0.4218,-16.7817,0.8655,0.1345,0
4800.00,0.080,0.4218,-16.3098,0.8655,0.1345,0
4800.00,0.100,0.4218,-15.8380,0.8655,0.1345,0
4800.00,0.120,0.4218,-15.3661,0.8655,0.1345,0
4800.00,0.140,0.4218,-14.8942,0.8655,0.1345,0
4800.00,0.160,0.4218,-14.4223,0.8655,0.1345,0
4800.00,0.180,0.4218,-13.9504,0.8655,0.1345,0
4800.00,0.200,0.4218,-13.4785,0.8655,0.1345,0
4800.00,0.220,0.4218,-13.0066,0.8655,0.1345,0
4800.00,0.240,0.4218,-12.5347,0.8655,0.1345,0
4800.00,0.260,0.4218,-12.0628,0.8655,0.1345,0
4800.00,0.280,0.4218,-11.5909,0.8655,0.1345,0
4800.00,0.300,0.4218,-11.1190,0.8655,0.1345,0
4800.00,0.320,0.4218,-10.6471,0.8655,0.1345,0
4800.00,0.340,0.4218,-10.1752,0.8655,0.1345,0
4800.00,0.360,0.4218,-9.7034,0.8655,0.1345,0
4800.00,0.380,0.4218,-9.2315,0.8655,0.1345,0
4800.00,0.400,0.4218,-8.7596,0.8655,0.1345,0
4800.00,0.420,0.4218,-8.2877,0.8655,0.1345,0
4800.00,0.440,0.4218,-7.8158,0.8655,0.1345,0
4800.00,0.460,0.4218,-7.3439,0.8655,0.1345,0
4800.00,0.480,0.4218,-6.8720,0.8655,0.1345,0
4800.00,0.500,0.4218,-6.4001,0.8655,0.1345,0
4800.00,0.520,0.4218,-5.9282,0.8655,0.1345,0
4800.00,0.540,0.4218,-5.4563,0.8655,0.1345,0
4800.00,0.560,0.4218,-4.9844,0.8655,0.1345,0
4800.00,0.580,0.4218,-4.5125,0.8655,0.1345,0
4800.00,0.600,0.4218,-4.0406,0.8655,0.1345,0
4800.00,0.620,0.4218,-3.5688,0.8655,0.1345,0
4800.00,0.640,0.4218,-3.0969,0.8655,0.1345,0
4800.00,0.660,0.4218,-2.6250,0.8655,0.1345,0
4800.00,0.680,0.4218,-2.1531,0.8655,0.1345,0
4800.00,0.700,0.4218,-1.6812,0.8655,0.1345,0
4800.00,0.720,0.4218,-1.2093,0.8655,0.1345,0
4800.00,0.740,0.4218,-0.7374,0.3631,0.6369,1
4800.00,0.760,0.4218,-0.2655,0.4254,0.5746,1
4800.00,0.780,0.4218,0.2064,0.5874,0.4126,0
4800.00,0.800,0.4218,0.6783,0.6062,0.3938,0
4800.00,0.820,0.4218,1.1502,0.6452,0.3548,0
4800.00,0.840,0.4218,1.6221,0.8508,0.1492,0
4800.00,0.860,0.4218,2.0940,0.8508,0.1492,0
4800.00,0.880,0.4218,2.5658,0.8508,0.1492,0
4800.00,0.900,0.4218,3.0377,0.8508,0.1492,0
4800.00,0.920,0.4218,3.5096,0.8508,0.1492,0
4800.00,0.940,0.4218,3.9815,0.8508,0.1492,0
4800.00,0.960,0.4218,4.4534,0.8508,0.1492,0
4800.00,0.980,0.4218,4.9253,0.8508,0.1492,0
4900.00,0.000,0.4911,-18.1974,0.8353,0.1647,0
4900.00,0.020,0.4911,-17.7255,0.8353,0.1647,0
4900.00,0.040,0.4911,-17.2536,0.8353,0.1647,0
4900.00,0.060,0.4911,-16.7817,0.8353,0.1647,0
4900.00,0.080,0.4911,-16.3098,0.8353,0.1647,0
4900.00,0.100,0.4911,-15.8380,0.8353,0.1647,0
4900.00,0.120,0.4911,-15.3661,0.8353,0.1647,0
4900.00,0.140,0.4911,-14.8942,0.8353,0.1647,0
4900.00,0.160,0.4911,-14.4223,0.8353,0.1647,0
4900.00,0.180,0.4911,-13.9504,0.8353,0.1647,0
4900.00,0.200,0.4911,-13.4785,0.8353,0.1647,0
4900.00,0.220,0.4911,-13.0066,0.8353,0.1647,0
4900.00,0.240,0.4911,-12.5347,0.8353,0.1647,0
4900.00,0.260,0.4911,-12.0628,0.8353,0.1647,0
4900.00,0.280,0.4911,-11.5909,0.8353,0.1647,0
4900.00,0.300,0.4911,-11.1190,0.8353,0.1647,0
4900.00,0.320,0.4911,-10.6471,0.8353,0.1647,0
4900.00,0.340,0.4911,-10.1752,0.8353,0.1647,0
4900.00,0.360,0.4911,-9.7034,0.8353,0.1647,0
4900.00,0.380,0.4911,-9.2315,0.8353,0.1647,0
4900.00,0.400,0.4911,-8.7596,0.8353,0.1647,0
4900.00,0.420,0.4911,-8.2877,0.8353,0.1647,0
4900.00,0.440,0.4911,-7.8158,0.8353,0.1647,0
4900.00,0.460,0.4911,-7.3439,0.8353,0.1647,0
4900.00,0.480,0.4911,-6.8720,0.8353,0.1647,0
4900.00,0.500,0.4911,-6.4001,0.8353,0.1647,0
4900.00,0.520,0.4911,-5.9282,0.8353,0.1647,0
4900.00,0.540,0.4911,-5.4563,0.8353,0.1647,0
4900.00,0.560,0.4911,-4.9844,0.8353,0.1647,0
4900.00,0.580,0.4911,-4.5125,0.8353,0.1647,0
4900.00,0.600,0.4911,-4.0406,0.8353,0.1647,0
4900.00,0.620,0.4911,-3.5688,0.8353,0.1647,0
4900.00,0.640,0.4911,-3.0969,0.8353,0.1647,0
4900.00,0.660,0.4911,-2.6250,0.8353,0.1647,0
4900.00,0.680,0.4911,-2.1531,0.8353,0.1647,0
4900.00,0.700,0.4911,-1.6812,0.8353,0.1647,0
4900.00,0.720,0.4911,-1.2093,0.8353,0.1647,0
4900.00,0.740,0.4911,-0.7374,0.3109,0.6891,1
4900.00,0.760,0.4911,-0.2655,0.3832,0.6168,1
4900.00,0.780,0.4911,0.2064,0.5793,0.4207,0
4900.00,0.800,0.4911,0.6783,0.5981,0.4019,0
4900.00,0.820,0.4911,1.1502,0.6371,0.3629,0
4900.00,0.840,0.4911,1.6221,0.8261,0.1739,0
4900.00,0.860,0.4911,2.0940,0.8261,0.1739,0
4900.00,0.880,0.4911,2.5658,0.8261,0.1739,0
4900.00,0.900,0.4911,3.0377,0.8261,0.1739,0
4900.00,0.920,0.4911,3.5096,0.8261,0.1739,0
4900.00,0.940,0.4911,3.9815,0.8261,0.1739,0
4900.00,0.960,0.4911,4.4534,0.8261,0.1739,0
4900.00,0.980,0.4911,4.9253,0.8261,0.1739,0
5000.00,0.000,0.5604,-18.1974,0.8191,0.1809,0
5000.00,0.020,0.5604,-17.7255,0.8191,0.1809,0
5000.00,0.040,0.5604,-17.2536,0.8191,0.1809,0
5000.00,0.060,0.5604,-16.7817,0.8191,0.1809,0
5000.00,0.080,0.5604,-16.3098,0.8191,0.1809,0
5000.00,0.100,0.5604,-15.8380,0.8191,0.1809,0
5000.00,0.120,0.5604,-15.3661,0.8191,0.1809,0
5000.00,0.140,0.5604,-14.8942,0.8191,0.1809,0
5000.00,0.160,0.5604,-14.4223,0.8191,0.1809,0
5000.00,0.180,0.5604,-13.9504,0.8191,0.1809,0
5000.00,0.200,0.5604,-13.4785,0.8191,0.1809,0
5000.00,0.220,0.5604,-13.0066,0.8191,0.1809,0
5000.00,0.240,0.5604,-12.5347,0.8191,0.1809,0
5000.00,0.260,0.5604,-12.0628,0.8191,0.1809,0
5000.00,0.280,0.5604,-11.5909,0.8191,0.1809,0
5000.00,0.300,0.5604,-11.1190,0.8191,0.1809,0
5000.00,0.320,0.5604,-10.6471,0.8191,0.1809,0
5000.00,0.340,0.5604,-10.1752,0.8191,0.1809,0
5000.00,0.360,0.5604,-9.7034,0.8191,0.1809,0
5000.00,0.380,0.5604,-9.2315,0.8191,0.1809,0
5000.00,0.400,0.5604,-8.7596,0.8191,0.1809,0
5000.00,0.420,0.5604,-8.2877,0.8191,0.1809,0
5000.00,0.440,0.5604,-7.8158,0.8191,0.1809,0
5000.00,0.460,0.5604,-7.3439,0.8191,0.1809,0
5000.00,0.480,0.5604,-6.8720,0.8191,0.1809,0
5000.00,0.500,0.5604,-6.4001,0.8191,0.1809,0
5000.00,0.520,0.5604,-5.9282,0.8191,0.1809,0
5000.00,0.540,0.5604,-5.4563,0.8191,0.1809,0
5000.00,0.560,0.5604,-4.9844,0.8191,0.1809,0
5000.00,0.580,0.5604,-4.5125,0.8191,0.1809,0
5000.00,0.600,0.5604,-4.0406,0.8191,0.1809,0
5000.00,0.620,0.5604,-3.5688,0.8191,0.1809,0
5000.00,0.640,0.5604,-3.0969,0.8191,0.1809,0
5000.00,0.660,0.5604,-2.6250,0.8191,0.1809,0
5000.00,0.680,0.5604,-2.1531,0.8191,0.1809,0
5000.00,0.700,0.5604,-1.6812,0.8191,0.1809,0
5000.00,0.720,0.5604,-1.2093,0.8191,0.1809,0
5000.00,0.740,0.5604,-0.7374,0.2917,0.7083,1
5000.00,0.760,0.5604,-0.2655,0.3640,0.6360,1
5000.00,0.780,0.5604,0.2064,0.5734,0.4266,0
5000.00,0.800,0.5604,0.6783,0.5922,0.4078,0
5000.00,0.820,0.5604,1.1502,0.6312,0.3688,0
5000.00,0.840,0.5604,1.6221,0.8202,0.1798,0
5000.00,0.860,0.5604,2.0940,0.8202,0.1798,0
5000.00,0.880,0.5604,2.5658,0.8202,0.1798,0
5000.00,0.900,0.5604,3.0377,0.8202,0.1798,0
5000.00,0.920,0.5604,3.5096,0.8202,0.1798,0
5000.00,0.940,0.5604,3.9815,0.8202,0.1798,0
5000.00,0.960,0.5604,4.4534,0.8202,0.1798,0
5000.00,0.980,0.5604,4.9253,0.8202,0.1798,0
5100.00,0.000,0.6297,-18.1974,0.8431,0.1569,0
5100.00,0.020,0.6297,-17.7255,0.8431,0.1569,0
5100.00,0.040,0.6297,-17.2536,0.8431,0.1569,0
5100.00,0.060,0.6297,-16.7817,0.8431,0.1569,0
5100.00,0.080,0.6297,-16.3098,0.8431,0.1569,0
5100.00,0.100,0.6297,-15.8380,0.8431,0.1569,0
5100.00,0.120,0.6297,-15.3661,0.8431,0.1569,0
5100.00,0.140,0.6297,-14.8942,0.8431,0.1569,0
5100.00,0.160,0.6297,-14.4223,0.8431,0.1569,0
5100.00,0.180,0.6297,-13.9504,0.8431,0.1569,0
5100.00,0.200,0.6297,-13.4785,0.8431,0.1569,0
5100.00,0.220,0.6297,-13.0066,0.8431,0.1569,0
5100.00,0.240,0.6297,-12.5347,0.8431,0.1569,0
5100.00,0.260,0.6297,-12.0628,0.8431,0.1569,0
5100.00,0.280,0.6297,-11.5909,0.8431,0.1569,0
5100.00,0.300,0.6297,-11.1190,0.8431,0.1569,0
5100.00,0.320,0.6297,-10.6471,0.8431,0.1569,0
5100.00,0.340,0.6297,-10.1752,0.8431,0.1569,0
5100.00,0.360,0.6297,-9.7034,0.8431,0.1569,0
5100.00,0.380,0.6297,-9.2315,0.8431,0.1569,0
5100.00,0.400,0.6297,-8.7596,0.8431,0.1569,0
5100.00,0.420,0.6297,-8.2877,0.8431,0.1569,0
5100.00,0.440,0.6297,-7.8158,0.8431,0.1569,0
5100.00,0.460,0.6297,-7.3439,0.8431,0.1569,0
5100.00,0.480,0.6297,-6.8720,0.8431,0.1569,0
5100.00,0.500,0.6297,-6.4001,0.8431,0.1569,0
5100.00,0.520,0.6297,-5.9282,0.8431,0.1569,0
5100.00,0.540,0.6297,-5.4563,0.8431,0.1569,0
5100.00,0.560,0.6297,-4.9844,0.8431,0.1569,0
5100.00,0.580,0.6297,-4.5125,0.8431,0.1569,0
5100.00,0.600,0.6297,-4.0406,0.8431,0.1569,0
5100.00,0.620,0.6297,-3.5688,0.8431,0.1569,0
5100.00,0.640,0.6297,-3.0969,0.8431,0.1569,0
5100.00,0.660,0.6297,-2.6250,0.8431,0.1569,0
5100.00,0.680,0.6297,-2.1531,0.8431,0.1569,0
5100.00,0.700,0.6297,-1.6812,0.8431,0.1569,0
5100.00,0.720,0.6297,-1.2093,0.8431,0.1569,0
5100.00,0.740,0.6297,-0.7374,0.3498,0.6502,1
5100.00,0.760,0.6297,-0.2655,0.4063,0.5937,1
5100.00,0.780,0.6297,0.2064,0.6154,0.3846,0
5100.00,0.800,0.6297,0.6783,0.6154,0.3846,0
5100.00,0.820,0.6297,1.1502,0.6154,0.3846,0
5100.00,0.840,0.6297,1.6221,0.8044,0.1956,0
5100.00,0.860,0.6297,2.0940,0.8044,0.1956,0
5100.00,0.880,0.6297,2.5658,0.8044,0.1956,0
5100.00,0.900,0.6297,3.0377,0.8044,0.1956,0
5100.00,0.920,0.6297,3.5096,0.8044,0.1956,0
5100.00,0.940,0.6297,3.9815,0.8044,0.1956,0
5100.00,0.960,0.6297,4.4534,0.8044,0.1956,0
5100.00,0.980,0.6297,4.9253,0.8044,0.1956,0
5200.00,0.000,0.6989,-18.1974,0.9394,0.0606,0
5200.00,0.020,0.6989,-17.7255,0.9394,0.0606,0
5200.00,0.040,0.6989,-17.2536,0.9394,0.0606,0
5200.00,0.060,0.6989,-16.7817,0.9394,0.0606,0
5200.00,0.080,0.6989,-16.3098,0.9394,0.0606,0
5200.00,0.100,0.6989,-15.8380,0.9394,0.0606,0
5200.00,0.120,0.6989,-15.3661,0.9394,0.0606,0
5200.00,0.140,0.6989,-14.8942,0.9394,0.0606,0
5200.00,0.160,0.6989,-14.4223,0.9394,0.0606,0
5200.00,0.180,0.6989,-13.9504,0.9394,0.0606,0
5200.00,0.200,0.6989,-13.4785,0.9394,0.0606,0
5200.00,0.220,0.6989,-13.0066,0.9394,0.0606,0
5200.00,0.240,0.6989,-12.5347,0.9394,0.0606,0
5200.00,0.260,0.6989,-12.0628,0.9394,0.0606,0
5200.00,0.280,0.6989,-11.5909,0.9394,0.0606,0
5200.00,0.300,0.6989,-11.1190,0.9394,0.0606,0
5200.00,0.320,0.6989,-10.6471,0.9394,0.0606,0
5200.00,0.340,0.6989,-10.1752,0.9394,0.0606,0
5200.00,0.360,0.6989,-9.7034,0.9394,0.0606,0
5200.00,0.380,0.6989,-9.2315,0.9394,0.0606,0
5200.00,0.400,0.6989,-8.7596,0.9394,0.0606,0
5200.00,0.420,0.6989,-8.2877,0.9394,0.0606,0
5200.00,0.440,0.6989,-7.8158,0.9394,0.0606,0
5200.00,0.460,0.6989,-7.3439,0.9394,0.0606,0
5200.00,0.480,0.6989,-6.8720,0.9394,0.0606,0
5200.00,0.500,0.6989,-6.4001,0.9394,0.0606,0
5200.00,0.520,0.6989,-5.9282,0.9394,0.0606,0
5200.00,0.540,0.6989,-5.4563,0.9394,0.0606,0
5200.00,0.560,0.6989,-4.9844,0.9394,0.0606,0
5200.00,0.580,0.6989,-4.5125,0.9394,0.0606,0
5200.00,0.600,0.6989,-4.0406,0.9394,0.0606,0
5200.00,0.620,0.6989,-3.5688,0.9394,0.0606,0
5200.00,0.640,0.6989,-3.0969,0.9394,0.0606,0
5200.00,0.660,0.6989,-2.6250,0.9394,0.0606,0
5200.00,0.680,0.6989,-2.1531,0.9394,0.0606,0
5200.00,0.700,0.6989,-1.6812,0.9394,0.0606,0
5200.00,0.720,0.6989,-1.2093,0.9394,0.0606,0
5200.00,0.740,0.6989,-0.7374,0.5418,0.4582,0
5200.00,0.760,0.6989,-0.2655,0.5874,0.4126,0
5200.00,0.780,0.6989,0.2064,0.7829,0.2171,0
5200.00,0.800,0.6989,0.6783,0.7829,0.2171,0
5200.00,0.820,0.6989,1.1502,0.7829,0.2171,0
5200.00,0.840,0.6989,1.6221,0.9228,0.0772,0
5200.00,0.860,0.6989,2.0940,0.9228,0.0772,0
5200.00,0.880,0.6989,2.5658,0.9228,0.0772,0
5200.00,0.900,0.6989,3.0377,0.9228,0.0772,0
5200.00,0.920,0.6989,3.5096,0.9228,0.0772,0
5200.00,0.940,0.6989,3.9815,0.9228,0.0772,0
5200.00,0.960,0.6989,4.4534,0.9228,0.0772,0
5200.00,0.980,0.6989,4.9253,0.9228,0.0772,0
5300.00,0.000,0.7682,-18.1974,0.9687,0.0313,0
5300.00,0.020,0.7682,-17.7255,0.9687,0.0313,0
5300.00,0.040,0.7682,-17.2536,0.9687,0.0313,0
5300.00,0.060,0.7682,-16.7817,0.9687,0.0313,0
5300.00,0.080,0.7682,-16.3098,0.9687,0.0313,0
5300.00,0.100,0.7682,-15.8380,0.9687,0.0313,0
5300.00,0.120,0.7682,-15.3661,0.9687,0.0313,0
5300.00,0.140,0.7682,-14.8942,0.9687,0.0313,0
5300.00,0.160,0.7682,-14.4223,0.9687,0.0313,0
5300.00,0.180,0.7682,-13.9504,0.9687,0.0313,0
5300.00,0.200,0.7682,-13.4785,0.9687,0.0313,0
5300.00,0.220,0.7682,-13.0066,0.9687,0.0313,0
5300.00,0.240,0.7682,-12.5347,0.9687,0.0313,0
5300.00,0.260,0.7682,-12.0628,0.9687,0.0313,0
5300.00,0.280,0.7682,-11.5909,0.9687,0.0313,0
5300.00,0.300,0.7682,-11.1190,0.9687,0.0313,0
5300.00,0.320,0.7682,-10.6471,0.9687,0.0313,0
5300.00,0.340,0.7682,-10.1752,0.9687,0.0313,0
5300.00,0.360,0.7682,-9.7034,0.9687,0.0313,0
5300.00,0.380,0.7682,-9.2315,0.9687,0.0313,0
5300.00,0.400,0.7682,-8.7596,0.9687,0.0313,0
5300.00,0.420,0.7682,-8.2877,0.9687,0.0313,0
5300.00,0.440,0.7682,-7.8158,0.9687,0.0313,0
5300.00,0.460,0.7682,-7.3439,0.9687,0.0313,0
5300.00,0.480,0.7682,-6.8720,0.9687,0.0313,0
5300.00,0.500,0.7682,-6.4001,0.9687,0.0313,0
5300.00,0.520,0.7682,-5.9282,0.9687,0.0313,0
5300.00,0.540,0.7682,-5.4563,0.9687,0.0313,0
5300.00,0.560,0.7682,-4.9844,0.9687,0.0313,0
5300.00,0.580,0.7682,-4.5125,0.9687,0.0313,0
5300.00,0.600,0.7682,-4.0406,0.9687,0.0313,0
5300.00,0.620,0.7682,-3.5688,0.9687,0.0313,0
5300.00,0.640,0.7682,-3.0969,0.9687,0.0313,0
5300.00,0.660,0.7682,-2.6250,0.9687,0.0313,0
5300.00,0.680,0.7682,-2.1531,0.9687,0.0313,0
5300.00,0.700,0.7682,-1.6812,0.9687,0.0313,0
5300.00,0.720,0.7682,-1.2093,0.9687,0.0313,0
5300.00,0.740,0.7682,-0.7374,0.5602,0.4398,0
5300.00,0.760,0.7682,-0.2655,0.6058,0.3942,0
5300.00,0.780,0.7682,0.2064,0.8014,0.1986,0
5300.00,0.800,0.7682,0.6783,0.8014,0.1986,0
5300.00,0.820,0.7682,1.1502,0.8014,0.1986,0
5300.00,0.840,0.7682,1.6221,0.9412,0.0588,0
5300.00,0.860,0.7682,2.0940,0.9412,0.0588,0
5300.00,0.880,0.7682,2.5658,0.9412,0.0588,0
5300.00,0.900,0.7682,3.0377,0.9412,0.0588,0
5300.00,0.920,0.7682,3.5096,0.9412,0.0588,0
5300.00,0.940,0.7682,3.9815,0.9412,0.0588,0
5300.00,0.960,0.7682,4.4534,0.9412,0.0588,0
5300.00,0.980,0.7682,4.9253,0.9412,0.0588,0
5400.00,0.000,0.8375,-18.1974,0.9687,0.0313,0
5400.00,0.020,0.8375,-17.7255,0.9687,0.0313,0
5400.00,0.040,0.8375,-17.2536,0.9687,0.0313,0
5400.00,0.060,0.8375,-16.7817,0.9687,0.0313,0
5400.00,0.080,0.8375,-16.3098,0.9687,0.0313,0
5400.00,0.100,0.8375,-15.8380,0.9687,0.0313,0
5400.00,0.120,0.8375,-15.3661,0.9687,0.0313,0
5400.00,0.140,0.8375,-14.8942,0.9687,0.0313,0
5400.00,0.160,0.8375,-14.4223,0.9687,0.0313,0
5400.00,0.180,0.8375,-13.9504,0.9687,0.0313,0
5400.00,0.200,0.8375,-13.4785,0.9687,0.0313,0
5400.00,0.220,0.8375,-13.0066,0.9687,0.0313,0
5400.00,0.240,0.8375,-12.5347,0.9687,0.0313,0
5400.00,0.260,0.8375,-12.0628,0.9687,0.0313,0
5400.00,0.280,0.8375,-11.5909,0.9687,0.0313,0
5400.00,0.300,0.8375,-11.1190,0.9687,0.0313,0
5400.00,0.320,0.8375,-10.6471,0.9687,0.0313,0
5400.00,0.340,0.8375,-10.1752,0.9687,0.0313,0
5400.00,0.360,0.8375,-9.7034,0.9687,0.0313,0
5400.00,0.380,0.8375,-9.2315,0.9687,0.0313,0
5400.00,0.400,0.8375,-8.7596,0.9687,0.0313,0
5400.00,0.420,0.8375,-8.2877,0.9687,0.0313,0
5400.00,0.440,0.8375,-7.8158,0.9687,0.0313,0
5400.00,0.460,0.8375,-7.3439,0.9687,0.0313,0
5400.00,0.480,0.8375,-6.8720,0.9687,0.0313,0
5400.00,0.500,0.8375,-6.4001,0.9687,0.0313,0
5400.00,0.520,0.8375,-5.9282,0.9687,0.0313,0
5400.00,0.540,0.8375,-5.4563,0.9687,0.0313,0
5400.00,0.560,0.8375,-4.9844,0.9687,0.0313,0
5400.00,0.580,0.8375,-4.5125,0.9687,0.0313,0
5400.00,0.600,0.8375,-4.0406,0.9687,0.0313,0
5400.00,0.620,0.8375,-3.5688,0.9687,0.0313,0
5400.00,0.640,0.8375,-3.0969,0.9687,0.0313,0
5400.00,0.660,0.8375,-2.6250,0.9687,0.0313,0
5400.00,0.680,0.8375,-2.1531,0.9687,0.0313,0
5400.00,0.700,0.8375,-1.6812,0.9687,0.0313,0
5400.00,0.720,0.8375,-1.2093,0.9687,0.0313,0
5400.00,0.740,0.8375,-0.7374,0.5602,0.4398,0
5400.00,0.760,0.8375,-0.2655,0.6058,0.3942,0
5400.00,0.780,0.8375,0.2064,0.8014,0.1986,0
5400.00,0.800,0.8375,0.6783,0.8014,0.1986,0
5400.00,0.820,0.8375,1.1502,0.8014,0.1986,0
5400.00,0.840,0.8375,1.6221,0.9412,0.0588,0
5400.00,0.860,0.8375,2.0940,0.9412,0.0588,0
5400.00,0.880,0.8375,2.5658,0.9412,0.0588,0
5400.00,0.900,0.8375,3.0377,0.9412,0.0588,0
5400.00,0.920,0.8375,3.5096,0.9412,0.0588,0
5400.00,0.940,0.8375,3.9815,0.9412,0.0588,0
5400.00,0.960,0.8375,4.4534,0.9412,0.0588,0
5400.00,0.980,0.8375,4.9253,0.9412,0.0588,0
5500.00,0.000,0.9068,-18.1974,0.9687,0.0313,0
5500.00,0.020,0.9068,-17.7255,0.9687,0.0313,0
5500.00,0.040,0.9068,-17.2536,0.9687,0.0313,0
5500.00,0.060,0.9068,-16.7817,0.9687,0.0313,0
5500.00,0.080,0.9068,-16.3098,0.9687,0.0313,0
5500.00,0.100,0.9068,-15.8380,0.9687,0.0313,0
5500.00,0.120,0.9068,-15.3661,0.9687,0.0313,0
5500.00,0.140,0.9068,-14.8942,0.9687,0.0313,0
5500.00,0.160,0.9068,-14.4223,0.9687,0.0313,0
5500.00,0.180,0.9068,-13.9504,0.9687,0.0313,0
5500.00,0.200,0.9068,-13.4785,0.9687,0.0313,0
5500.00,0.220,0.9068,-13.0066,0.9687,0.0313,0
5500.00,0.240,0.9068,-12.5347,0.9687,0.0313,0
5500.00,0.260,0.9068,-12.0628,0.9687,0.0313,0
5500.00,0.280,0.9068,-11.5909,0.9687,0.0313,0
5500.00,0.300,0.9068,-11.1190,0.9687,0.0313,0
5500.00,0.320,0.9068,-10.6471,0.9687,0.0313,0
5500.00,0.340,0.9068,-10.1752,0.9687,0.0313,0
5500.00,0.360,0.9068,-9.7034,0.9687,0.0313,0
5500.00,0.380,0.9068,-9.2315,0.9687,0.0313,0
5500.00,0.400,0.9068,-8.7596,0.9687,0.0313,0
5500.00,0.420,0.9068,-8.2877,0.9687,0.0313,0
5500.00,0.440,0.9068,-7.8158,0.9687,0.0313,0
5500.00,0.460,0.9068,-7.3439,0.9687,0.0313,0
5500.00,0.480,0.9068,-6.8720,0.9687,0.0313,0
5500.00,0.500,0.9068,-6.4001,0.9687,0.0313,0
5500.00,0.520,0.9068,-5.9282,0.9687,0.0313,0
5500.00,0.540,0.9068,-5.4563,0.9687,0.0313,0
5500.00,0.560,0.9068,-4.9844,0.9687,0.0313,0
5500.00,0.580,0.9068,-4.5125,0.9687,0.0313,0
5500.00,0.600,0.9068,-4.0406,0.9687,0.0313,0
5500.00,0.620,0.9068,-3.5688,0.9687,0.0313,0
5500.00,0.640,0.9068,-3.0969,0.9687,0.0313,0
5500.00,0.660,0.9068,-2.6250,0.9687,0.0313,0
5500.00,0.680,0.9068,-2.1531,0.9687,0.0313,0
5500.00,0.700,0.9068,-1.6812,0.9687,0.0313,0
5500.00,0.720,0.9068,-1.2093,0.9687,0.0313,0
5500.00,0.740,0.9068,-0.7374,0.5602,0.4398,0
5500.00,0.760,0.9068,-0.2655,0.6058,0.3942,0
5500.00,0.780,0.9068,0.2064,0.8014,0.1986,0
5500.00,0.800,0.9068,0.6783,0.8014,0.1986,0
5500.00,0.820,0.9068,1.1502,0.8014,0.1986,0
5500.00,0.840,0.9068,1.6221,0.9412,0.0588,0
5500.00,0.860,0.9068,2.0940,0.9412,0.0588,0
5500.00,0.880,0.9068,2.5658,0.9412,0.0588,0
5500.00,0.900,0.9068,3.0377,0.9412,0.0588,0
5500.00,0.920,0.9068,3.5096,0.9412,0.0588,0
5500.00,0.940,0.9068,3.9815,0.9412,0.0588,0
5500.00,0.960,0.9068,4.4534,0.9412,0.0588,0
5500.00,0.980,0.9068,4.9253,0.9412,0.0588,0
5600.00,0.000,0.9761,-18.1974,0.9687,0.0313,0
5600.00,0.020,0.9761,-17.7255,0.9687,0.0313,0
5600.00,0.040,0.9761,-17.2536,0.9687,0.0313,0
5600.00,0.060,0.9761,-16.7817,0.9687,0.0313,0
5600.00,0.080,0.9761,-16.3098,0.9687,0.0313,0
5600.00,0.100,0.9761,-15.8380,0.9687,0.0313,0
5600.00,0.120,0.9761,-15.3661,0.9687,0.0313,0
5600.00,0.140,0.9761,-14.8942,0.9687,0.0313,0
5600.00,0.160,0.9761,-14.4223,0.9687,0.0313,0
5600.00,0.180,0.9761,-13.9504,0.9687,0.0313,0
5600.00,0.200,0.9761,-13.4785,0.9687,0.0313,0
5600.00,0.220,0.9761,-13.0066,0.9687,0.0313,0
5600.00,0.240,0.9761,-12.5347,0.9687,0.0313,0
5600.00,0.260,0.9761,-12.0628,0.9687,0.0313,0
5600.00,0.280,0.9761,-11.5909,0.9687,0.0313,0
5600.00,0.300,0.9761,-11.1190,0.9687,0.0313,0
5600.00,0.320,0.9761,-10.6471,0.9687,0.0313,0
5600.00,0.340,0.9761,-10.1752,0.9687,0.0313,0
5600.00,0.360,0.9761,-9.7034,0.9687,0.0313,0
5600.00,0.380,0.9761,-9.2315,0.9687,0.0313,0
5600.00,0.400,0.9761,-8.7596,0.9687,0.0313,0
5600.00,0.420,0.9761,-8.2877,0.9687,0.0313,0
5600.00,0.440,0.9761,-7.8158,0.9687,0.0313,0
5600.00,0.460,0.9761,-7.3439,0.9687,0.0313,0
5600.00,0.480,0.9761,-6.8720,0.9687,0.0313,0
5600.00,0.500,0.9761,-6.4001,0.9687,0.0313,0
5600.00,0.520,0.9761,-5.9282,0.9687,0.0313,0
5600.00,0.540,0.9761,-5.4563,0.9687,0.0313,0
5600.00,0.560,0.9761,-4.9844,0.9687,0.0313,0
5600.00,0.580,0.9761,-4.5125,0.9687,0.0313,0
5600.00,0.600,0.9761,-4.0406,0.9687,0.0313,0
5600.00,0.620,0.9761,-3.5688,0.9687,0.0313,0
5600.00,0.640,0.9761,-3.0969,0.9687,0.0313,0
5600.00,0.660,0.9761,-2.6250,0.9687,0.0313,0
5600.00,0.680,0.9761,-2.1531,0.9687,0.0313,0
5600.00,0.700,0.9761,-1.6812,0.9687,0.0313,0
5600.00,0.720,0.9761,-1.2093,0.9687,0.0313,0
5600.00,0.740,0.9761,-0.7374,0.5652,0.4348,0
5600.00,0.760,0.9761,-0.2655,0.6058,0.3942,0
5600.00,0.780,0.9761,0.2064,0.8014,0.1986,0
5600.00,0.800,0.9761,0.6783,0.8014,0.1986,0
5600.00,0.820,0.9761,1.1502,0.8014,0.1986,0
5600.00,0.840,0.9761,1.6221,0.9412,0.0588,0
5600.00,0.860,0.9761,2.0940,0.9412,0.0588,0
5600.00,0.880,0.9761,2.5658,0.9412,0.0588,0
5600.00,0.900,0.9761,3.0377,0.9412,0.0588,0
5600.00,0.920,0.9761,3.5096,0.9412,0.0588,0
5600.00,0.940,0.9761,3.9815,0.9412,0.0588,0
5600.00,0.960,0.9761,4.4534,0.9412,0.0588,0
5600.00,0.980,0.9761,4.9253,0.9412,0.0588,0
5700.00,0.000,1.0454,-18.1974,0.9687,0.0313,0
5700.00,0.020,1.0454,-17.7255,0.9687,0.0313,0
5700.00,0.040,1.0454,-17.2536,0.9687,0.0313,0
5700.00,0.060,1.0454,-16.7817,0.9687,0.0313,0
5700.00,0.080,1.0454,-16.3098,0.9687,0.0313,0
5700.00,0.100,1.0454,-15.8380,0.9687,0.0313,0
5700.00,0.120,1.0454,-15.3661,0.9687,0.0313,0
5700.00,0.140,1.0454,-14.8942,0.9687,0.0313,0
5700.00,0.160,1.0454,-14.4223,0.9687,0.0313,0
5700.00,0.180,1.0454,-13.9504,0.9687,0.0313,0
5700.00,0.200,1.0454,-13.4785,0.9687,0.0313,0
5700.00,0.220,1.0454,-13.0066,0.9687,0.0313,0
5700.00,0.240,1.0454,-12.5347,0.9687,0.0313,0
5700.00,0.260,1.0454,-12.0628,0.9687,0.0313,0
5700.00,0.280,1.0454,-11.5909,0.9687,0.0313,0
5700.00,0.300,1.0454,-11.1190,0.9687,0.0313,0
5700.00,0.320,1.0454,-10.6471,0.9687,0.0313,0
5700.00,0.340,1.0454,-10.1752,0.9687,0.0313,0
5700.00,0.360,1.0454,-9.7034,0.9687,0.0313,0
5700.00,0.380,1.0454,-9.2315,0.9687,0.0313,0
5700.00,0.400,1.0454,-8.7596,0.9687,0.0313,0
5700.00,0.420,1.0454,-8.2877,0.9687,0.0313,0
5700.00,0.440,1.0454,-7.8158,0.9687,0.0313,0
5700.00,0.460,1.0454,-7.3439,0.9687,0.0313,0
5700.00,0.480,1.0454,-6.8720,0.9687,0.0313,0
5700.00,0.500,1.0454,-6.4001,0.9687,0.0313,0
5700.00,0.520,1.0454,-5.9282,0.9687,0.0313,0
5700.00,0.540,1.0454,-5.4563,0.9687,0.0313,0
5700.00,0.560,1.0454,-4.9844,0.9687,0.0313,0
5700.00,0.580,1.0454,-4.5125,0.9687,0.0313,0
5700.00,0.600,1.0454,-4.0406,0.9687,0.0313,0
5700.00,0.620,1.0454,-3.5688,0.9687,0.0313,0
5700.00,0.640,1.0454,-3.0969,0.9687,0.0313,0
5700.00,0.660,1.0454,-2.6250,0.9687,0.0313,0
5700.00,0.680,1.0454,-2.1531,0.9687,0.0313,0
5700.00,0.700,1.0454,-1.6812,0.9687,0.0313,0
5700.00,0.720,1.0454,-1.2093,0.9687,0.0313,0
5700.00,0.740,1.0454,-0.7374,0.5652,0.4348,0
5700.00,0.760,1.0454,-0.2655,0.6058,0.3942,0
5700.00,0.780,1.0454,0.2064,0.8014,0.1986,0
5700.00,0.800,1.0454,0.6783,0.8014,0.1986,0
5700.00,0.820,1.0454,1.1502,0.8014,0.1986,0
5700.00,0.840,1.0454,1.6221,0.9412,0.0588,0
5700.00,0.860,1.0454,2.0940,0.9412,0.0588,0
5700.00,0.880,1.0454,2.5658,0.9412,0.0588,0
5700.00,0.900,1.0454,3.0377,0.9412,0.0588,0
5700.00,0.920,1.0454,3.5096,0.9412,0.0588,0
5700.00,0.940,1.0454,3.9815,0.9412,0.0588,0
5700.00,0.960,1.0454,4.4534,0.9412,0.0588,0
5700.00,0.980,1.0454,4.9253,0.9412,0.0588,0
5800.00,0.000,1.1146,-18.1974,0.9687,0.0313,0
5800.00,0.020,1.1146,-17.7255,0.9687,0.0313,0
5800.00,0.040,1.1146,-17.2536,0.9687,0.0313,0
5800.00,0.060,1.1146,-16.7817,0.9687,0.0313,0
5800.00,0.080,1.1146,-16.3098,0.9687,0.0313,0
5800.00,0.100,1.1146,-15.8380,0.9687,0.0313,0
5800.00,0.120,1.1146,-15.3661,0.9687,0.0313,0
5800.00,0.140,1.1146,-14.8942,0.9687,0.0313,0
5800.00,0.160,1.1146,-14.4223,0.9687,0.0313,0
5800.00,0.180,1.1146,-13.9504,0.9687,0.0313,0
5800.00,0.200,1.1146,-13.4785,0.9687,0.0313,0
5800.00,0.220,1.1146,-13.0066,0.9687,0.0313,0
5800.00,0.240,1.1146,-12.5347,0.9687,0.0313,0
5800.00,0.260,1.1146,-12.0628,0.9687,0.0313,0
5800.00,0.280,1.1146,-11.5909,0.9687,0.0313,0
5800.00,0.300,1.1146,-11.1190,0.9687,0.0313,0
5800.00,0.320,1.1146,-10.6471,0.9687,0.0313,0
5800.00,0.340,1.1146,-10.1752,0.9687,0.0313,0
5800.00,0.360,1.1146,-9.7034,0.9687,0.0313,0
5800.00,0.380,1.1146,-9.2315,0.9687,0.0313,0
5800.00,0.400,1.1146,-8.7596,0.9687,0.0313,0
5800.00,0.420,1.1146,-8.2877,0.9687,0.0313,0
5800.00,0.440,1.1146,-7.8158,0.9687,0.0313,0
5800.00,0.460,1.1146,-7.3439,0.9687,0.0313,0
5800.00,0.480,1.1146,-6.8720,0.9687,0.0313,0
5800.00,0.500,1.1146,-6.4001,0.9687,0.0313,0
5800.00,0.520,1.1146,-5.9282,0.9687,0.0313,0
5800.00,0.540,1.1146,-5.4563,0.9687,0.0313,0
5800.00,0.560,1.1146,-4.9844,0.9687,0.0313,0
5800.00,0.580,1.1146,-4.5125,0.9687,0.0313,0
5800.00,0.600,1.1146,-4.0406,0.9687,0.0313,0
5800.00,0.620,1.1146,-3.5688,0.9687,0.0313,0
5800.00,0.640,1.1146,-3.0969,0.9687,0.0313,0
5800.00,0.660,1.1146,-2.6250,0.9687,0.0313,0
5800.00,0.680,1.1146,-2.1531,0.9687,0.0313,0
5800.00,0.700,1.1146,-1.6812,0.9687,0.0313,0
5800.00,0.720,1.1146,-1.2093,0.9687,0.0313,0
5800.00,0.740,1.1146,-0.7374,0.5652,0.4348,0
5800.00,0.760,1.1146,-0.2655,0.6058,0.3942,0
5800.00,0.780,1.1146,0.2064,0.8014,0.1986,0
5800.00,0.800,1.1146,0.6783,0.8014,0.1986,0
5800.00,0.820,1.1146,1.1502,0.8014,0.1986,0
5800.00,0.840,1.1146,1.6221,0.9412,0.0588,0
5800.00,0.860,1.1146,2.0940,0.9412,0.0588,0
5800.00,0.880,1.1146,2.5658,0.9412,0.0588,0
5800.00,0.900,1.1146,3.0377,0.9412,0.0588,0
5800.00,0.920,1.1146,3.5096,0.9412,0.0588,0
5800.00,0.940,1.1146,3.9815,0.9412,0.0588,0
5800.00,0.960,1.1146,4.4534,0.9412,0.0588,0
5800.00,0.980,1.1146,4.9253,0.9412,0.0588,0
5900.00,0.000,1.1839,-18.1974,0.9687,0.0313,0
5900.00,0.020,1.1839,-17.7255,0.9687,0.0313,0
5900.00,0.040,1.1839,-17.2536,0.9687,0.0313,0
5900.00,0.060,1.1839,-16.7817,0.9687,0.0313,0
5900.00,0.080,1.1839,-16.3098,0.9687,0.0313,0
5900.00,0.100,1.1839,-15.8380,0.9687,0.0313,0
5900.00,0.120,1.1839,-15.3661,0.9687,0.0313,0
5900.00,0.140,1.1839,-14.8942,0.9687,0.0313,0
5900.00,0.160,1.1839,-14.4223,0.9687,0.0313,0
5900.00,0.180,1.1839,-13.9504,0.9687,0.0313,0
5900.00,0.200,1.1839,-13.4785,0.9687,0.0313,0
5900.00,0.220,1.1839,-13.0066,0.9687,0.0313,0
5900.00,0.240,1.1839,-12.5347,0.9687,0.0313,0
5900.00,0.260,1.1839,-12.0628,0.9687,0.0313,0
5900.00,0.280,1.1839,-11.5909,0.9687,0.0313,0
5900.00,0.300,1.1839,-11.1190,0.9687,0.0313,0
5900.00,0.320,1.1839,-10.6471,0.9687,0.0313,0
5900.00,0.340,1.1839,-10.1752,0.9687,0.0313,0
5900.00,0.360,1.1839,-9.7034,0.9687,0.0313,0
5900.00,0.380,1.1839,-9.2315,0.9687,0.0313,0
5900.00,0.400,1.1839,-8.7596,0.9687,0.0313,0
5900.00,0.420,1.1839,-8.2877,0.9687,0.0313,0
5900.00,0.440,1.1839,-7.8158,0.9687,0.0313,0
5900.00,0.460,1.1839,-7.3439,0.9687,0.0313,0
5900.00,0.480,1.1839,-6.8720,0.9687,0.0313,0
5900.00,0.500,1.1839,-6.4001,0.9687,0.0313,0
5900.00,0.520,1.1839,-5.9282,0.9687,0.0313,0
5900.00,0.540,1.1839,-5.4563,0.9687,0.0313,0
5900.00,0.560,1.1839,-4.9844,0.9687,0.0313,0
5900.00,0.580,1.1839,-4.5125,0.9687,0.0313,0
5900.00,0.600,1.1839,-4.0406,0.9687,0.0313,0
5900.00,0.620,1.1839,-3.5688,0.9687,0.0313,0
5900.00,0.640,1.1839,-3.0969,0.9687,0.0313,0
5900.00,0.660,1.1839,-2.6250,0.9687,0.0313,0
5900.00,0.680,1.1839,-2.1531,0.9687,0.0313,0
5900.00,0.700,1.1839,-1.6812,0.9687,0.0313,0
5900.00,0.720,1.1839,-1.2093,0.9687,0.0313,0
5900.00,0.740,1.1839,-0.7374,0.5652,0.4348,0
5900.00,0.760,1.1839,-0.2655,0.6058,0.3942,0
5900.00,0.780,1.1839,0.2064,0.8014,0.1986,0
5900.00,0.800,1.1839,0.6783,0.8014,0.1986,0
5900.00,0.820,1.1839,1.1502,0.8014,0.1986,0
5900.00,0.840,1.1839,1.6221,0.9412,0.0588,0
5900.00,0.860,1.1839,2.0940,0.9412,0.0588,0
5900.00,0.880,1.1839,2.5658,0.9412,0.0588,0
5900.00,0.900,1.1839,3.0377,0.9412,0.0588,0
5900.00,0.920,1.1839,3.5096,0.9412,0.0588,0
5900.00,0.940,1.1839,3.9815,0.9412,0.0588,0
5900.00,0.960,1.1839,4.4534,0.9412,0.0588,0
5900.00,0.980,1.1839,4.9253,0.9412,0.0588,0
6000.00,0.000,1.2532,-18.1974,0.9687,0.0313,0
6000.00,0.020,1.2532,-17.7255,0.9687,0.0313,0
6000.00,0.040,1.2532,-17.2536,0.9687,0.0313,0
6000.00,0.060,1.2532,-16.7817,0.9687,0.0313,0
6000.00,0.080,1.2532,-16.3098,0.9687,0.0313,0
6000.00,0.100,1.2532,-15.8380,0.9687,0.0313,0
6000.00,0.120,1.2532,-15.3661,0.9687,0.0313,0
6000.00,0.140,1.2532,-14.8942,0.9687,0.0313,0
6000.00,0.160,1.2532,-14.4223,0.9687,0.0313,0
6000.00,0.180,1.2532,-13.9504,0.9687,0.0313,0
6000.00,0.200,1.2532,-13.4785,0.9687,0.0313,0
6000.00,0.220,1.2532,-13.0066,0.9687,0.0313,0
6000.00,0.240,1.2532,-12.5347,0.9687,0.0313,0
6000.00,0.260,1.2532,-12.0628,0.9687,0.0313,0
6000.00,0.280,1.2532,-11.5909,0.9687,0.0313,0
6000.00,0.300,1.2532,-11.1190,0.9687,0.0313,0
6000.00,0.320,1.2532,-10.6471,0.9687,0.0313,0
6000.00,0.340,1.2532,-10.1752,0.9687,0.0313,0
6000.00,0.360,1.2532,-9.7034,0.9687,0.0313,0
6000.00,0.380,1.2532,-9.2315,0.9687,0.0313,0
6000.00,0.400,1.2532,-8.7596,0.9687,0.0313,0
6000.00,0.420,1.2532,-8.2877,0.9687,0.0313,0
6000.00,0.440,1.2532,-7.8158,0.9687,0.0313,0
6000.00,0.460,1.2532,-7.3439,0.9687,0.0313,0
6000.00,0.480,1.2532,-6.8720,0.9687,0.0313,0
6000.00,0.500,1.2532,-6.4001,0.9687,0.0313,0
6000.00,0.520,1.2532,-5.9282,0.9687,0.0313,0
6000.00,0.540,1.2532,-5.4563,0.9687,0.0313,0
6000.00,0.560,1.2532,-4.9844,0.9687,0.0313,0
6000.00,0.580,1.2532,-4.5125,0.9687,0.0313,0
6000.00,0.600,1.2532,-4.0406,0.9687,0.0313,0
6000.00,0.620,1.2532,-3.5688,0.9687,0.0313,0
6000.00,0.640,1.2532,-3.0969,0.9687,0.0313,0
6000.00,0.660,1.2532,-2.6250,0.9687,0.0313,0
6000.00,0.680,1.2532,-2.1531,0.9687,0.0313,0
6000.00,0.700,1.2532,-1.6812,0.9687,0.0313,0
6000.00,0.720,1.2532,-1.2093,0.9687,0.0313,0
6000.00,0.740,1.2532,-0.7374,0.5652,0.4348,0
6000.00,0.760,1.2532,-0.2655,0.6058,0.3942,0
6000.00,0.780,1.2532,0.2064,0.8014,0.1986,0
6000.00,0.800,1.2532,0.6783,0.8014,0.1986,0
6000.00,0.820,1.2532,1.1502,0.8014,0.1986,0
6000.00,0.840,1.2532,1.6221,0.9412,0.0588,0
6000.00,0.860,1.2532,2.0940,0.9412,0.0588,0
6000.00,0.880,1.2532,2.5658,0.9412,0.0588,0
6000.00,0.900,1.2532,3.0377,0.9412,0.0588,0
6000.00,0.920,1.2532,3.5096,0.9412,0.0588,0
6000.00,0.940,1.2532,3.9815,0.9412,0.0588,0
6000.00,0.960,1.2532,4.4534,0.9412,0.0588,0
6000.00,0.980,1.2532,4.9253,0.9412,0.0588,0
6100.00,0.000,1.3225,-18.1974,0.9687,0.0313,0
6100.00,0.020,1.3225,-17.7255,0.9687,0.0313,0
6100.00,0.040,1.3225,-17.2536,0.9687,0.0313,0
6100.00,0.060,1.3225,-16.7817,0.9687,0.0313,0
6100.00,0.080,1.3225,-16.3098,0.9687,0.0313,0
6100.00,0.100,1.3225,-15.8380,0.9687,0.0313,0
6100.00,0.120,1.3225,-15.3661,0.9687,0.0313,0
6100.00,0.140,1.3225,-14.8942,0.9687,0.0313,0
6100.00,0.160,1.3225,-14.4223,0.9687,0.0313,0
6100.00,0.180,1.3225,-13.9504,0.9687,0.0313,0
6100.00,0.200,1.3225,-13.4785,0.9687,0.0313,0
6100.00,0.220,1.3225,-13.0066,0.9687,0.0313,0
6100.00,0.240,1.3225,-12.5347,0.9687,0.0313,0
6100.00,0.260,1.3225,-12.0628,0.9687,0.0313,0
6100.00,0.280,1.3225,-11.5909,0.9687,0.0313,0
6100.00,0.300,1.3225,-11.1190,0.9687,0.0313,0
6100.00,0.320,1.3225,-10.6471,0.9687,0.0313,0
6100.00,0.340,1.3225,-10.1752,0.9687,0.0313,0
6100.00,0.360,1.3225,-9.7034,0.9687,0.0313,0
6100.00,0.380,1.3225,-9.2315,0.9687,0.0313,0
6100.00,0.400,1.3225,-8.7596,0.9687,0.0313,0
6100.00,0.420,1.3225,-8.2877,0.9687,0.0313,0
6100.00,0.440,1.3225,-7.8158,0.9687,0.0313,0
6100.00,0.460,1.3225,-7.3439,0.9687,0.0313,0
6100.00,0.480,1.3225,-6.8720,0.9687,0.0313,0
6100.00,0.500,1.3225,-6.4001,0.9687,0.0313,0
6100.00,0.520,1.3225,-5.9282,0.9687,0.0313,0
6100.00,0.540,1.3225,-5.4563,0.9687,0.0313,0
6100.00,0.560,1.3225,-4.9844,0.9687,0.0313,0
6100.00,0.580,1.3225,-4.5125,0.9687,0.0313,0
6100.00,0.600,1.3225,-4.0406,0.9687,0.0313,0
6100.00,0.620,1.3225,-3.5688,0.9687,0.0313,0
6100.00,0.640,1.3225,-3.0969,0.9687,0.0313,0
6100.00,0.660,1.3225,-2.6250,0.9687,0.0313,0
6100.00,0.680,1.3225,-2.1531,0.9687,0.0313,0
6100.00,0.700,1.3225,-1.6812,0.9687,0.0313,0
6100.00,0.720,1.3225,-1.2093,0.9687,0.0313,0
6100.00,0.740,1.3225,-0.7374,0.5652,0.4348,0
6100.00,0.760,1.3225,-0.2655,0.6058,0.3942,0
6100.00,0.780,1.3225,0.2064,0.8014,0.1986,0
6100.00,0.800,1.3225,0.6783,0.8014,0.1986,0
6100.00,0.820,1.3225,1.1502,0.8014,0.1986,0
6100.00,0.840,1.3225,1.6221,0.9412,0.0588,0
6100.00,0.860,1.3225,2.0940,0.9412,0.0588,0
6100.00,0.880,1.3225,2.5658,0.9412,0.0588,0
6100.00,0.900,1.3225,3.0377,0.9412,0.0588,0
6100.00,0.920,1.3225,3.5096,0.9412,0.0588,0
6100.00,0.940,1.3225,3.9815,0.9412,0.0588,0
6100.00,0.960,1.3225,4.4534,0.9412,0.0588,0
6100.00,0.980,1.3225,4.9253,0.9412,0.0588,0
6200.00,0.000,1.3918,-18.1974,0.9687,0.0313,0
6200.00,0.020,1.3918,-17.7255,0.9687,0.0313,0
6200.00,0.040,1.3918,-17.2536,0.9687,0.0313,0
6200.00,0.060,1.3918,-16.7817,0.9687,0.0313,0
6200.00,0.080,1.3918,-16.3098,0.9687,0.0313,0
6200.00,0.100,1.3918,-15.8380,0.9687,0.0313,0
6200.00,0.120,1.3918,-15.3661,0.9687,0.0313,0
6200.00,0.140,1.3918,-14.8942,0.9687,0.0313,0
6200.00,0.160,1.3918,-14.4223,0.9687,0.0313,0
6200.00,0.180,1.3918,-13.9504,0.9687,0.0313,0
6200.00,0.200,1.3918,-13.4785,0.9687,0.0313,0
6200.00,0.220,1.3918,-13.0066,0.9687,0.0313,0
6200.00,0.240,1.3918,-12.5347,0.9687,0.0313,0
6200.00,0.260,1.3918,-12.0628,0.9687,0.0313,0
6200.00,0.280,1.3918,-11.5909,0.9687,0.0313,0
6200.00,0.300,1.3918,-11.1190,0.9687,0.0313,0
6200.00,0.320,1.3918,-10.6471,0.9687,0.0313,0
6200.00,0.340,1.3918,-10.1752,0.9687,0.0313,0
6200.00,0.360,1.3918,-9.7034,0.9687,0.0313,0
6200.00,0.380,1.3918,-9.2315,0.9687,0.0313,0
6200.00,0.400,1.3918,-8.7596,0.9687,0.0313,0
6200.00,0.420,1.3918,-8.2877,0.9687,0.0313,0
6200.00,0.440,1.3918,-7.8158,0.9687,0.0313,0
6200.00,0.460,1.3918,-7.3439,0.9687,0.0313,0
6200.00,0.480,1.3918,-6.8720,0.9687,0.0313,0
6200.00,0.500,1.3918,-6.4001,0.9687,0.0313,0
6200.00,0.520,1.3918,-5.9282,0.9687,0.0313,0
6200.00,0.540,1.3918,-5.4563,0.9687,0.0313,0
6200.00,0.560,1.3918,-4.9844,0.9687,0.0313,0
6200.00,0.580,1.3918,-4.5125,0.9687,0.0313,0
6200.00,0.600,1.3918,-4.0406,0.9687,0.0313,0
6200.00,0.620,1.3918,-3.5688,0.9687,0.0313,0
6200.00,0.640,1.3918,-3.0969,0.9687,0.0313,0
6200.00,0.660,1.3918,-2.6250,0.9687,0.0313,0
6200.00,0.680,1.3918,-2.1531,0.9687,0.0313,0
6200.00,0.700,1.3918,-1.6812,0.9687,0.0313,0
6200.00,0.720,1.3918,-1.2093,0.9687,0.0313,0
6200.00,0.740,1.3918,-0.7374,0.5652,0.4348,0
6200.00,0.760,1.3918,-0.2655,0.6058,0.3942,0
6200.00,0.780,1.3918,0.2064,0.8014,0.1986,0
6200.00,0.800,1.3918,0.6783,0.8014,0.1986,0
6200.00,0.820,1.3918,1.1502,0.8014,0.1986,0
6200.00,0.840,1.3918,1.6221,0.9412,0.0588,0
6200.00,0.860,1.3918,2.0940,0.9412,0.0588,0
6200.00,0.880,1.3918,2.5658,0.9412,0.0588,0
6200.00,0.900,1.3918,3.0377,0.9412,0.0588,0
6200.00,0.920,1.3918,3.5096,0.9412,0.0588,0
6200.00,0.940,1.3918,3.9815,0.9412,0.0588,0
6200.00,0.960,1.3918,4.4534,0.9412,0.0588,0
6200.00,0.980,1.3918,4.9253,0.9412,0.0588,0
6300.00,0.000,1.4610,-18.1974,0.7598,0.2402,0
6300.00,0.020,1.4610,-17.7255,0.7598,0.2402,0
6300.00,0.040,1.4610,-17.2536,0.7598,0.2402,0
6300.00,0.060,1.4610,-16.7817,0.7598,0.2402,0
6300.00,0.080,1.4610,-16.3098,0.7598,0.2402,0
6300.00,0.100,1.4610,-15.8380,0.7598,0.2402,0
6300.00,0.120,1.4610,-15.3661,0.7598,0.2402,0
6300.00,0.140,1.4610,-14.8942,0.7598,0.2402,0
6300.00,0.160,1.4610,-14.4223,0.7598,0.2402,0
6300.00,0.180,1.4610,-13.9504,0.7598,0.2402,0
6300.00,0.200,1.4610,-13.4785,0.7598,0.2402,0
6300.00,0.220,1.4610,-13.0066,0.7598,0.2402,0
6300.00,0.240,1.4610,-12.5347,0.7598,0.2402,0
6300.00,0.260,1.4610,-12.0628,0.7598,0.2402,0
6300.00,0.280,1.4610,-11.5909,0.7598,0.2402,0
6300.00,0.300,1.4610,-11.1190,0.7598,0.2402,0
6300.00,0.320,1.4610,-10.6471,0.7598,0.2402,0
6300.00,0.340,1.4610,-10.1752,0.7598,0.2402,0
6300.00,0.360,1.4610,-9.7034,0.7598,0.2402,0
6300.00,0.380,1.4610,-9.2315,0.7598,0.2402,0
6300.00,0.400,1.4610,-8.7596,0.7598,0.2402,0
6300.00,0.420,1.4610,-8.2877,0.7598,0.2402,0
6300.00,0.440,1.4610,-7.8158,0.7598,0.2402,0
6300.00,0.460,1.4610,-7.3439,0.7598,0.2402,0
6300.00,0.480,1.4610,-6.8720,0.7598,0.2402,0
6300.00,0.500,1.4610,-6.4001,0.7598,0.2402,0
6300.00,0.520,1.4610,-5.9282,0.7598,0.2402,0
6300.00,0.540,1.4610,-5.4563,0.7598,0.2402,0
6300.00,0.560,1.4610,-4.9844,0.7598,0.2402,0
6300.00,0.580,1.4610,-4.5125,0.7598,0.2402,0
6300.00,0.600,1.4610,-4.0406,0.7598,0.2402,0
6300.00,0.620,1.4610,-3.5688,0.7598,0.2402,0
6300.00,0.640,1.4610,-3.0969,0.7598,0.2402,0
6300.00,0.660,1.4610,-2.6250,0.7598,0.2402,0
6300.00,0.680,1.4610,-2.1531,0.7598,0.2402,0
6300.00,0.700,1.4610,-1.6812,0.7598,0.2402,0
6300.00,0.720,1.4610,-1.2093,0.7598,0.2402,0
6300.00,0.740,1.4610,-0.7374,0.3048,0.6952,1
6300.00,0.760,1.4610,-0.2655,0.3361,0.6639,1
6300.00,0.780,1.4610,0.2064,0.7442,0.2558,0
6300.00,0.800,1.4610,0.6783,0.7442,0.2558,0
6300.00,0.820,1.4610,1.1502,0.7442,0.2558,0
6300.00,0.840,1.4610,1.6221,0.8841,0.1159,0
6300.00,0.860,1.4610,2.0940,0.8841,0.1159,0
6300.00,0.880,1.4610,2.5658,0.8841,0.1159,0
6300.00,0.900,1.4610,3.0377,0.8841,0.1159,0
6300.00,0.920,1.4610,3.5096,0.8841,0.1159,0
6300.00,0.940,1.4610,3.9815,0.8841,0.1159,0
6300.00,0.960,1.4610,4.4534,0.8841,0.1159,0
6300.00,0.980,1.4610,4.9253,0.8841,0.1159,0
6400.00,0.000,1.5303,-18.1974,0.7627,0.2373,0
6400.00,0.020,1.5303,-17.7255,0.7627,0.2373,0
6400.00,0.040,1.5303,-17.2536,0.7627,0.2373,0
6400.00,0.060,1.5303,-16.7817,0.7627,0.2373,0
6400.00,0.080,1.5303,-16.3098,0.7627,0.2373,0
6400.00,0.100,1.5303,-15.8380,0.7627,0.2373,0
6400.00,0.120,1.5303,-15.3661,0.7627,0.2373,0
6400.00,0.140,1.5303,-14.8942,0.7627,0.2373,0
6400.00,0.160,1.5303,-14.4223,0.7627,0.2373,0
6400.00,0.180,1.5303,-13.9504,0.7627,0.2373,0
6400.00,0.200,1.5303,-13.4785,0.7627,0.2373,0
6400.00,0.220,1.5303,-13.0066,0.7627,0.2373,0
6400.00,0.240,1.5303,-12.5347,0.7627,0.2373,0
6400.00,0.260,1.5303,-12.0628,0.7627,0.2373,0
6400.00,0.280,1.5303,-11.5909,0.7627,0.2373,0
6400.00,0.300,1.5303,-11.1190,0.7627,0.2373,0
6400.00,0.320,1.5303,-10.6471,0.7627,0.2373,0
6400.00,0.340,1.5303,-10.1752,0.7627,0.2373,0
6400.00,0.360,1.5303,-9.7034,0.7627,0.2373,0
6400.00,0.380,1.5303,-9.2315,0.7627,0.2373,0
6400.00,0.400,1.5303,-8.7596,0.7627,0.2373,0
6400.00,0.420,1.5303,-8.2877,0.7627,0.2373,0
6400.00,0.440,1.5303,-7.8158,0.7627,0.2373,0
6400.00,0.460,1.5303,-7.3439,0.7627,0.2373,0
6400.00,0.480,1.5303,-6.8720,0.7627,0.2373,0
6400.00,0.500,1.5303,-6.4001,0.7627,0.2373,0
6400.00,0.520,1.5303,-5.9282,0.7627,0.2373,0
6400.00,0.540,1.5303,-5.4563,0.7627,0.2373,0
6400.00,0.560,1.5303,-4.9844,0.7627,0.2373,0
6400.00,0.580,1.5303,-4.5125,0.7627,0.2373,0
6400.00,0.600,1.5303,-4.0406,0.7627,0.2373,0
6400.00,0.620,1.5303,-3.5688,0.7627,0.2373,0
6400.00,0.640,1.5303,-3.0969,0.7627,0.2373,0
6400.00,0.660,1.5303,-2.6250,0.7627,0.2373,0
6400.00,0.680,1.5303,-2.1531,0.7627,0.2373,0
6400.00,0.700,1.5303,-1.6812,0.7627,0.2373,0
6400.00,0.720,1.5303,-1.2093,0.7627,0.2373,0
6400.00,0.740,1.5303,-0.7374,0.2983,0.7017,1
6400.00,0.760,1.5303,-0.2655,0.3196,0.6804,1
6400.00,0.780,1.5303,0.2064,0.7277,0.2723,0
6400.00,0.800,1.5303,0.6783,0.7277,0.2723,0
6400.00,0.820,1.5303,1.1502,0.7277,0.2723,0
6400.00,0.840,1.5303,1.6221,0.8676,0.1324,0
6400.00,0.860,1.5303,2.0940,0.8676,0.1324,0
6400.00,0.880,1.5303,2.5658,0.8676,0.1324,0
6400.00,0.900,1.5303,3.0377,0.8676,0.1324,0
6400.00,0.920,1.5303,3.5096,0.8676,0.1324,0
6400.00,0.940,1.5303,3.9815,0.8676,0.1324,0
6400.00,0.960,1.5303,4.4534,0.8676,0.1324,0
6400.00,0.980,1.5303,4.9253,0.8676,0.1324,0
6500.00,0.000,1.5996,-18.1974,0.7627,0.2373,0
6500.00,0.020,1.5996,-17.7255,0.7627,0.2373,0
6500.00,0.040,1.5996,-17.2536,0.7627,0.2373,0
6500.00,0.060,1.5996,-16.7817,0.7627,0.2373,0
6500.00,0.080,1.5996,-16.3098,0.7627,0.2373,0
6500.00,0.100,1.5996,-15.8380,0.7627,0.2373,0
6500.00,0.120,1.5996,-15.3661,0.7627,0.2373,0
6500.00,0.140,1.5996,-14.8942,0.7627,0.2373,0
6500.00,0.160,1.5996,-14.4223,0.7627,0.2373,0
6500.00,0.180,1.5996,-13.9504,0.7627,0.2373,0
6500.00,0.200,1.5996,-13.4785,0.7627,0.2373,0
6500.00,0.220,1.5996,-13.0066,0.7627,0.2373,0
6500.00,0.240,1.5996,-12.5347,0.7627,0.2373,0
6500.00,0.260,1.5996,-12.0628,0.7627,0.2373,0
6500.00,0.280,1.5996,-11.5909,0.7627,0.2373,0
6500.00,0.300,1.5996,-11.1190,0.7627,0.2373,0
6500.00,0.320,1.5996,-10.6471,0.7627,0.2373,0
6500.00,0.340,1.5996,-10.1752,0.7627,0.2373,0
6500.00,0.360,1.5996,-9.7034,0.7627,0.2373,0
6500.00,0.380,1.5996,-9.2315,0.7627,0.2373,0
6500.00,0.400,1.5996,-8.7596,0.7627,0.2373,0
6500.00,0.420,1.5996,-8.2877,0.7627,0.2373,0
6500.00,0.440,1.5996,-7.8158,0.7627,0.2373,0
6500.00,0.460,1.5996,-7.3439,0.7627,0.2373,0
6500.00,0.480,1.5996,-6.8720,0.7627,0.2373,0
6500.00,0.500,1.5996,-6.4001,0.7627,0.2373,0
6500.00,0.520,1.5996,-5.9282,0.7627,0.2373,0
6500.00,0.540,1.5996,-5.4563,0.7627,0.2373,0
6500.00,0.560,1.5996,-4.9844,0.7627,0.2373,0
6500.00,0.580,1.5996,-4.5125,0.7627,0.2373,0
6500.00,0.600,1.5996,-4.0406,0.7627,0.2373,0
6500.00,0.620,1.5996,-3.5688,0.7627,0.2373,0
6500.00,0.640,1.5996,-3.0969,0.7627,0.2373,0
6500.00,0.660,1.5996,-2.6250,0.7627,0.2373,0
6500.00,0.680,1.5996,-2.1531,0.7627,0.2373,0
6500.00,0.700,1.5996,-1.6812,0.7627,0.2373,0
6500.00,0.720,1.5996,-1.2093,0.7627,0.2373,0
6500.00,0.740,1.5996,-0.7374,0.2983,0.7017,1
6500.00,0.760,1.5996,-0.2655,0.3196,0.6804,1
6500.00,0.780,1.5996,0.2064,0.7277,0.2723,0
6500.00,0.800,1.5996,0.6783,0.7277,0.2723,0
6500.00,0.820,1.5996,1.1502,0.7277,0.2723,0
6500.00,0.840,1.5996,1.6221,0.8676,0.1324,0
6500.00,0.860,1.5996,2.0940,0.8676,0.1324,0
6500.00,0.880,1.5996,2.5658,0.8676,0.1324,0
6500.00,0.900,1.5996,3.0377,0.8676,0.1324,0
6500.00,0.920,1.5996,3.5096,0.8676,0.1324,0
6500.00,0.940,1.5996,3.9815,0.8676,0.1324,0
6500.00,0.960,1.5996,4.4534,0.8676,0.1324,0
6500.00,0.980,1.5996,4.9253,0.8676,0.1324,0
6600.00,0.000,1.6689,-18.1974,0.7627,0.2373,0
6600.00,0.020,1.6689,-17.7255,0.7627,0.2373,0
6600.00,0.040,1.6689,-17.2536,0.7627,0.2373,0
6600.00,0.060,1.6689,-16.7817,0.7627,0.2373,0
6600.00,0.080,1.6689,-16.3098,0.7627,0.2373,0
6600.00,0.100,1.6689,-15.8380,0.7627,0.2373,0
6600.00,0.120,1.6689,-15.3661,0.7627,0.2373,0
6600.00,0.140,1.6689,-14.8942,0.7627,0.2373,0
6600.00,0.160,1.6689,-14.4223,0.7627,0.2373,0
6600.00,0.180,1.6689,-13.9504,0.7627,0.2373,0
6600.00,0.200,1.6689,-13.4785,0.7627,0.2373,0
6600.00,0.220,1.6689,-13.0066,0.7627,0.2373,0
6600.00,0.240,1.6689,-12.5347,0.7627,0.2373,0
6600.00,0.260,1.6689,-12.0628,0.7627,0.2373,0
6600.00,0.280,1.6689,-11.5909,0.7627,0.2373,0
6600.00,0.300,1.6689,-11.1190,0.7627,0.2373,0
6600.00,0.320,1.6689,-10.6471,0.7627,0.2373,0
6600.00,0.340,1.6689,-10.1752,0.7627,0.2373,0
6600.00,0.360,1.6689,-9.7034,0.7627,0.2373,0
6600.00,0.380,1.6689,-9.2315,0.7627,0.2373,0
6600.00,0.400,1.6689,-8.7596,0.7627,0.2373,0
6600.00,0.420,1.6689,-8.2877,0.7627,0.2373,0
6600.00,0.440,1.6689,-7.8158,0.7627,0.2373,0
6600.00,0.460,1.6689,-7.3439,0.7627,0.2373,0
6600.00,0.480,1.6689,-6.8720,0.7627,0.2373,0
6600.00,0.500,1.6689,-6.4001,0.7627,0.2373,0
6600.00,0.520,1.6689,-5.9282,0.7627,0.2373,0
6600.00,0.540,1.6689,-5.4563,0.7627,0.2373,0
6600.00,0.560,1.6689,-4.9844,0.7627,0.2373,0
6600.00,0.580,1.6689,-4.5125,0.7627,0.2373,0
6600.00,0.600,1.6689,-4.0406,0.7627,0.2373,0
6600.00,0.620,1.6689,-3.5688,0.7627,0.2373,0
6600.00,0.640,1.6689,-3.0969,0.7627,0.2373,0
6600.00,0.660,1.6689,-2.6250,0.7627,0.2373,0
6600.00,0.680,1.6689,-2.1531,0.7627,0.2373,0
6600.00,0.700,1.6689,-1.6812,0.7627,0.2373,0
6600.00,0.720,1.6689,-1.2093,0.7627,0.2373,0
6600.00,0.740,1.6689,-0.7374,0.2783,0.7217,1
6600.00,0.760,1.6689,-0.2655,0.2996,0.7004,1
6600.00,0.780,1.6689,0.2064,0.7477,0.2523,0
6600.00,0.800,1.6689,0.6783,0.7477,0.2523,0
6600.00,0.820,1.6689,1.1502,0.7477,0.2523,0
6600.00,0.840,1.6689,1.6221,0.8876,0.1124,0
6600.00,0.860,1.6689,2.0940,0.8876,0.1124,0
6600.00,0.880,1.6689,2.5658,0.8876,0.1124,0
6600.00,0.900,1.6689,3.0377,0.8876,0.1124,0
6600.00,0.920,1.6689,3.5096,0.8876,0.1124,0
6600.00,0.940,1.6689,3.9815,0.8876,0.1124,0
6600.00,0.960,1.6689,4.4534,0.8876,0.1124,0
6600.00,0.980,1.6689,4.9253,0.8876,0.1124,0
6700.00,0.000,1.7382,-18.1974,0.7427,0.2573,0
6700.00,0.020,1.7382,-17.7255,0.7427,0.2573,0
6700.00,0.040,1.7382,-17.2536,0.7427,0.2573,0
6700.00,0.060,1.7382,-16.7817,0.7427,0.2573,0
6700.00,0.080,1.7382,-16.3098,0.7427,0.2573,0
6700.00,0.100,1.7382,-15.8380,0.7427,0.2573,0
6700.00,0.120,1.7382,-15.3661,0.7427,0.2573,0
6700.00,0.140,1.7382,-14.8942,0.7427,0.2573,0
6700.00,0.160,1.7382,-14.4223,0.7427,0.2573,0
6700.00,0.180,1.7382,-13.9504,0.7427,0.2573,0
6700.00,0.200,1.7382,-13.4785,0.7427,0.2573,0
6700.00,0.220,1.7382,-13.0066,0.7427,0.2573,0
6700.00,0.240,1.7382,-12.5347,0.7427,0.2573,0
6700.00,0.260,1.7382,-12.0628,0.7427,0.2573,0
6700.00,0.280,1.7382,-11.5909,0.7427,0.2573,0
6700.00,0.300,1.7382,-11.1190,0.7427,0.2573,0
6700.00,0.320,1.7382,-10.6471,0.7427,0.2573,0
6700.00,0.340,1.7382,-10.1752,0.7427,0.2573,0
6700.00,0.360,1.7382,-9.7034,0.7427,0.2573,0
6700.00,0.380,1.7382,-9.2315,0.7427,0.2573,0
6700.00,0.400,1.7382,-8.7596,0.7427,0.2573,0
6700.00,0.420,1.7382,-8.2877,0.7427,0.2573,0
6700.00,0.440,1.7382,-7.8158,0.7427,0.2573,0
6700.00,0.460,1.7382,-7.3439,0.7427,0.2573,0
6700.00,0.480,1.7382,-6.8720,0.7427,0.2573,0
6700.00,0.500,1.7382,-6.4001,0.7427,0.2573,0
6700.00,0.520,1.7382,-5.9282,0.7427,0.2573,0
6700.00,0.540,1.7382,-5.4563,0.7427,0.2573,0
6700.00,0.560,1.7382,-4.9844,0.7427,0.2573,0
6700.00,0.580,1.7382,-4.5125,0.7427,0.2573,0
6700.00,0.600,1.7382,-4.0406,0.7427,0.2573,0
6700.00,0.620,1.7382,-3.5688,0.7427,0.2573,0
6700.00,0.640,1.7382,-3.0969,0.7427,0.2573,0
6700.00,0.660,1.7382,-2.6250,0.7427,0.2573,0
6700.00,0.680,1.7382,-2.1531,0.7427,0.2573,0
6700.00,0.700,1.7382,-1.6812,0.7427,0.2573,0
6700.00,0.720,1.7382,-1.2093,0.7427,0.2573,0
6700.00,0.740,1.7382,-0.7374,0.2583,0.7417,1
6700.00,0.760,1.7382,-0.2655,0.2796,0.7204,1
6700.00,0.780,1.7382,0.2064,0.7277,0.2723,0
6700.00,0.800,1.7382,0.6783,0.7277,0.2723,0
6700.00,0.820,1.7382,1.1502,0.7277,0.2723,0
6700.00,0.840,1.7382,1.6221,0.8676,0.1324,0
6700.00,0.860,1.7382,2.0940,0.8676,0.1324,0
6700.00,0.880,1.7382,2.5658,0.8676,0.1324,0
6700.00,0.900,1.7382,3.0377,0.8676,0.1324,0
6700.00,0.920,1.7382,3.5096,0.8676,0.1324,0
6700.00,0.940,1.7382,3.9815,0.8676,0.1324,0
6700.00,0.960,1.7382,4.4534,0.8676,0.1324,0
6700.00,0.980,1.7382,4.9253,0.8676,0.1324,0
6800.00,0.000,1.8075,-18.1974,0.7427,0.2573,0
6800.00,0.020,1.8075,-17.7255,0.7427,0.2573,0
6800.00,0.040,1.8075,-17.2536,0.7427,0.2573,0
6800.00,0.060,1.8075,-16.7817,0.7427,0.2573,0
6800.00,0.080,1.8075,-16.3098,0.7427,0.2573,0
6800.00,0.100,1.8075,-15.8380,0.7427,0.2573,0
6800.00,0.120,1.8075,-15.3661,0.7427,0.2573,0
6800.00,0.140,1.8075,-14.8942,0.7427,0.2573,0
6800.00,0.160,1.8075,-14.4223,0.7427,0.2573,0
6800.00,0.180,1.8075,-13.9504,0.7427,0.2573,0
6800.00,0.200,1.8075,-13.4785,0.7427,0.2573,0
6800.00,0.220,1.8075,-13.0066,0.7427,0.2573,0
6800.00,0.240,1.8075,-12.5347,0.7427,0.2573,0
6800.00,0.260,1.8075,-12.0628,0.7427,0.2573,0
6800.00,0.280,1.8075,-11.5909,0.7427,0.2573,0
6800.00,0.300,1.8075,-11.1190,0.7427,0.2573,0
6800.00,0.320,1.8075,-10.6471,0.7427,0.2573,0
6800.00,0.340,1.8075,-10.1752,0.7427,0.2573,0
6800.00,0.360,1.8075,-9.7034,0.7427,0.2573,0
6800.00,0.380,1.8075,-9.2315,0.7427,0.2573,0
6800.00,0.400,1.8075,-8.7596,0.7427,0.2573,0
6800.00,0.420,1.8075,-8.2877,0.7427,0.2573,0
6800.00,0.440,1.8075,-7.8158,0.7427,0.2573,0
6800.00,0.460,1.8075,-7.3439,0.7427,0.2573,0
6800.00,0.480,1.8075,-6.8720,0.7427,0.2573,0
6800.00,0.500,1.8075,-6.4001,0.7427,0.2573,0
6800.00,0.520,1.8075,-5.9282,0.7427,0.2573,0
6800.00,0.540,1.8075,-5.4563,0.7427,0.2573,0
6800.00,0.560,1.8075,-4.9844,0.7427,0.2573,0
6800.00,0.580,1.8075,-4.5125,0.7427,0.2573,0
6800.00,0.600,1.8075,-4.0406,0.7427,0.2573,0
6800.00,0.620,1.8075,-3.5688,0.7427,0.2573,0
6800.00,0.640,1.8075,-3.0969,0.7427,0.2573,0
6800.00,0.660,1.8075,-2.6250,0.7427,0.2573,0
6800.00,0.680,1.8075,-2.1531,0.7427,0.2573,0
6800.00,0.700,1.8075,-1.6812,0.7427,0.2573,0
6800.00,0.720,1.8075,-1.2093,0.7427,0.2573,0
6800.00,0.740,1.8075,-0.7374,0.2583,0.7417,1
6800.00,0.760,1.8075,-0.2655,0.2796,0.7204,1
6800.00,0.780,1.8075,0.2064,0.7277,0.2723,0
6800.00,0.800,1.8075,0.6783,0.7277,0.2723,0
6800.00,0.820,1.8075,1.1502,0.7277,0.2723,0
6800.00,0.840,1.8075,1.6221,0.8676,0.1324,0
6800.00,0.860,1.8075,2.0940,0.8676,0.1324,0
6800.00,0.880,1.8075,2.5658,0.8676,0.1324,0
6800.00,0.900,1.8075,3.0377,0.8676,0.1324,0
6800.00,0.920,1.8075,3.5096,0.8676,0.1324,0
6800.00,0.940,1.8075,3.9815,0.8676,0.1324,0
6800.00,0.960,1.8075,4.4534,0.8676,0.1324,0
6800.00,0.980,1.8075,4.9253,0.8676,0.1324,0
6900.00,0.000,1.8767,-18.1974,0.7247,0.2753,0
6900.00,0.020,1.8767,-17.7255,0.7247,0.2753,0
6900.00,0.040,1.8767,-17.2536,0.7247,0.2753,0
6900.00,0.060,1.8767,-16.7817,0.7247,0.2753,0
6900.00,0.080,1.8767,-16.3098,0.7247,0.2753,0
6900.00,0.100,1.8767,-15.8380,0.7247,0.2753,0
6900.00,0.120,1.8767,-15.3661,0.7247,0.2753,0
6900.00,0.140,1.8767,-14.8942,0.7247,0.2753,0
6900.00,0.160,1.8767,-14.4223,0.7247,0.2753,0
6900.00,0.180,1.8767,-13.9504,0.7247,0.2753,0
6900.00,0.200,1.8767,-13.4785,0.7247,0.2753,0
6900.00,0.220,1.8767,-13.0066,0.7247,0.2753,0
6900.00,0.240,1.8767,-12.5347,0.7247,0.2753,0
6900.00,0.260,1.8767,-12.0628,0.7247,0.2753,0
6900.00,0.280,1.8767,-11.5909,0.7247,0.2753,0
6900.00,0.300,1.8767,-11.1190,0.7247,0.2753,0
6900.00,0.320,1.8767,-10.6471,0.7247,0.2753,0
6900.00,0.340,1.8767,-10.1752,0.7247,0.2753,0
6900.00,0.360,1.8767,-9.7034,0.7247,0.2753,0
6900.00,0.380,1.8767,-9.2315,0.7247,0.2753,0
6900.00,0.400,1.8767,-8.7596,0.7247,0.2753,0
6900.00,0.420,1.8767,-8.2877,0.7247,0.2753,0
6900.00,0.440,1.8767,-7.8158,0.7247,0.2753,0
6900.00,0.460,1.8767,-7.3439,0.7247,0.2753,0
6900.00,0.480,1.8767,-6.8720,0.7247,0.2753,0
6900.00,0.500,1.8767,-6.4001,0.7247,0.2753,0
6900.00,0.520,1.8767,-5.9282,0.7247,0.2753,0
6900.00,0.540,1.8767,-5.4563,0.7247,0.2753,0
6900.00,0.560,1.8767,-4.9844,0.7247,0.2753,0
6900.00,0.580,1.8767,-4.5125,0.7247,0.2753,0
6900.00,0.600,1.8767,-4.0406,0.7247,0.2753,0
6900.00,0.620,1.8767,-3.5688,0.7247,0.2753,0
6900.00,0.640,1.8767,-3.0969,0.7247,0.2753,0
6900.00,0.660,1.8767,-2.6250,0.7247,0.2753,0
6900.00,0.680,1.8767,-2.1531,0.7247,0.2753,0
6900.00,0.700,1.8767,-1.6812,0.7247,0.2753,0
6900.00,0.720,1.8767,-1.2093,0.7247,0.2753,0
6900.00,0.740,1.8767,-0.7374,0.2403,0.7597,1
6900.00,0.760,1.8767,-0.2655,0.2417,0.7583,1
6900.00,0.780,1.8767,0.2064,0.7098,0.2902,0
6900.00,0.800,1.8767,0.6783,0.7098,0.2902,0
6900.00,0.820,1.8767,1.1502,0.7098,0.2902,0
6900.00,0.840,1.8767,1.6221,0.8496,0.1504,0
6900.00,0.860,1.8767,2.0940,0.8496,0.1504,0
6900.00,0.880,1.8767,2.5658,0.8496,0.1504,0
6900.00,0.900,1.8767,3.0377,0.8496,0.1504,0
6900.00,0.920,1.8767,3.5096,0.8496,0.1504,0
6900.00,0.940,1.8767,3.9815,0.8496,0.1504,0
6900.00,0.960,1.8767,4.4534,0.8496,0.1504,0
6900.00,0.980,1.8767,4.9253,0.8496,0.1504,0
7000.00,0.000,1.9460,-18.1974,0.7247,0.2753,0
7000.00,0.020,1.9460,-17.7255,0.7247,0.2753,0
7000.00,0.040,1.9460,-17.2536,0.7247,0.2753,0
7000.00,0.060,1.9460,-16.7817,0.7247,0.2753,0
7000.00,0.080,1.9460,-16.3098,0.7247,0.2753,0
7000.00,0.100,1.9460,-15.8380,0.7247,0.2753,0
7000.00,0.120,1.9460,-15.3661,0.7247,0.2753,0
7000.00,0.140,1.9460,-14.8942,0.7247,0.2753,0
7000.00,0.160,1.9460,-14.4223,0.7247,0.2753,0
7000.00,0.180,1.9460,-13.9504,0.7247,0.2753,0
7000.00,0.200,1.9460,-13.4785,0.7247,0.2753,0
7000.00,0.220,1.9460,-13.0066,0.7247,0.2753,0
7000.00,0.240,1.9460,-12.5347,0.7247,0.2753,0
7000.00,0.260,1.9460,-12.0628,0.7247,0.2753,0
7000.00,0.280,1.9460,-11.5909,0.7247,0.2753,0
7000.00,0.300,1.9460,-11.1190,0.7247,0.2753,0
7000.00,0.320,1.9460,-10.6471,0.7247,0.2753,0
7000.00,0.340,1.9460,-10.1752,0.7247,0.2753,0
7000.00,0.360,1.9460,-9.7034,0.7247,0.2753,0
7000.00,0.380,1.9460,-9.2315,0.7247,0.2753,0
7000.00,0.400,1.9460,-8.7596,0.7247,0.2753,0
7000.00,0.420,1.9460,-8.2877,0.7247,0.2753,0
7000.00,0.440,1.9460,-7.8158,0.7247,0.2753,0
7000.00,0.460,1.9460,-7.3439,0.7247,0.2753,0
7000.00,0.480,1.9460,-6.8720,0.7247,0.2753,0
7000.00,0.500,1.9460,-6.4001,0.7247,0.2753,0
7000.00,0.520,1.9460,-5.9282,0.7247,0.2753,0
7000.00,0.540,1.9460,-5.4563,0.7247,0.2753,0
7000.00,0.560,1.9460,-4.9844,0.7247,0.2753,0
7000.00,0.580,1.9460,-4.5125,0.7247,0.2753,0
7000.00,0.600,1.9460,-4.0406,0.7247,0.2753,0
7000.00,0.620,1.9460,-3.5688,0.7247,0.2753,0
7000.00,0.640,1.9460,-3.0969,0.7247,0.2753,0
7000.00,0.660,1.9460,-2.6250,0.7247,0.2753,0
7000.00,0.680,1.9460,-2.1531,0.7247,0.2753,0
7000.00,0.700,1.9460,-1.6812,0.7247,0.2753,0
7000.00,0.720,1.9460,-1.2093,0.7247,0.2753,0
7000.00,0.740,1.9460,-0.7374,0.2403,0.7597,1
7000.00,0.760,1.9460,-0.2655,0.2417,0.7583,1
7000.00,0.780,1.9460,0.2064,0.7098,0.2902,0
7000.00,0.800,1.9460,0.6783,0.7098,0.2902,0
7000.00,0.820,1.9460,1.1502,0.7098,0.2902,0
7000.00,0.840,1.9460,1.6221,0.8496,0.1504,0
7000.00,0.860,1.9460,2.0940,0.8496,0.1504,0
7000.00,0.880,1.9460,2.5658,0.8496,0.1504,0
7000.00,0.900,1.9460,3.0377,0.8496,0.1504,0
7000.00,0.920,1.9460,3.5096,0.8496,0.1504,0
7000.00,0.940,1.9460,3.9815,0.8496,0.1504,0
7000.00,0.960,1.9460,4.4534,0.8496,0.1504,0
7000.00,0.980,1.9460,4.9253,0.8496,0.1504,0
7100.00,0.000,2.0153,-18.1974,0.7247,0.2753,0
7100.00,0.020,2.0153,-17.7255,0.7247,0.2753,0
7100.00,0.040,2.0153,-17.2536,0.7247,0.2753,0
7100.00,0.060,2.0153,-16.7817,0.7247,0.2753,0
7100.00,0.080,2.0153,-16.3098,0.7247,0.2753,0
7100.00,0.100,2.0153,-15.8380,0.7247,0.2753,0
7100.00,0.120,2.0153,-15.3661,0.7247,0.2753,0
7100.00,0.140,2.0153,-14.8942,0.7247,0.2753,0
7100.00,0.160,2.0153,-14.4223,0.7247,0.2753,0
7100.00,0.180,2.0153,-13.9504,0.7247,0.2753,0
7100.00,0.200,2.0153,-13.4785,0.7247,0.2753,0
7100.00,0.220,2.0153,-13.0066,0.7247,0.2753,0
7100.00,0.240,2.0153,-12.5347,0.7247,0.2753,0
7100.00,0.260,2.0153,-12.0628,0.7247,0.2753,0
7100.00,0.280,2.0153,-11.5909,0.7247,0.2753,0
7100.00,0.300,2.0153,-11.1190,0.7247,0.2753,0
7100.00,0.320,2.0153,-10.6471,0.7247,0.2753,0
7100.00,0.340,2.0153,-10.1752,0.7247,0.2753,0
7100.00,0.360,2.0153,-9.7034,0.7247,0.2753,0
7100.00,0.380,2.0153,-9.2315,0.7247,0.2753,0
7100.00,0.400,2.0153,-8.7596,0.7247,0.2753,0
7100.00,0.420,2.0153,-8.2877,0.7247,0.2753,0
7100.00,0.440,2.0153,-7.8158,0.7247,0.2753,0
7100.00,0.460,2.0153,-7.3439,0.7247,0.2753,0
7100.00,0.480,2.0153,-6.8720,0.7247,0.2753,0
7100.00,0.500,2.0153,-6.4001,0.7247,0.2753,0
7100.00,0.520,2.0153,-5.9282,0.7247,0.2753,0
7100.00,0.540,2.0153,-5.4563,0.7247,0.2753,0
7100.00,0.560,2.0153,-4.9844,0.7247,0.2753,0
7100.00,0.580,2.0153,-4.5125,0.7247,0.2753,0
7100.00,0.600,2.0153,-4.0406,0.7247,0.2753,0
7100.00,0.620,2.0153,-3.5688,0.7247,0.2753,0
7100.00,0.640,2.0153,-3.0969,0.7247,0.2753,0
7100.00,0.660,2.0153,-2.6250,0.7247,0.2753,0
7100.00,0.680,2.0153,-2.1531,0.7247,0.2753,0
7100.00,0.700,2.0153,-1.6812,0.7247,0.2753,0
7100.00,0.720,2.0153,-1.2093,0.7247,0.2753,0
7100.00,0.740,2.0153,-0.7374,0.2403,0.7597,1
7100.00,0.760,2.0153,-0.2655,0.2417,0.7583,1
7100.00,0.780,2.0153,0.2064,0.7098,0.2902,0
7100.00,0.800,2.0153,0.6783,0.7098,0.2902,0
7100.00,0.820,2.0153,1.1502,0.7098,0.2902,0
7100.00,0.840,2.0153,1.6221,0.8496,0.1504,0
7100.00,0.860,2.0153,2.0940,0.8496,0.1504,0
7100.00,0.880,2.0153,2.5658,0.8496,0.1504,0
7100.00,0.900,2.0153,3.0377,0.8496,0.1504,0
7100.00,0.920,2.0153,3.5096,0.8496,0.1504,0
7100.00,0.940,2.0153,3.9815,0.8496,0.1504,0
7100.00,0.960,2.0153,4.4534,0.8496,0.1504,0
7100.00,0.980,2.0153,4.9253,0.8496,0.1504,0
7200.00,0.000,2.0846,-18.1974,0.7247,0.2753,0
7200.00,0.020,2.0846,-17.7255,0.7247,0.2753,0
7200.00,0.040,2.0846,-17.2536,0.7247,0.2753,0
7200.00,0.060,2.0846,-16.7817,0.7247,0.2753,0
7200.00,0.080,2.0846,-16.3098,0.7247,0.2753,0
7200.00,0.100,2.0846,-15.8380,0.7247,0.2753,0
7200.00,0.120,2.0846,-15.3661,0.7247,0.2753,0
7200.00,0.140,2.0846,-14.8942,0.7247,0.2753,0
7200.00,0.160,2.0846,-14.4223,0.7247,0.2753,0
7200.00,0.180,2.0846,-13.9504,0.7247,0.2753,0
7200.00,0.200,2.0846,-13.4785,0.7247,0.2753,0
7200.00,0.220,2.0846,-13.0066,0.7247,0.2753,0
7200.00,0.240,2.0846,-12.5347,0.7247,0.2753,0
7200.00,0.260,2.0846,-12.0628,0.7247,0.2753,0
7200.00,0.280,2.0846,-11.5909,0.7247,0.2753,0
7200.00,0.300,2.0846,-11.1190,0.7247,0.2753,0
7200.00,0.320,2.0846,-10.6471,0.7247,0.2753,0
7200.00,0.340,2.0846,-10.1752,0.7247,0.2753,0
7200.00,0.360,2.0846,-9.7034,0.7247,0.2753,0
7200.00,0.380,2.0846,-9.2315,0.7247,0.2753,0
7200.00,0.400,2.0846,-8.7596,0.7247,0.2753,0
7200.00,0.420,2.0846,-8.2877,0.7247,0.2753,0
7200.00,0.440,2.0846,-7.8158,0.7247,0.2753,0
7200.00,0.460,2.0846,-7.3439,0.7247,0.2753,0
7200.00,0.480,2.0846,-6.8720,0.7247,0.2753,0
7200.00,0.500,2.0846,-6.4001,0.7247,0.2753,0
7200.00,0.520,2.0846,-5.9282,0.7247,0.2753,0
7200.00,0.540,2.0846,-5.4563,0.7247,0.2753,0
7200.00,0.560,2.0846,-4.9844,0.7247,0.2753,0
7200.00,0.580,2.0846,-4.5125,0.7247,0.2753,0
7200.00,0.600,2.0846,-4.0406,0.7247,0.2753,0
7200.00,0.620,2.0846,-3.5688,0.7247,0.2753,0
7200.00,0.640,2.0846,-3.0969,0.7247,0.2753,0
7200.00,0.660,2.0846,-2.6250,0.7247,0.2753,0
7200.00,0.680,2.0846,-2.1531,0.7247,0.2753,0
7200.00,0.700,2.0846,-1.6812,0.7247,0.2753,0
7200.00,0.720,2.0846,-1.2093,0.7247,0.2753,0
7200.00,0.740,2.0846,-0.7374,0.2403,0.7597,1
7200.00,0.760,2.0846,-0.2655,0.2417,0.7583,1
7200.00,0.780,2.0846,0.2064,0.7098,0.2902,0
7200.00,0.800,2.0846,0.6783,0.7098,0.2902,0
7200.00,0.820,2.0846,1.1502,0.7098,0.2902,0
7200.00,0.840,2.0846,1.6221,0.8496,0.1504,0
7200.00,0.860,2.0846,2.0940,0.8496,0.1504,0
7200.00,0.880,2.0846,2.5658,0.8496,0.1504,0
7200.00,0.900,2.0846,3.0377,0.8496,0.1504,0
7200.00,0.920,2.0846,3.5096,0.8496,0.1504,0
7200.00,0.940,2.0846,3.9815,0.8496,0.1504,0
7200.00,0.960,2.0846,4.4534,0.8496,0.1504,0
7200.00,0.980,2.0846,4.9253,0.8496,0.1504,0
7300.00,0.000,2.1539,-18.1974,0.7287,0.2713,0
7300.00,0.020,2.1539,-17.7255,0.7287,0.2713,0
7300.00,0.040,2.1539,-17.2536,0.7287,0.2713,0
7300.00,0.060,2.1539,-16.7817,0.7287,0.2713,0
7300.00,0.080,2.1539,-16.3098,0.7287,0.2713,0
7300.00,0.100,2.1539,-15.8380,0.7287,0.2713,0
7300.00,0.120,2.1539,-15.3661,0.7287,0.2713,0
7300.00,0.140,2.1539,-14.8942,0.7287,0.2713,0
7300.00,0.160,2.1539,-14.4223,0.7287,0.2713,0
7300.00,0.180,2.1539,-13.9504,0.7287,0.2713,0
7300.00,0.200,2.1539,-13.4785,0.7287,0.2713,0
7300.00,0.220,2.1539,-13.0066,0.7287,0.2713,0
7300.00,0.240,2.1539,-12.5347,0.7287,0.2713,0
7300.00,0.260,2.1539,-12.0628,0.7287,0.2713,0
7300.00,0.280,2.1539,-11.5909,0.7287,0.2713,0
7300.00,0.300,2.1539,-11.1190,0.7287,0.2713,0
7300.00,0.320,2.1539,-10.6471,0.7287,0.2713,0
7300.00,0.340,2.1539,-10.1752,0.7287,0.2713,0
7300.00,0.360,2.1539,-9.7034,0.7287,0.2713,0
7300.00,0.380,2.1539,-9.2315,0.7287,0.2713,0
7300.00,0.400,2.1539,-8.7596,0.7287,0.2713,0
7300.00,0.420,2.1539,-8.2877,0.7287,0.2713,0
7300.00,0.440,2.1539,-7.8158,0.7287,0.2713,0
7300.00,0.460,2.1539,-7.3439,0.7287,0.2713,0
7300.00,0.480,2.1539,-6.8720,0.7287,0.2713,0
7300.00,0.500,2.1539,-6.4001,0.7287,0.2713,0
7300.00,0.520,2.1539,-5.9282,0.7287,0.2713,0
7300.00,0.540,2.1539,-5.4563,0.7287,0.2713,0
7300.00,0.560,2.1539,-4.9844,0.7287,0.2713,0
7300.00,0.580,2.1539,-4.5125,0.7287,0.2713,0
7300.00,0.600,2.1539,-4.0406,0.7287,0.2713,0
7300.00,0.620,2.1539,-3.5688,0.7287,0.2713,0
7300.00,0.640,2.1539,-3.0969,0.7287,0.2713,0
7300.00,0.660,2.1539,-2.6250,0.7287,0.2713,0
7300.00,0.680,2.1539,-2.1531,0.7287,0.2713,0
7300.00,0.700,2.1539,-1.6812,0.7287,0.2713,0
7300.00,0.720,2.1539,-1.2093,0.7287,0.2713,0
7300.00,0.740,2.1539,-0.7374,0.2443,0.7557,1
7300.00,0.760,2.1539,-0.2655,0.2457,0.7543,1
7300.00,0.780,2.1539,0.2064,0.7138,0.2862,0
7300.00,0.800,2.1539,0.6783,0.7138,0.2862,0
7300.00,0.820,2.1539,1.1502,0.7138,0.2862,0
7300.00,0.840,2.1539,1.6221,0.8536,0.1464,0
7300.00,0.860,2.1539,2.0940,0.8536,0.1464,0
7300.00,0.880,2.1539,2.5658,0.8536,0.1464,0
7300.00,0.900,2.1539,3.0377,0.8536,0.1464,0
7300.00,0.920,2.1539,3.5096,0.8536,0.1464,0
7300.00,0.940,2.1539,3.9815,0.8536,0.1464,0
7300.00,0.960,2.1539,4.4534,0.8536,0.1464,0
7300.00,0.980,2.1539,4.9253,0.8536,0.1464,0
7400.00,0.000,2.2232,-18.1974,0.7287,0.2713,0
7400.00,0.020,2.2232,-17.7255,0.7287,0.2713,0
7400.00,0.040,2.2232,-17.2536,0.7287,0.2713,0
7400.00,0.060,2.2232,-16.7817,0.7287,0.2713,0
7400.00,0.080,2.2232,-16.3098,0.7287,0.2713,0
7400.00,0.100,2.2232,-15.8380,0.7287,0.2713,0
7400.00,0.120,2.2232,-15.3661,0.7287,0.2713,0
7400.00,0.140,2.2232,-14.8942,0.7287,0.2713,0
7400.00,0.160,2.2232,-14.4223,0.7287,0.2713,0
7400.00,0.180,2.2232,-13.9504,0.7287,0.2713,0
7400.00,0.200,2.2232,-13.4785,0.7287,0.2713,0
7400.00,0.220,2.2232,-13.0066,0.7287,0.2713,0
7400.00,0.240,2.2232,-12.5347,0.7287,0.2713,0
7400.00,0.260,2.2232,-12.0628,0.7287,0.2713,0
7400.00,0.280,2.2232,-11.5909,0.7287,0.2713,0
7400.00,0.300,2.2232,-11.1190,0.7287,0.2713,0
7400.00,0.320,2.2232,-10.6471,0.7287,0.2713,0
7400.00,0.340,2.2232,-10.1752,0.7287,0.2713,0
7400.00,0.360,2.2232,-9.7034,0.7287,0.2713,0
7400.00,0.380,2.2232,-9.2315,0.7287,0.2713,0
7400.00,0.400,2.2232,-8.7596,0.7287,0.2713,0
7400.00,0.420,2.2232,-8.2877,0.7287,0.2713,0
7400.00,0.440,2.2232,-7.8158,0.7287,0.2713,0
7400.00,0.460,2.2232,-7.3439,0.7287,0.2713,0
7400.00,0.480,2.2232,-6.8720,0.7287,0.2713,0
7400.00,0.500,2.2232,-6.4001,0.7287,0.2713,0
7400.00,0.520,2.2232,-5.9282,0.7287,0.2713,0
7400.00,0.540,2.2232,-5.4563,0.7287,0.2713,0
7400.00,0.560,2.2232,-4.9844,0.7287,0.2713,0
7400.00,0.580,2.2232,-4.5125,0.7287,0.2713,0
7400.00,0.600,2.2232,-4.0406,0.7287,0.2713,0
7400.00,0.620,2.2232,-3.5688,0.7287,0.2713,0
7400.00,0.640,2.2232,-3.0969,0.7287,0.2713,0
7400.00,0.660,2.2232,-2.6250,0.7287,0.2713,0
7400.00,0.680,2.2232,-2.1531,0.7287,0.2713,0
7400.00,0.700,2.2232,-1.6812,0.7287,0.2713,0
7400.00,0.720,2.2232,-1.2093,0.7287,0.2713,0
7400.00,0.740,2.2232,-0.7374,0.2443,0.7557,1
7400.00,0.760,2.2232,-0.2655,0.2457,0.7543,1
7400.00,0.780,2.2232,0.2064,0.7138,0.2862,0
7400.00,0.800,2.2232,0.6783,0.7138,0.2862,0
7400.00,0.820,2.2232,1.1502,0.7138,0.2862,0
7400.00,0.840,2.2232,1.6221,0.8536,0.1464,0
7400.00,0.860,2.2232,2.0940,0.8536,0.1464,0
7400.00,0.880,2.2232,2.5658,0.8536,0.1464,0
7400.00,0.900,2.2232,3.0377,0.8536,0.1464,0
7400.00,0.920,2.2232,3.5096,0.8536,0.1464,0
7400.00,0.940,2.2232,3.9815,0.8536,0.1464,0
7400.00,0.960,2.2232,4.4534,0.8536,0.1464,0
7400.00,0.980,2.2232,4.9253,0.8536,0.1464,0
7500.00,0.000,2.2924,-18.1974,0.7287,0.2713,0
7500.00,0.020,2.2924,-17.7255,0.7287,0.2713,0
7500.00,0.040,2.2924,-17.2536,0.7287,0.2713,0
7500.00,0.060,2.2924,-16.7817,0.7287,0.2713,0
7500.00,0.080,2.2924,-16.3098,0.7287,0.2713,0
7500.00,0.100,2.2924,-15.8380,0.7287,0.2713,0
7500.00,0.120,2.2924,-15.3661,0.7287,0.2713,0
7500.00,0.140,2.2924,-14.8942,0.7287,0.2713,0
7500.00,0.160,2.2924,-14.4223,0.7287,0.2713,0
7500.00,0.180,2.2924,-13.9504,0.7287,0.2713,0
7500.00,0.200,2.2924,-13.4785,0.7287,0.2713,0
7500.00,0.220,2.2924,-13.0066,0.7287,0.2713,0
7500.00,0.240,2.2924,-12.5347,0.7287,0.2713,0
7500.00,0.260,2.2924,-12.0628,0.7287,0.2713,0
7500.00,0.280,2.2924,-11.5909,0.7287,0.2713,0
7500.00,0.300,2.2924,-11.1190,0.7287,0.2713,0
7500.00,0.320,2.2924,-10.6471,0.7287,0.2713,0
7500.00,0.340,2.2924,-10.1752,0.7287,0.2713,0
7500.00,0.360,2.2924,-9.7034,0.7287,0.2713,0
7500.00,0.380,2.2924,-9.2315,0.7287,0.2713,0
7500.00,0.400,2.2924,-8.7596,0.7287,0.2713,0
7500.00,0.420,2.2924,-8.2877,0.7287,0.2713,0
7500.00,0.440,2.2924,-7.8158,0.7287,0.2713,0
7500.00,0.460,2.2924,-7.3439,0.7287,0.2713,0
7500.00,0.480,2.2924,-6.8720,0.7287,0.2713,0
7500.00,0.500,2.2924,-6.4001,0.7287,0.2713,0
7500.00,0.520,2.2924,-5.9282,0.7287,0.2713,0
7500.00,0.540,2.2924,-5.4563,0.7287,0.2713,0
7500.00,0.560,2.2924,-4.9844,0.7287,0.2713,0
7500.00,0.580,2.2924,-4.5125,0.7287,0.2713,0
7500.00,0.600,2.2924,-4.0406,0.7287,0.2713,0
7500.00,0.620,2.2924,-3.5688,0.7287,0.2713,0
7500.00,0.640,2.2924,-3.0969,0.7287,0.2713,0
7500.00,0.660,2.2924,-2.6250,0.7287,0.2713,0
7500.00,0.680,2.2924,-2.1531,0.7287,0.2713,0
7500.00,0.700,2.2924,-1.6812,0.7287,0.2713,0
7500.00,0.720,2.2924,-1.2093,0.7287,0.2713,0
7500.00,0.740,2.2924,-0.7374,0.2443,0.7557,1
7500.00,0.760,2.2924,-0.2655,0.2457,0.7543,1
7500.00,0.780,2.2924,0.2064,0.7138,0.2862,0
7500.00,0.800,2.2924,0.6783,0.7138,0.2862,0
7500.00,0.820,2.2924,1.1502,0.7138,0.2862,0
7500.00,0.840,2.2924,1.6221,0.8536,0.1464,0
7500.00,0.860,2.2924,2.0940,0.8536,0.1464,0
7500.00,0.880,2.2924,2.5658,0.8536,0.1464,0
7500.00,0.900,2.2924,3.0377,0.8536,0.1464,0
7500.00,0.920,2.2924,3.5096,0.8536,0.1464,0
7500.00,0.940,2.2924,3.9815,0.8536,0.1464,0
7500.00,0.960,2.2924,4.4534,0.8536,0.1464,0
7500.00,0.980,2.2924,4.9253,0.8536,0.1464,0
7600.00,0.000,2.3617,-18.1974,0.7687,0.2313,0
7600.00,0.020,2.3617,-17.7255,0.7687,0.2313,0
7600.00,0.040,2.3617,-17.2536,0.7687,0.2313,0
7600.00,0.060,2.3617,-16.7817,0.7687,0.2313,0
7600.00,0.080,2.3617,-16.3098,0.7687,0.2313,0
7600.00,0.100,2.3617,-15.8380,0.7687,0.2313,0
7600.00,0.120,2.3617,-15.3661,0.7687,0.2313,0
7600.00,0.140,2.3617,-14.8942,0.7687,0.2313,0
7600.00,0.160,2.3617,-14.4223,0.7687,0.2313,0
7600.00,0.180,2.3617,-13.9504,0.7687,0.2313,0
7600.00,0.200,2.3617,-13.4785,0.7687,0.2313,0
7600.00,0.220,2.3617,-13.0066,0.7687,0.2313,0
7600.00,0.240,2.3617,-12.5347,0.7687,0.2313,0
7600.00,0.260,2.3617,-12.0628,0.7687,0.2313,0
7600.00,0.280,2.3617,-11.5909,0.7687,0.2313,0
7600.00,0.300,2.3617,-11.1190,0.7687,0.2313,0
7600.00,0.320,2.3617,-10.6471,0.7687,0.2313,0
7600.00,0.340,2.3617,-10.1752,0.7687,0.2313,0
7600.00,0.360,2.3617,-9.7034,0.7687,0.2313,0
7600.00,0.380,2.3617,-9.2315,0.7687,0.2313,0
7600.00,0.400,2.3617,-8.7596,0.7687,0.2313,0
7600.00,0.420,2.3617,-8.2877,0.7687,0.2313,0
7600.00,0.440,2.3617,-7.8158,0.7687,0.2313,0
7600.00,0.460,2.3617,-7.3439,0.7687,0.2313,0
7600.00,0.480,2.3617,-6.8720,0.7687,0.2313,0
7600.00,0.500,2.3617,-6.4001,0.7687,0.2313,0
7600.00,0.520,2.3617,-5.9282,0.7687,0.2313,0
7600.00,0.540,2.3617,-5.4563,0.7687,0.2313,0
7600.00,0.560,2.3617,-4.9844,0.7687,0.2313,0
7600.00,0.580,2.3617,-4.5125,0.7687,0.2313,0
7600.00,0.600,2.3617,-4.0406,0.7687,0.2313,0
7600.00,0.620,2.3617,-3.5688,0.7687,0.2313,0
7600.00,0.640,2.3617,-3.0969,0.7687,0.2313,0
7600.00,0.660,2.3617,-2.6250,0.7687,0.2313,0
7600.00,0.680,2.3617,-2.1531,0.7687,0.2313,0
7600.00,0.700,2.3617,-1.6812,0.7687,0.2313,0
7600.00,0.720,2.3617,-1.2093,0.7687,0.2313,0
7600.00,0.740,2.3617,-0.7374,0.3358,0.6642,1
7600.00,0.760,2.3617,-0.2655,0.3372,0.6628,1
7600.00,0.780,2.3617,0.2064,0.7481,0.2519,0
7600.00,0.800,2.3617,0.6783,0.7481,0.2519,0
7600.00,0.820,2.3617,1.1502,0.7481,0.2519,0
7600.00,0.840,2.3617,1.6221,0.8695,0.1305,0
7600.00,0.860,2.3617,2.0940,0.8695,0.1305,0
7600.00,0.880,2.3617,2.5658,0.8695,0.1305,0
7600.00,0.900,2.3617,3.0377,0.8695,0.1305,0
7600.00,0.920,2.3617,3.5096,0.8695,0.1305,0
7600.00,0.940,2.3617,3.9815,0.8695,0.1305,0
7600.00,0.960,2.3617,4.4534,0.8695,0.1305,0
7600.00,0.980,2.3617,4.9253,0.8695,0.1305,0
7700.00,0.000,2.4310,-18.1974,0.7687,0.2313,0
7700.00,0.020,2.4310,-17.7255,0.7687,0.2313,0
7700.00,0.040,2.4310,-17.2536,0.7687,0.2313,0
7700.00,0.060,2.4310,-16.7817,0.7687,0.2313,0
7700.00,0.080,2.4310,-16.3098,0.7687,0.2313,0
7700.00,0.100,2.4310,-15.8380,0.7687,0.2313,0
7700.00,0.120,2.4310,-15.3661,0.7687,0.2313,0
7700.00,0.140,2.4310,-14.8942,0.7687,0.2313,0
7700.00,0.160,2.4310,-14.4223,0.7687,0.2313,0
7700.00,0.180,2.4310,-13.9504,0.7687,0.2313,0
7700.00,0.200,2.4310,-13.4785,0.7687,0.2313,0
7700.00,0.220,2.4310,-13.0066,0.7687,0.2313,0
7700.00,0.240,2.4310,-12.5347,0.7687,0.2313,0
7700.00,0.260,2.4310,-12.0628,0.7687,0.2313,0
7700.00,0.280,2.4310,-11.5909,0.7687,0.2313,0
7700.00,0.300,2.4310,-11.1190,0.7687,0.2313,0
7700.00,0.320,2.4310,-10.6471,0.7687,0.2313,0
7700.00,0.340,2.4310,-10.1752,0.7687,0.2313,0
7700.00,0.360,2.4310,-9.7034,0.7687,0.2313,0
7700.00,0.380,2.4310,-9.2315,0.7687,0.2313,0
7700.00,0.400,2.4310,-8.7596,0.7687,0.2313,0
7700.00,0.420,2.4310,-8.2877,0.7687,0.2313,0
7700.00,0.440,2.4310,-7.8158,0.7687,0.2313,0
7700.00,0.460,2.4310,-7.3439,0.7687,0.2313,0
7700.00,0.480,2.4310,-6.8720,0.7687,0.2313,0
7700.00,0.500,2.4310,-6.4001,0.7687,0.2313,0
7700.00,0.520,2.4310,-5.9282,0.7687,0.2313,0
7700.00,0.540,2.4310,-5.4563,0.7687,0.2313,0
7700.00,0.560,2.4310,-4.9844,0.7687,0.2313,0
7700.00,0.580,2.4310,-4.5125,0.7687,0.2313,0
7700.00,0.600,2.4310,-4.0406,0.7687,0.2313,0
7700.00,0.620,2.4310,-3.5688,0.7687,0.2313,0
7700.00,0.640,2.4310,-3.0969,0.7687,0.2313,0
7700.00,0.660,2.4310,-2.6250,0.7687,0.2313,0
7700.00,0.680,2.4310,-2.1531,0.7687,0.2313,0
7700.00,0.700,2.4310,-1.6812,0.7687,0.2313,0
7700.00,0.720,2.4310,-1.2093,0.7687,0.2313,0
7700.00,0.740,2.4310,-0.7374,0.3358,0.6642,1
7700.00,0.760,2.4310,-0.2655,0.3372,0.6628,1
7700.00,0.780,2.4310,0.2064,0.7481,0.2519,0
7700.00,0.800,2.4310,0.6783,0.7481,0.2519,0
7700.00,0.820,2.4310,1.1502,0.7481,0.2519,0
7700.00,0.840,2.4310,1.6221,0.8695,0.1305,0
7700.00,0.860,2.4310,2.0940,0.8695,0.1305,0
7700.00,0.880,2.4310,2.5658,0.8695,0.1305,0
7700.00,0.900,2.4310,3.0377,0.8695,0.1305,0
7700.00,0.920,2.4310,3.5096,0.8695,0.1305,0
7700.00,0.940,2.4310,3.9815,0.8695,0.1305,0
7700.00,0.960,2.4310,4.4534,0.8695,0.1305,0
7700.00,0.980,2.4310,4.9253,0.8695,0.1305,0
7800.00,0.000,2.5003,-18.1974,0.8087,0.1913,0
7800.00,0.020,2.5003,-17.7255,0.8087,0.1913,0
7800.00,0.040,2.5003,-17.2536,0.8087,0.1913,0
7800.00,0.060,2.5003,-16.7817,0.8087,0.1913,0
7800.00,0.080,2.5003,-16.3098,0.8087,0.1913,0
7800.00,0.100,2.5003,-15.8380,0.8087,0.1913,0
7800.00,0.120,2.5003,-15.3661,0.8087,0.1913,0
7800.00,0.140,2.5003,-14.8942,0.8087,0.1913,0
7800.00,0.160,2.5003,-14.4223,0.8087,0.1913,0
7800.00,0.180,2.5003,-13.9504,0.8087,0.1913,0
7800.00,0.200,2.5003,-13.4785,0.8087,0.1913,0
7800.00,0.220,2.5003,-13.0066,0.8087,0.1913,0
7800.00,0.240,2.5003,-12.5347,0.8087,0.1913,0
7800.00,0.260,2.5003,-12.0628,0.8087,0.1913,0
7800.00,0.280,2.5003,-11.5909,0.8087,0.1913,0
7800.00,0.300,2.5003,-11.1190,0.8087,0.1913,0
7800.00,0.320,2.5003,-10.6471,0.8087,0.1913,0
7800.00,0.340,2.5003,-10.1752,0.8087,0.1913,0
7800.00,0.360,2.5003,-9.7034,0.8087,0.1913,0
7800.00,0.380,2.5003,-9.2315,0.8087,0.1913,0
7800.00,0.400,2.5003,-8.7596,0.8087,0.1913,0
7800.00,0.420,2.5003,-8.2877,0.8087,0.1913,0
7800.00,0.440,2.5003,-7.8158,0.8087,0.1913,0
7800.00,0.460,2.5003,-7.3439,0.8087,0.1913,0
7800.00,0.480,2.5003,-6.8720,0.8087,0.1913,0
7800.00,0.500,2.5003,-6.4001,0.8087,0.1913,0
7800.00,0.520,2.5003,-5.9282,0.8087,0.1913,0
7800.00,0.540,2.5003,-5.4563,0.8087,0.1913,0
7800.00,0.560,2.5003,-4.9844,0.8087,0.1913,0
7800.00,0.580,2.5003,-4.5125,0.8087,0.1913,0
7800.00,0.600,2.5003,-4.0406,0.8087,0.1913,0
7800.00,0.620,2.5003,-3.5688,0.8087,0.1913,0
7800.00,0.640,2.5003,-3.0969,0.8087,0.1913,0
7800.00,0.660,2.5003,-2.6250,0.8087,0.1913,0
7800.00,0.680,2.5003,-2.1531,0.8087,0.1913,0
7800.00,0.700,2.5003,-1.6812,0.8087,0.1913,0
7800.00,0.720,2.5003,-1.2093,0.8087,0.1913,0
7800.00,0.740,2.5003,-0.7374,0.3758,0.6242,1
7800.00,0.760,2.5003,-0.2655,0.3772,0.6228,1
7800.00,0.780,2.5003,0.2064,0.7681,0.2319,0
7800.00,0.800,2.5003,0.6783,0.7681,0.2319,0
7800.00,0.820,2.5003,1.1502,0.7681,0.2319,0
7800.00,0.840,2.5003,1.6221,0.8895,0.1105,0
7800.00,0.860,2.5003,2.0940,0.8895,0.1105,0
7800.00,0.880,2.5003,2.5658,0.8895,0.1105,0
7800.00,0.900,2.5003,3.0377,0.8895,0.1105,0
7800.00,0.920,2.5003,3.5096,0.8895,0.1105,0
7800.00,0.940,2.5003,3.9815,0.8895,0.1105,0
7800.00,0.960,2.5003,4.4534,0.8895,0.1105,0
7800.00,0.980,2.5003,4.9253,0.8895,0.1105,0
7900.00,0.000,2.5696,-18.1974,0.8447,0.1553,0
7900.00,0.020,2.5696,-17.7255,0.8447,0.1553,0
7900.00,0.040,2.5696,-17.2536,0.8447,0.1553,0
7900.00,0.060,2.5696,-16.7817,0.8447,0.1553,0
7900.00,0.080,2.5696,-16.3098,0.8447,0.1553,0
7900.00,0.100,2.5696,-15.8380,0.8447,0.1553,0
7900.00,0.120,2.5696,-15.3661,0.8447,0.1553,0
7900.00,0.140,2.5696,-14.8942,0.8447,0.1553,0
7900.00,0.160,2.5696,-14.4223,0.8447,0.1553,0
7900.00,0.180,2.5696,-13.9504,0.8447,0.1553,0
7900.00,0.200,2.5696,-13.4785,0.8447,0.1553,0
7900.00,0.220,2.5696,-13.0066,0.8447,0.1553,0
7900.00,0.240,2.5696,-12.5347,0.8447,0.1553,0
7900.00,0.260,2.5696,-12.0628,0.8447,0.1553,0
7900.00,0.280,2.5696,-11.5909,0.8447,0.1553,0
7900.00,0.300,2.5696,-11.1190,0.8447,0.1553,0
7900.00,0.320,2.5696,-10.6471,0.8447,0.1553,0
7900.00,0.340,2.5696,-10.1752,0.8447,0.1553,0
7900.00,0.360,2.5696,-9.7034,0.8447,0.1553,0
7900.00,0.380,2.5696,-9.2315,0.8447,0.1553,0
7900.00,0.400,2.5696,-8.7596,0.8447,0.1553,0
7900.00,0.420,2.5696,-8.2877,0.8447,0.1553,0
7900.00,0.440,2.5696,-7.8158,0.8447,0.1553,0
7900.00,0.460,2.5696,-7.3439,0.8447,0.1553,0
7900.00,0.480,2.5696,-6.8720,0.8447,0.1553,0
7900.00,0.500,2.5696,-6.4001,0.8447,0.1553,0
7900.00,0.520,2.5696,-5.9282,0.8447,0.1553,0
7900.00,0.540,2.5696,-5.4563,0.8447,0.1553,0
7900.00,0.560,2.5696,-4.9844,0.8447,0.1553,0
7900.00,0.580,2.5696,-4.5125,0.8447,0.1553,0
7900.00,0.600,2.5696,-4.0406,0.8447,0.1553,0
7900.00,0.620,2.5696,-3.5688,0.8447,0.1553,0
7900.00,0.640,2.5696,-3.0969,0.8447,0.1553,0
7900.00,0.660,2.5696,-2.6250,0.8447,0.1553,0
7900.00,0.680,2.5696,-2.1531,0.8447,0.1553,0
7900.00,0.700,2.5696,-1.6812,0.8447,0.1553,0
7900.00,0.720,2.5696,-1.2093,0.8447,0.1553,0
7900.00,0.740,2.5696,-0.7374,0.4312,0.5688,1
7900.00,0.760,2.5696,-0.2655,0.4326,0.5674,1
7900.00,0.780,2.5696,0.2064,0.8035,0.1965,0
7900.00,0.800,2.5696,0.6783,0.8035,0.1965,0
7900.00,0.820,2.5696,1.1502,0.8035,0.1965,0
7900.00,0.840,2.5696,1.6221,0.9248,0.0752,0
7900.00,0.860,2.5696,2.0940,0.9248,0.0752,0
7900.00,0.880,2.5696,2.5658,0.9248,0.0752,0
7900.00,0.900,2.5696,3.0377,0.9248,0.0752,0
7900.00,0.920,2.5696,3.5096,0.9248,0.0752,0
7900.00,0.940,2.5696,3.9815,0.9248,0.0752,0
7900.00,0.960,2.5696,4.4534,0.9248,0.0752,0
7900.00,0.980,2.5696,4.9253,0.9248,0.0752,0
8000.00,0.000,2.6388,-18.1974,0.8447,0.1553,0
8000.00,0.020,2.6388,-17.7255,0.8447,0.1553,0
8000.00,0.040,2.6388,-17.2536,0.8447,0.1553,0
8000.00,0.060,2.6388,-16.7817,0.8447,0.1553,0
8000.00,0.080,2.6388,-16.3098,0.8447,0.1553,0
8000.00,0.100,2.6388,-15.8380,0.8447,0.1553,0
8000.00,0.120,2.6388,-15.3661,0.8447,0.1553,0
8000.00,0.140,2.6388,-14.8942,0.8447,0.1553,0
8000.00,0.160,2.6388,-14.4223,0.8447,0.1553,0
8000.00,0.180,2.6388,-13.9504,0.8447,0.1553,0
8000.00,0.200,2.6388,-13.4785,0.8447,0.1553,0
8000.00,0.220,2.6388,-13.0066,0.8447,0.1553,0
8000.00,0.240,2.6388,-12.5347,0.8447,0.1553,0
8000.00,0.260,2.6388,-12.0628,0.8447,0.1553,0
8000.00,0.280,2.6388,-11.5909,0.8447,0.1553,0
8000.00,0.300,2.6388,-11.1190,0.8447,0.1553,0
8000.00,0.320,2.6388,-10.6471,0.8447,0.1553,0
8000.00,0.340,2.6388,-10.1752,0.8447,0.1553,0
8000.00,0.360,2.6388,-9.7034,0.8447,0.1553,0
8000.00,0.380,2.6388,-9.2315,0.8447,0.1553,0
8000.00,0.400,2.6388,-8.7596,0.8447,0.1553,0
8000.00,0.420,2.6388,-8.2877,0.8447,0.1553,0
8000.00,0.440,2.6388,-7.8158,0.8447,0.1553,0
8000.00,0.460,2.6388,-7.3439,0.8447,0.1553,0
8000.00,0.480,2.6388,-6.8720,0.8447,0.1553,0
8000.00,0.500,2.6388,-6.4001,0.8447,0.1553,0
8000.00,0.520,2.6388,-5.9282,0.8447,0.1553,0
8000.00,0.540,2.6388,-5.4563,0.8447,0.1553,0
8000.00,0.560,2.6388,-4.9844,0.8447,0.1553,0
8000.00,0.580,2.6388,-4.5125,0.8447,0.1553,0
8000.00,0.600,2.6388,-4.0406,0.8447,0.1553,0
8000.00,0.620,2.6388,-3.5688,0.8447,0.1553,0
8000.00,0.640,2.6388,-3.0969,0.8447,0.1553,0
8000.00,0.660,2.6388,-2.6250,0.8447,0.1553,0
8000.00,0.680,2.6388,-2.1531,0.8447,0.1553,0
8000.00,0.700,2.6388,-1.6812,0.8447,0.1553,0
8000.00,0.720,2.6388,-1.2093,0.8447,0.1553,0
8000.00,0.740,2.6388,-0.7374,0.4494,0.5506,1
8000.00,0.760,2.6388,-0.2655,0.4508,0.5492,1
8000.00,0.780,2.6388,0.2064,0.8217,0.1783,0
8000.00,0.800,2.6388,0.6783,0.8217,0.1783,0
8000.00,0.820,2.6388,1.1502,0.8217,0.1783,0
8000.00,0.840,2.6388,1.6221,0.9248,0.0752,0
8000.00,0.860,2.6388,2.0940,0.9248,0.0752,0
8000.00,0.880,2.6388,2.5658,0.9248,0.0752,0
8000.00,0.900,2.6388,3.0377,0.9248,0.0752,0
8000.00,0.920,2.6388,3.5096,0.9248,0.0752,0
8000.00,0.940,2.6388,3.9815,0.9248,0.0752,0
8000.00,0.960,2.6388,4.4534,0.9248,0.0752,0
8000.00,0.980,2.6388,4.9253,0.9248,0.0752,0
