Radiation_Scaled,Humidity_Scaled,Static_Dynamic_Class,Retrieved_Compiled_Class,Match
-2.0944,0.8332,1,1,true
0.9701,-2.2321,0,0,true
1.7426,-2.7154,0,0,true
-0.5307,-2.6191,0,0,true
-1.7648,0.5930,1,1,true
1.9507,-1.2385,0,0,true
2.3338,-3.0454,0,0,true
0.2806,3.1457,0,0,true
0.3423,-0.5715,1,1,true
1.0710,2.2474,0,0,true
1.6506,-2.4370,0,0,true
1.2068,-1.1353,0,0,true
-0.0900,0.0342,1,1,true
-0.7779,-3.0586,0,0,true
-2.2942,0.9307,1,1,true
0.6833,-1.7333,0,0,true
-0.6738,3.2785,0,0,true
-1.9924,-0.3017,1,1,true
-1.9912,1.3968,1,1,true
0.9217,-1.7655,0,0,true
-1.5277,-0.4973,1,1,true
-2.1199,-2.6042,0,0,true
-0.1889,-0.0013,1,1,true
-1.7253,1.4020,1,1,true
1.7347,-2.6771,0,0,true
1.2632,-3.8426,0,0,true
0.9652,3.0657,0,0,true
0.6894,1.3065,0,0,true
-2.6668,-0.5100,1,1,true
-1.3367,-1.9449,0,0,true
-2.7773,-1.0919,0,0,true
0.3410,-0.8115,1,1,true
0.5201,0.7633,0,0,true
0.7090,-0.9051,1,1,true
-0.3189,-0.8803,1,1,true
-0.8163,-3.8927,0,0,true
1.4355,-1.1502,0,0,true
1.5009,-0.7148,1,1,true
2.2865,0.7510,0,0,true
-0.1063,-0.4429,1,1,true
1.5794,3.3035,0,0,true
1.7099,2.3358,0,0,true
-1.7560,1.0153,1,1,true
2.4317,-2.5925,0,0,true
2.2570,-0.5241,1,1,true
-0.0004,-1.4345,0,0,true
-0.4467,-2.6112,0,0,true
0.1477,-0.3765,1,1,true
1.9954,-0.1797,1,1,true
-2.4667,0.4450,1,1,true
-1.4966,-1.0066,1,1,true
2.1317,-3.6342,0,0,true
2.7816,2.2303,0,0,true
2.5360,-2.2841,0,0,true
0.3759,-1.7847,0,0,true
-0.6759,2.0939,0,0,true
-2.4216,1.0840,1,1,true
0.8868,2.7439,0,0,true
-2.0399,1.8334,1,1,true
-2.1340,1.4566,1,1,true
-0.5241,-1.1138,0,0,true
-2.1712,-0.5100,1,1,true
1.0655,-0.8924,1,1,true
2.3201,1.7669,0,0,true
-0.1772,-1.4751,0,0,true
1.7759,-0.4945,1,1,true
2.8056,3.6511,0,0,true
-2.1593,0.5910,1,1,true
1.4646,-1.0089,1,1,true
1.1211,0.7593,0,0,true
1.4169,3.1156,0,0,true
0.0625,1.8184,0,0,true
0.0695,0.7616,1,1,true
1.8123,-2.6271,0,0,true
-1.2682,1.1841,1,1,true
2.5440,1.0257,0,0,true
-2.3175,1.0797,1,1,true
-1.6536,0.4331,1,1,true
-1.0012,-1.4813,0,0,true
-2.0112,-1.1931,0,0,true
0.2439,-2.5785,0,0,true
2.3756,-2.1768,0,0,true
0.7037,-0.5396,0,0,true
1.8801,3.9151,0,0,true
-2.3066,-3.2514,0,0,true
1.3440,1.1254,0,0,true
2.8472,2.8108,0,0,true
2.2334,-2.6133,0,0,true
1.5834,2.7428,0,0,true
-2.4216,1.5514,1,1,true
-0.2697,2.4364,0,0,true
-0.4882,-0.2736,1,1,true
2.0485,-0.8777,1,1,true
1.4166,-0.9918,1,1,true
0.0376,0.0738,1,1,true
1.4302,0.5688,0,0,true
1.4160,-2.5080,0,0,true
0.9281,-0.8656,1,1,true
-2.3315,2.1616,1,1,true
-0.5680,2.8848,0,0,true
-1.2240,-2.1940,0,0,true
-2.2080,3.3211,1,1,true
1.0535,-2.0203,0,0,true
-1.0701,3.3644,1,1,true
-1.9600,0.8044,1,1,true
-1.2972,-3.2835,0,0,true
-2.7021,3.0091,1,1,true
-2.8393,-2.9324,0,0,true
2.4241,-1.3565,0,0,true
-2.0396,-2.8099,0,0,true
1.6892,3.4212,0,0,true
1.9753,-1.5183,0,0,true
-1.2982,-0.2061,1,1,true
1.6588,-3.2538,0,0,true
1.5967,0.2787,0,0,true
2.6108,-3.4667,0,0,true
-2.4817,1.8731,1,1,true
1.9898,2.4916,0,0,true
1.4200,-0.5424,0,0,true
0.5891,-3.6711,0,0,true
-2.4874,3.2635,1,1,true
0.7233,-1.7778,0,0,true
0.0851,-1.8049,0,0,true
-2.2893,2.8009,1,1,true
0.1622,0.4350,1,1,true
1.4461,3.4844,0,0,true
-2.7210,0.6500,1,1,true
2.8575,1.7281,0,0,true
-0.8811,-1.8563,0,0,true
-0.0650,-1.1847,0,0,true
2.6147,2.4220,0,0,true
-2.3881,-0.8420,1,1,true
-0.6941,-3.9757,0,0,true
-1.4903,3.3537,1,1,true
2.4397,-2.3399,0,0,true
-2.6703,0.1651,1,1,true
-2.4405,1.8203,1,1,true
-1.6308,-0.0441,1,1,true
-0.5546,-2.9510,0,0,true
-1.2899,1.6300,1,1,true
-1.7452,-1.9619,0,0,true
-1.8088,-2.1806,0,0,true
-2.7494,-0.1269,1,1,true
2.0211,-2.1893,0,0,true
-2.6377,-1.4814,0,0,true
-2.7125,-0.1807,1,1,true
-1.9618,0.8085,1,1,true
-1.6553,0.2988,1,1,true
-1.1976,-3.5105,0,0,true
2.2621,2.6446,0,0,true
-0.4950,2.3057,0,0,true
1.7475,-2.4653,0,0,true
2.7915,0.2254,0,0,true
1.3456,3.1003,0,0,true
2.0560,3.4230,0,0,true
1.4142,-0.4949,0,0,true
-2.0950,-3.9768,0,0,true
2.1015,2.2139,0,0,true
0.8602,2.6173,0,0,true
0.3374,-3.2240,0,0,true
0.2127,1.6406,0,0,true
-2.0806,1.0382,1,1,true
1.4891,-1.8913,0,0,true
-1.0614,2.9013,1,1,true
0.5475,3.5170,0,0,true
-2.6169,1.3592,1,1,true
2.7434,-3.6695,0,0,true
-1.1967,-1.7578,0,0,true
-2.2614,2.3255,1,1,true
-2.0531,2.3929,1,1,true
-0.6347,-0.2461,1,1,true
-1.9488,-0.1679,1,1,true
0.9663,-2.1334,0,0,true
-1.8708,2.3888,1,1,true
0.2266,0.5030,1,1,true
0.1399,-3.0055,0,0,true
2.0181,-0.0865,1,1,true
-0.3667,-0.1202,1,1,true
-2.2332,-1.1120,0,0,true
-0.9832,3.1496,1,1,true
2.5947,-3.9069,0,0,true
1.1579,-0.9523,1,1,true
-0.1553,3.3691,0,0,true
0.8010,3.6777,0,0,true
1.0252,3.8322,0,0,true
2.3714,-1.9258,0,0,true
-2.1815,-1.9782,0,0,true
2.4123,-1.9123,0,0,true
-0.4411,-1.1079,0,0,true
-0.6569,0.7310,1,1,true
2.1582,-2.5542,0,0,true
0.2462,0.2860,1,1,true
-2.0619,3.8647,1,1,true
1.9647,0.1023,0,0,true
-1.4450,0.0816,1,1,true
-1.6046,3.5089,1,1,true
0.3417,0.7532,0,0,true
2.4036,2.3611,0,0,true
-1.4767,-1.9934,0,0,true
2.8838,-1.2372,0,0,true
-0.7142,3.4069,0,0,true
2.5305,0.5583,0,0,true
-1.3733,1.0046,1,1,true
0.0445,-2.5160,0,0,true
-0.6584,-2.1931,0,0,true
-2.9536,1.4870,1,1,true
0.7339,2.7396,0,0,true
2.0839,-3.0924,0,0,true
1.1649,-0.2759,0,0,true
-0.6407,3.9687,0,0,true
0.2146,1.4519,0,0,true
-2.1462,-1.7105,0,0,true
2.9828,3.2584,0,0,true
1.2554,1.3795,0,0,true
1.1029,-1.4153,0,0,true
1.7229,1.5876,0,0,true
1.2493,3.6486,0,0,true
0.3792,2.5185,0,0,true
-2.4319,-0.2265,1,1,true
1.3581,-3.3193,0,0,true
-2.2626,-0.3291,1,1,true
1.0543,-1.6823,0,0,true
-0.6325,-3.9996,0,0,true
0.7044,1.2845,0,0,true
-1.4106,-0.1375,1,1,true
-1.6834,2.7984,1,1,true
2.5423,-2.3169,0,0,true
1.1062,2.2177,0,0,true
0.4152,1.2784,0,0,true
0.0416,2.1395,0,0,true
2.3443,-3.5764,0,0,true
0.0831,-3.0958,0,0,true
0.6119,-2.1004,0,0,true
2.2863,3.4594,0,0,true
2.8236,-1.1586,0,0,true
-2.6564,1.6877,1,1,true
0.9868,-2.5980,0,0,true
-0.1438,2.0377,0,0,true
1.5001,2.6198,0,0,true
0.5654,-0.0854,1,1,true
-0.0392,-1.9614,0,0,true
-1.9297,-3.0512,0,0,true
-0.3526,0.7129,1,1,true
2.9249,0.4583,0,0,true
2.6366,3.3420,0,0,true
-0.9192,-0.6477,1,1,true
1.7685,-3.2484,0,0,true
-1.2701,-2.0921,0,0,true
1.5602,0.2186,0,0,true
0.3567,-3.6157,0,0,true
-1.4381,-3.1743,0,0,true
0.9578,3.6953,0,0,true
1.3875,0.1390,0,0,true
0.9713,-1.7171,0,0,true
-2.7460,-2.0658,0,0,true
1.6306,2.8334,0,0,true
-0.0260,0.5943,1,1,true
-0.8553,1.9107,0,0,true
1.4223,2.5194,0,0,true
-1.6168,-2.5959,0,0,true
2.5344,-0.6262,1,1,true
2.4409,0.6290,0,0,true
-1.3409,-3.7580,0,0,true
0.8036,-3.7291,0,0,true
2.9657,-0.5191,1,1,true
1.5046,0.8714,0,0,true
-0.0097,-1.9434,0,0,true
-2.8768,-3.9342,0,0,true
-0.5267,-0.8406,1,1,true
2.5171,1.9643,0,0,true
-1.7511,2.7211,1,1,true
1.0698,3.8392,0,0,true
2.5216,3.5853,0,0,true
-1.1262,-2.3136,0,0,true
0.0091,3.8491,0,0,true
0.3749,0.6771,0,0,true
1.3683,0.3575,0,0,true
-2.7947,-0.7414,1,1,true
0.1662,-2.5464,0,0,true
2.0222,-1.4953,0,0,true
1.7661,-3.4409,0,0,true
1.3325,-2.3567,0,0,true
1.0636,3.1370,0,0,true
2.3746,-3.2157,0,0,true
-2.3753,-2.4589,0,0,true
-2.6712,-0.4640,1,1,true
-2.9115,0.6170,1,1,true
2.1486,0.5371,0,0,true
1.0595,1.4674,0,0,true
-1.9401,-1.3424,0,0,true
0.9293,0.4628,0,0,true
2.4532,3.4515,0,0,true
1.6913,-3.2670,0,0,true
-0.1014,3.8357,0,0,true
0.6749,3.3442,0,0,true
-0.1899,1.2126,1,1,true
0.8572,-2.3357,0,0,true
-0.0575,-0.3246,1,1,true
1.3929,0.0867,0,0,true
-1.0641,3.8483,1,1,true
2.9839,-3.2834,0,0,true
-1.3209,-3.6642,0,0,true
-0.0674,-0.2288,1,1,true
0.6434,1.0039,0,0,true
0.8306,-3.8289,0,0,true
2.9128,-2.4313,0,0,true
-0.8482,2.1258,0,0,true
0.8536,-0.9850,1,1,true
0.0437,-0.8768,1,1,true
-0.4334,-0.4642,1,1,true
2.5792,0.2951,0,0,true
0.1633,-0.9254,1,1,true
2.4702,0.2128,0,0,true
-0.2028,-0.1847,1,1,true
1.7556,-3.8452,0,0,true
1.4075,0.3232,0,0,true
-2.4686,-0.0239,1,1,true
1.0058,3.6974,0,0,true
-1.0354,-3.8699,0,0,true
1.0702,1.9362,0,0,true
0.2697,-2.8629,0,0,true
0.1351,-1.3928,0,0,true
-0.9986,3.7011,1,1,true
0.0420,3.8896,0,0,true
1.9865,-0.0319,0,0,true
-0.7201,-0.0802,1,1,true
0.8113,-0.2041,0,0,true
-0.6573,3.5894,0,0,true
-2.9994,-3.6688,0,0,true
-1.6331,-3.9900,0,0,true
0.0524,-1.6997,0,0,true
0.4618,1.1377,0,0,true
-0.8487,0.0908,1,1,true
1.7129,2.2050,0,0,true
1.8269,-1.2150,0,0,true
0.9828,-3.9680,0,0,true
2.9796,-1.5752,0,0,true
-1.8149,-2.6030,0,0,true
1.0495,3.7068,0,0,true
0.1212,-0.7301,1,1,true
2.3867,1.4124,0,0,true
-0.9054,0.4994,1,1,true
-1.6471,-0.2731,1,1,true
1.1330,-0.7825,0,0,true
0.2213,-1.0044,1,1,true
2.6710,3.5585,0,0,true
1.9443,-2.1869,0,0,true
-1.0227,-1.9184,0,0,true
-1.8665,-0.1586,1,1,true
-0.0803,-2.0026,0,0,true
0.7082,0.0781,0,0,true
-2.9465,0.5923,1,1,true
1.8584,-0.5262,1,1,true
2.0553,-2.9189,0,0,true
-2.4399,1.1663,1,1,true
-1.9925,2.7910,1,1,true
-2.0987,0.9949,1,1,true
0.9221,1.1214,0,0,true
-0.2789,-3.0571,0,0,true
2.2994,0.1200,0,0,true
2.2148,-1.5448,0,0,true
1.6990,2.0478,0,0,true
-1.8036,0.1406,1,1,true
-0.6696,-3.7287,0,0,true
2.6652,-2.2184,0,0,true
1.2315,-0.4192,0,0,true
-2.9624,0.6223,1,1,true
2.7928,-0.0494,0,0,true
-1.4002,-3.3162,0,0,true
-1.8634,1.3224,1,1,true
-0.2854,3.8842,0,0,true
-0.1920,0.7709,1,1,true
-1.2883,-2.7631,0,0,true
2.3620,-3.6740,0,0,true
-0.7762,-1.3817,0,0,true
-2.0885,1.0119,1,1,true
0.6545,-1.1227,0,0,true
0.5372,-0.0122,0,0,true
-1.3676,-1.3979,0,0,true
2.2025,-3.6281,0,0,true
-1.3004,2.6358,1,1,true
1.9425,2.4787,0,0,true
1.0201,1.2768,0,0,true
2.1431,2.1933,0,0,true
-1.9832,1.1444,1,1,true
1.6109,3.5531,0,0,true
-0.6021,1.3698,0,0,true
1.0159,-2.7742,0,0,true
1.1971,-2.9103,0,0,true
0.3288,1.8997,0,0,true
2.2398,0.7025,0,0,true
2.3195,3.1056,0,0,true
1.7107,3.4234,0,0,true
0.1110,1.9740,0,0,true
2.4570,0.1785,0,0,true
-2.2582,-2.2902,0,0,true
1.4217,2.3669,0,0,true
0.1508,-2.9949,0,0,true
-1.9225,-3.1242,0,0,true
0.6153,2.5984,0,0,true
0.6296,0.2839,0,0,true
-0.2509,2.6787,0,0,true
-2.5315,-3.4703,0,0,true
-2.9609,1.9024,1,1,true
-0.5394,-1.5120,0,0,true
2.3135,3.1351,0,0,true
1.8845,-3.7003,0,0,true
0.1530,-0.5615,1,1,true
2.5092,1.7834,0,0,true
0.6425,2.2944,0,0,true
-2.9349,0.0275,1,1,true
-0.7323,-2.8727,0,0,true
-0.5987,-2.1722,0,0,true
1.4433,-0.0875,0,0,true
-0.9318,1.4653,0,0,true
-2.0580,2.2051,1,1,true
-0.8810,-0.4511,1,1,true
2.4706,-3.1400,0,0,true
-1.1357,0.6622,1,1,true
-2.5307,0.0527,1,1,true
-1.5554,-2.5249,0,0,true
-1.3681,1.3466,1,1,true
-1.6657,1.4349,1,1,true
-1.2841,-2.5630,0,0,true
2.6973,2.3922,0,0,true
-1.0947,-0.7741,1,1,true
-0.8221,-3.1651,0,0,true
-1.9971,1.6167,1,1,true
-2.7064,-3.5770,0,0,true
1.3703,-1.7952,0,0,true
-2.2871,2.5720,1,1,true
0.4736,1.7564,0,0,true
-1.6919,1.5134,1,1,true
2.8710,3.3963,0,0,true
-2.1674,-1.0101,1,1,true
1.0042,0.6578,0,0,true
2.0735,-2.4378,0,0,true
-2.5253,0.6710,1,1,true
2.8064,2.7581,0,0,true
0.4548,2.1428,0,0,true
-1.4347,0.8746,1,1,true
-1.5144,0.9828,1,1,true
2.3803,2.9948,0,0,true
1.9131,-0.2492,1,1,true
-1.4949,-3.7181,0,0,true
0.4558,0.5342,0,0,true
2.7407,0.7784,0,0,true
-2.0297,-3.8403,0,0,true
-0.0551,1.9923,0,0,true
1.9748,-3.3518,0,0,true
-0.4625,-2.9750,0,0,true
2.6894,-0.9239,1,1,true
-0.6772,3.8978,0,0,true
2.2737,0.5642,0,0,true
-0.5709,-3.8477,0,0,true
-0.9791,1.4770,1,1,true
-1.3020,0.6591,1,1,true
2.9316,1.2869,0,0,true
-1.7566,-2.4145,0,0,true
-1.0505,3.8364,1,1,true
-2.4110,2.3204,1,1,true
-2.3715,-1.3796,0,0,true
-2.2278,3.4057,1,1,true
2.1129,3.7360,0,0,true
-0.5668,1.3914,0,0,true
-1.3817,3.6045,1,1,true
2.7277,1.6896,0,0,true
-0.3301,-1.9831,0,0,true
-2.1141,-0.3235,1,1,true
-2.4234,1.9411,1,1,true
-1.7453,0.1844,1,1,true
0.5350,0.8743,0,0,true
0.8394,-0.3745,0,0,true
-1.2263,-3.7757,0,0,true
-0.1002,-0.1151,1,1,true
0.1364,-2.9042,0,0,true
1.9431,-1.2017,0,0,true
2.0029,-2.6799,0,0,true
0.4997,3.2384,0,0,true
2.4451,-1.9247,0,0,true
1.4645,1.9113,0,0,true
-1.5461,-1.0931,0,0,true
-0.8978,-0.8783,1,1,true
-0.9624,3.4120,0,0,true
1.7536,-0.8912,1,1,true
-0.2652,3.6965,0,0,true
-1.7263,-1.7533,0,0,true
-1.1112,2.1150,1,1,true
1.7900,1.9957,0,0,true
1.0467,-2.2080,0,0,true
1.1230,1.5979,0,0,true
0.8073,-2.4520,0,0,true
-2.8888,-1.0009,1,1,true
2.5601,3.5572,0,0,true
-2.5287,3.8385,1,1,true
0.3893,0.2538,0,0,true
-2.7092,-0.6040,1,1,true
-1.3197,3.9757,1,1,true
-1.6606,2.5127,1,1,true
1.3259,-1.1168,0,0,true
-1.8025,-2.0279,0,0,true
-1.6211,-2.5735,0,0,true
0.1038,0.3406,1,1,true
-2.9530,-3.6156,0,0,true
1.2659,3.6774,0,0,true
2.1148,1.7881,0,0,true
1.2328,0.3902,0,0,true
-1.6490,-3.1527,0,0,true
-2.6872,-1.8937,0,0,true
-0.3028,2.6749,0,0,true
1.8071,-3.3364,0,0,true
-1.2000,-2.4128,0,0,true
-0.7069,2.7618,0,0,true
-2.3097,1.8336,1,1,true
-0.8217,0.0819,1,1,true
-2.4052,-1.5200,0,0,true
1.1731,0.5073,0,0,true
-1.1925,-1.7305,0,0,true
0.1488,2.0533,0,0,true
2.3612,3.2435,0,0,true
1.8501,-1.4392,0,0,true
2.4138,3.0784,0,0,true
-0.1671,-0.4988,1,1,true
-0.2634,0.9095,1,1,true
-0.0666,1.7839,0,0,true
2.2503,-1.1370,0,0,true
0.1685,3.2418,0,0,true
-0.7842,3.5235,0,0,true
-2.0577,-0.3790,1,1,true
0.4183,-2.5521,0,0,true
2.0219,3.9464,0,0,true
-2.0548,2.3889,1,1,true
2.8926,0.6792,0,0,true
2.5312,-0.0541,1,1,true
-0.5059,-2.7682,0,0,true
2.5986,-2.0856,0,0,true
2.1220,-3.6115,0,0,true
0.8507,-0.6130,0,0,true
0.3017,3.7356,0,0,true
0.4331,0.3228,0,0,true
-2.2211,-1.6889,0,0,true
-2.0862,0.3526,1,1,true
2.6219,-1.4074,0,0,true
1.4497,-0.2326,1,1,true
-1.8461,-0.8317,1,1,true
-0.2245,-0.3181,1,1,true
0.4947,4.0000,0,0,true
0.9285,-2.0985,0,0,true
0.7459,-1.2225,0,0,true
-2.3059,-2.0892,0,0,true
0.4603,-3.3434,0,0,true
0.1063,-1.3812,0,0,true
-1.6945,2.0486,1,1,true
0.0529,2.5914,0,0,true
-0.5565,2.9264,0,0,true
2.0384,-2.5709,0,0,true
1.3743,1.1116,0,0,true
-0.1529,-3.2079,0,0,true
-0.4403,2.6653,0,0,true
1.0525,-3.9268,0,0,true
1.9513,2.7363,0,0,true
-0.9451,3.5055,0,0,true
2.7918,3.9585,0,0,true
0.9849,0.8857,0,0,true
-2.9190,1.6717,1,1,true
-1.1424,2.7923,1,1,true
-0.9363,2.2420,0,0,true
1.0463,2.8830,0,0,true
-0.8547,-1.8105,0,0,true
0.7238,-2.4512,0,0,true
0.6002,2.9573,0,0,true
1.2308,2.5888,0,0,true
-1.2662,-1.9258,0,0,true
-2.9395,0.9982,1,1,true
-2.6355,0.3430,1,1,true
1.7931,1.7432,0,0,true
-0.3951,1.3482,0,0,true
2.9251,1.6654,0,0,true
0.3629,3.6911,0,0,true
-2.9829,-3.4349,0,0,true
0.4491,2.5149,0,0,true
0.2815,0.8585,1,1,true
0.1733,-1.7618,0,0,true
2.4829,-3.0604,0,0,true
1.0120,3.9201,0,0,true
-2.0957,-2.3654,0,0,true
0.0584,0.0149,1,1,true
2.9575,-0.3976,1,1,true
1.8977,-3.1513,0,0,true
-0.0412,-1.7667,0,0,true
0.9148,2.3896,0,0,true
-2.0922,0.9703,1,1,true
-0.0642,-1.6083,0,0,true
1.3585,0.3023,0,0,true
2.0739,-1.8965,0,0,true
-1.4111,0.8927,1,1,true
1.0802,-0.5529,0,0,true
2.7600,1.4031,0,0,true
1.5383,2.8576,0,0,true
0.3529,0.8021,0,0,true
1.2481,-1.1083,0,0,true
1.1175,2.2649,0,0,true
0.4738,1.2181,0,0,true
-2.8816,-2.8837,0,0,true
-2.4203,-3.5014,0,0,true
2.2803,-0.7185,1,1,true
1.0307,2.0928,0,0,true
-0.6552,-1.7339,0,0,true
-1.2798,2.3117,1,1,true
2.7793,-2.5541,0,0,true
0.2258,3.1170,0,0,true
0.7758,1.4449,0,0,true
-2.1357,-0.5776,1,1,true
2.1913,0.6490,0,0,true
-1.6743,3.7014,1,1,true
2.7061,1.8066,0,0,true
0.3140,2.6737,0,0,true
2.0318,-0.6683,1,1,true
-0.4054,-3.1845,0,0,true
2.0985,1.7653,0,0,true
0.7611,1.9266,0,0,true
2.9347,-2.8790,0,0,true
-1.1710,-0.6496,1,1,true
-0.6723,-0.9081,1,1,true
-0.0730,2.9421,0,0,true
-2.3375,2.2677,1,1,true
2.1191,3.6092,0,0,true
-0.6776,-0.5474,1,1,true
-0.6666,0.1176,1,1,true
0.0552,3.0414,0,0,true
-0.7256,-3.6271,0,0,true
0.9097,3.1039,0,0,true
-2.5016,2.1831,1,1,true
-1.9624,-3.9462,0,0,true
1.4154,1.0394,0,0,true
1.1846,3.9739,0,0,true
-0.3193,-1.4925,0,0,true
-0.6982,-3.8697,0,0,true
-1.2055,3.7201,1,1,true
0.2318,-1.7598,0,0,true
1.4059,2.8293,0,0,true
-1.2769,-3.2217,0,0,true
0.9976,-2.1547,0,0,true
-2.5851,-1.1276,0,0,true
-1.7823,-3.5217,0,0,true
-1.6233,1.3832,1,1,true
1.4160,-0.3270,0,0,true
0.5119,2.5352,0,0,true
-0.6912,-2.5415,0,0,true
-2.8423,-3.3259,0,0,true
-1.3020,0.9793,1,1,true
-2.8864,-2.7853,0,0,true
-1.9662,-0.7394,1,1,true
-2.9962,3.5468,1,1,true
-2.2736,-0.8208,1,1,true
2.8177,-3.4793,0,0,true
-0.0445,2.0072,0,0,true
1.1825,-2.0744,0,0,true
2.0558,1.5430,0,0,true
2.4515,1.9006,0,0,true
-1.3705,-3.9104,0,0,true
-2.5455,-2.9913,0,0,true
-0.5744,-2.5767,0,0,true
-1.9220,2.5764,1,1,true
0.1041,-2.5131,0,0,true
-1.1302,-0.9279,1,1,true
-1.3545,0.2396,1,1,true
2.8951,0.0494,0,0,true
-1.5816,-3.4042,0,0,true
-0.9206,2.8716,0,0,true
-2.5651,2.2888,1,1,true
2.8656,-2.5996,0,0,true
-1.4221,3.1509,1,1,true
-2.9647,-0.0779,1,1,true
-1.6367,-1.0619,1,1,true
1.4819,-0.4025,1,1,true
-1.3508,1.7571,1,1,true
0.5406,2.1783,0,0,true
-2.7654,-2.1105,0,0,true
-1.5311,-3.4712,0,0,true
-0.0477,-3.5969,0,0,true
2.6330,-3.5901,0,0,true
-0.6650,0.9082,1,1,true
0.4715,2.3470,0,0,true
-0.1905,-3.8012,0,0,true
0.1975,3.9758,0,0,true
-0.4343,2.0897,0,0,true
-0.0012,2.3613,0,0,true
1.0689,-2.4514,0,0,true
1.7814,0.4322,0,0,true
2.3773,2.0667,0,0,true
-0.0139,2.3218,0,0,true
-0.9228,3.6777,0,0,true
-2.4237,1.7151,1,1,true
1.1444,1.2657,0,0,true
-2.7197,-0.4083,1,1,true
0.7261,3.0280,0,0,true
2.4942,-0.6526,1,1,true
1.1802,-0.2239,0,0,true
-2.7880,-2.2029,0,0,true
-0.3428,1.7441,0,0,true
-1.4193,2.7217,1,1,true
2.0629,-3.1168,0,0,true
0.5259,-0.1600,1,1,true
1.6398,-2.0803,0,0,true
2.9354,3.5096,0,0,true
-1.5405,-3.7569,0,0,true
1.3684,-1.5812,0,0,true
0.9577,-1.8815,0,0,true
1.9452,2.7070,0,0,true
-2.4418,-2.7050,0,0,true
-2.7484,0.5124,1,1,true
-2.1828,-1.5551,0,0,true
1.0779,1.2680,0,0,true
-2.3812,-0.7267,1,1,true
0.5817,2.1196,0,0,true
2.8009,0.1776,0,0,true
0.8730,-1.1082,0,0,true
1.9510,-3.3923,0,0,true
0.8155,-3.8839,0,0,true
1.3612,-1.4404,0,0,true
1.8394,3.8767,0,0,true
0.1828,2.5160,0,0,true
1.5791,2.5294,0,0,true
2.6160,-3.7456,0,0,true
0.3481,0.4749,0,0,true
-2.2507,-3.7489,0,0,true
-1.4551,-2.8800,0,0,true
0.2003,3.1260,0,0,true
-0.7110,-1.8358,0,0,true
-1.8623,-0.1709,1,1,true
1.9498,3.9650,0,0,true
2.3405,1.8882,0,0,true
0.1977,2.3238,0,0,true
1.2760,0.1614,0,0,true
-2.0153,1.0128,1,1,true
2.9866,-0.9340,1,1,true
0.9892,-2.0670,0,0,true
1.3727,1.0712,0,0,true
-1.2038,3.9969,1,1,true
-0.4003,0.8105,1,1,true
2.6039,-2.6122,0,0,true
2.2544,2.9225,0,0,true
-0.7412,-3.8711,0,0,true
1.8111,1.0854,0,0,true
-1.4211,3.3079,1,1,true
-0.4472,1.8708,0,0,true
1.5498,0.2860,0,0,true
2.1839,0.4189,0,0,true
-1.6990,-2.8717,0,0,true
-2.9736,2.1132,1,1,true
1.2074,-2.2974,0,0,true
-2.9413,-2.7897,0,0,true
0.6655,-1.1818,0,0,true
-0.7683,3.6353,0,0,true
1.6066,1.3341,0,0,true
-0.1562,3.1626,0,0,true
1.2809,-1.1053,0,0,true
1.4131,0.7817,0,0,true
0.6744,-0.2094,1,1,true
2.5143,-0.6671,1,1,true
0.6574,-0.3934,1,1,true
1.5482,-3.6121,0,0,true
2.5201,-3.4269,0,0,true
-2.8374,1.9996,1,1,true
-2.0585,-1.4227,0,0,true
-0.4867,2.5020,0,0,true
-2.9978,-3.3633,0,0,true
1.0594,2.9529,0,0,true
1.2948,-3.2007,0,0,true
1.7552,-2.5127,0,0,true
-2.3687,1.0312,1,1,true
0.0668,0.9652,1,1,true
2.2555,-0.5737,1,1,true
1.7078,3.7548,0,0,true
2.0401,-1.9783,0,0,true
1.1144,1.5955,0,0,true
2.4081,-0.7280,1,1,true
-2.3501,3.5285,1,1,true
0.8649,-1.1229,0,0,true
0.8229,-1.3022,0,0,true
2.6567,2.0294,0,0,true
0.7308,2.1836,0,0,true
-0.5135,1.6520,0,0,true
-0.5509,-0.9183,1,1,true
2.5145,-0.3313,1,1,true
1.5793,3.0577,0,0,true
-1.9475,2.9395,1,1,true
0.8843,-0.8908,1,1,true
2.8351,0.6514,0,0,true
-2.6434,-1.7639,0,0,true
-0.1753,-1.4208,0,0,true
-2.4296,0.4960,1,1,true
2.0811,-1.0343,1,1,true
-2.5674,-0.0138,1,1,true
0.7762,3.9152,0,0,true
-1.4741,1.4727,1,1,true
2.8559,-0.2306,1,1,true
-2.0170,-3.9915,0,0,true
-2.2865,3.1144,1,1,true
1.9597,2.5516,0,0,true
-2.8974,3.7852,1,1,true
1.5148,-1.9158,0,0,true
-1.2433,2.8374,1,1,true
-0.6934,0.0690,1,1,true
-1.8443,-0.5607,1,1,true
1.5060,0.8106,0,0,true
2.4911,2.6873,0,0,true
2.8771,-1.7175,0,0,true
-0.4704,-1.0709,0,0,true
-0.1062,0.4840,1,1,true
-2.0245,-1.7775,0,0,true
-2.6504,-3.3205,0,0,true
-2.7789,-3.4832,0,0,true
2.6511,3.2253,0,0,true
-2.9480,-2.8503,0,0,true
-2.8909,-2.2560,0,0,true
1.3516,-2.3279,0,0,true
-1.8602,3.7385,1,1,true
-1.0461,1.3177,1,1,true
-0.3389,-1.6653,0,0,true
-0.9279,-2.4013,0,0,true
-2.6568,2.9841,1,1,true
0.3925,-3.8965,0,0,true
-2.5677,0.7962,1,1,true
-2.3823,-0.1124,1,1,true
2.1340,2.4282,0,0,true
0.9945,-3.4499,0,0,true
-1.3810,3.5324,1,1,true
1.0980,-2.4485,0,0,true
-2.9199,2.0957,1,1,true
-0.9234,-3.9996,0,0,true
1.4012,-0.7060,0,0,true
2.8129,1.0205,0,0,true
1.3555,-1.9160,0,0,true
2.6382,-0.1944,1,1,true
-2.6413,-2.8247,0,0,true
0.0697,3.6289,0,0,true
-2.8845,-0.6621,1,1,true
-2.0767,-1.3284,0,0,true
-1.7778,3.9041,1,1,true
1.2634,2.7299,0,0,true
-1.4331,2.3720,1,1,true
0.0278,-2.0052,0,0,true
1.1628,-0.0558,0,0,true
2.9077,0.1876,0,0,true
-0.5619,-3.8601,0,0,true
1.0933,0.2501,0,0,true
-0.2204,-1.5870,0,0,true
-0.9014,-0.9755,1,1,true
-1.9079,-3.3200,0,0,true
-1.9096,-0.8109,1,1,true
0.9087,3.7135,0,0,true
-1.6907,-1.0644,1,1,true
-2.1853,0.3640,1,1,true
-2.7477,2.0747,1,1,true
2.1885,-2.8009,0,0,true
0.2660,1.3942,0,0,true
2.6589,-1.0402,1,1,true
0.9604,1.5233,0,0,true
-1.3487,3.7201,1,1,true
-1.0447,0.2178,1,1,true
1.7505,2.8836,0,0,true
0.3003,-1.3477,0,0,true
-2.4397,3.5184,1,1,true
2.8534,0.7802,0,0,true
0.6680,-3.4212,0,0,true
2.5606,-2.9512,0,0,true
2.4672,1.7769,0,0,true
1.3663,-0.0644,0,0,true
-0.2667,-0.0323,1,1,true
0.4309,2.2957,0,0,true
-2.2416,2.5881,1,1,true
-0.0966,-1.9347,0,0,true
-2.2726,0.2614,1,1,true
-2.4300,0.6190,1,1,true
-1.5610,1.8683,1,1,true
-1.3053,-0.4533,1,1,true
-1.0771,1.4786,1,1,true
0.0565,-3.1393,0,0,true
0.0813,0.0405,1,1,true
0.4491,2.5922,0,0,true
2.2447,1.1149,0,0,true
-2.0148,-3.1406,0,0,true
2.4001,0.2324,0,0,true
2.2128,-2.0959,0,0,true
-2.6949,-2.5802,0,0,true
2.6808,-1.6450,0,0,true
2.7408,-1.8956,0,0,true
1.4628,1.9190,0,0,true
-2.3077,1.0806,1,1,true
-1.5242,-3.6699,0,0,true
2.5520,0.6131,0,0,true
-0.1175,1.4779,0,0,true
1.8733,-1.2050,0,0,true
-1.5730,2.2720,1,1,true
0.2100,-0.6568,1,1,true
-0.7781,1.6531,0,0,true
0.9917,1.6844,0,0,true
-1.1846,3.7806,1,1,true
1.1243,0.6745,0,0,true
1.7671,0.6372,0,0,true
-2.0386,-3.6517,0,0,true
-1.6254,-2.8092,0,0,true
2.7542,3.1578,0,0,true
0.4390,-1.9023,0,0,true
-2.7954,-2.8568,0,0,true
-2.8773,0.3607,1,1,true
-1.0231,-3.6840,0,0,true
2.8122,-1.0179,1,1,true
1.5851,3.3863,0,0,true
0.2637,-0.3972,1,1,true
-0.7042,3.2206,0,0,true
-0.1989,0.4234,1,1,true
1.9878,3.7364,0,0,true
1.1336,-0.3400,0,0,true
-0.3027,2.8329,0,0,true
0.4415,-3.8301,0,0,true
-1.3420,-1.9362,0,0,true
-0.4535,-1.1455,0,0,true
-0.1678,1.5433,0,0,true
0.0629,1.9178,0,0,true
2.2823,-2.3792,0,0,true
1.0385,-1.4037,0,0,true
0.7106,0.9310,0,0,true
-2.8775,0.3666,1,1,true
2.5847,-3.8325,0,0,true
0.5235,-2.8376,0,0,true
-2.8579,0.8942,1,1,true
-0.7589,-0.8395,1,1,true
0.4410,-1.4416,0,0,true
2.1545,0.0210,0,0,true
2.2534,1.6339,0,0,true
0.2586,-2.7065,0,0,true
1.1979,-0.8973,1,1,true
1.7852,-2.0933,0,0,true
-0.7941,-2.4756,0,0,true
-0.3280,-0.3386,1,1,true
1.9533,-2.3770,0,0,true
-1.8066,2.4892,1,1,true
1.3082,3.6911,0,0,true
1.5060,1.3358,0,0,true
-1.3136,-0.7566,1,1,true
0.2228,-1.2973,0,0,true
-1.2664,1.9261,1,1,true
1.2364,0.2947,0,0,true
2.8927,-0.8637,1,1,true
-0.1280,1.5014,0,0,true
1.0125,2.3263,0,0,true
0.3592,-2.2915,0,0,true
-2.7923,2.2631,1,1,true
-2.6575,-1.8567,0,0,true
-0.0749,2.1311,0,0,true
-2.1468,-1.7595,0,0,true
-0.6480,2.2547,0,0,true
-0.2717,-2.8109,0,0,true
1.9921,-3.5555,0,0,true
-2.7688,1.3925,1,1,true
-0.5609,-0.0080,1,1,true
1.2907,-1.0437,0,0,true
-1.3403,-2.6671,0,0,true
-1.9308,-3.0834,0,0,true
-1.5264,2.5510,1,1,true
-0.6269,0.0424,1,1,true
-2.8560,-0.7209,1,1,true
1.9285,0.4335,0,0,true
-2.1098,3.8960,1,1,true
0.8434,-0.4646,0,0,true
-2.6263,-3.4781,0,0,true
-1.5374,1.2082,1,1,true
-1.5854,2.4042,1,1,true
2.0726,-2.7558,0,0,true
0.8553,-0.1327,0,0,true
-2.8209,0.7041,1,1,true
-0.6197,3.4146,0,0,true
1.3607,-1.3758,0,0,true
1.4293,2.7879,0,0,true
0.4667,-2.7295,0,0,true
-0.7135,3.1721,0,0,true
0.7031,-0.3474,0,0,true
1.4364,2.4180,0,0,true
-2.1578,1.2560,1,1,true
0.3541,-3.5221,0,0,true
2.9898,-1.2244,0,0,true
0.2729,-2.8626,0,0,true
-0.1414,-1.9696,0,0,true
-1.0130,-3.5285,0,0,true
-2.6052,-3.8342,0,0,true
-1.5274,-2.3889,0,0,true
-0.2774,1.3316,0,0,true
-1.7572,-0.4851,1,1,true
-0.9943,3.3255,1,1,true
2.5129,1.5147,0,0,true
-0.9869,-2.8021,0,0,true
0.8475,2.6778,0,0,true
1.9796,3.5032,0,0,true
0.2189,3.4189,0,0,true
0.3240,-3.7202,0,0,true
-2.4501,-2.8896,0,0,true
-2.3445,-2.3384,0,0,true
0.7466,-1.7233,0,0,true
-0.1070,-2.8185,0,0,true
-2.6585,3.7281,1,1,true
-1.9557,3.0746,1,1,true
-2.4859,3.9132,1,1,true
-2.3875,3.8226,1,1,true
-2.0195,-3.3471,0,0,true
-0.4305,2.1764,0,0,true
0.5610,-3.3098,0,0,true
2.6810,0.6553,0,0,true
1.8888,-2.5183,0,0,true
-2.1289,2.9325,1,1,true
2.8642,-3.3344,0,0,true
-0.3454,-2.2644,0,0,true
1.6000,-3.0265,0,0,true
-0.6947,0.5168,1,1,true
2.8248,1.8209,0,0,true
0.2252,3.5408,0,0,true
0.2010,-0.0440,1,1,true
-0.9009,-3.8513,0,0,true
1.3839,1.4215,0,0,true
-0.4576,-0.2339,1,1,true
2.7022,0.1278,0,0,true
-2.7284,0.4084,1,1,true
1.8329,1.5329,0,0,true
2.5347,2.8523,0,0,true
0.7398,1.0799,0,0,true
2.5615,3.3369,0,0,true
0.8177,-3.7002,0,0,true
1.3151,-0.3934,0,0,true
-0.9025,-1.8998,0,0,true
-0.6980,-0.1776,1,1,true
-0.3632,3.9025,0,0,true
1.9240,3.0230,0,0,true
1.9610,-0.7594,1,1,true
-1.5520,-0.7750,1,1,true
-2.2114,-0.8052,1,1,true
-0.1066,3.9704,0,0,true
-2.8656,0.6404,1,1,true
-0.6596,-1.4314,0,0,true
1.2156,2.0430,0,0,true
-0.3863,-3.2406,0,0,true
0.8151,1.4755,0,0,true
-2.8105,1.3838,1,1,true
1.4511,-1.9561,0,0,true
2.9747,3.1292,0,0,true
0.7785,2.3419,0,0,true
-1.9931,-0.9097,1,1,true
-2.4349,0.4621,1,1,true
-1.6845,-3.0177,0,0,true
0.8039,-1.0848,0,0,true
-2.7478,-3.7710,0,0,true
-0.4863,-2.8909,0,0,true
2.3287,-0.1565,1,1,true
-2.3468,2.3324,1,1,true
2.5671,1.7790,0,0,true
-0.2174,1.2734,0,0,true
-2.5368,2.3119,1,1,true
2.2714,2.4856,0,0,true
0.3228,-2.7311,0,0,true
-0.6897,-1.3233,0,0,true
-0.9121,1.6695,0,0,true
-0.8623,1.9163,0,0,true
-0.1990,-0.3715,1,1,true
-2.4904,2.4655,1,1,true
1.0768,-1.0418,0,0,true
1.7122,2.4515,0,0,true
1.9430,-0.4653,1,1,true
1.8349,0.4645,0,0,true
0.8733,0.4486,0,0,true
2.8181,-1.5179,0,0,true
0.6459,1.7372,0,0,true
2.3628,-0.1460,1,1,true
-0.8127,1.0189,1,1,true
-0.2973,-3.0961,0,0,true
-2.5521,-0.9396,1,1,true
-1.8800,0.7621,1,1,true
0.7972,2.8353,0,0,true
-2.4140,3.8009,1,1,true
-1.5471,-3.7946,0,0,true
-0.7786,2.2565,0,0,true
1.8506,2.4685,0,0,true
-1.9459,-2.6219,0,0,true
-1.0317,1.8348,1,1,true
1.4041,3.4864,0,0,true
-0.7325,-2.2781,0,0,true
-1.3645,-1.5277,0,0,true
-0.0321,-0.3401,1,1,true
-0.2568,-3.1477,0,0,true
0.6143,2.1943,0,0,true
0.5405,0.8490,0,0,true
-2.2275,3.3682,1,1,true
1.7328,-1.1384,0,0,true
-1.1381,-1.4240,0,0,true
1.2177,-2.7338,0,0,true
1.9164,0.6114,0,0,true
0.0148,1.3750,0,0,true
0.9029,-3.1672,0,0,true
-2.4794,3.2957,1,1,true
-2.2661,2.8498,1,1,true
1.5419,1.6464,0,0,true
-2.3236,1.2260,1,1,true
1.2335,-0.7446,0,0,true
-2.2338,0.0562,1,1,true
2.4885,-0.5057,1,1,true
1.0944,-2.0627,0,0,true
-1.6055,1.6654,1,1,true
-2.7813,2.6785,1,1,true
-1.7831,2.4804,1,1,true
0.2845,0.8854,1,1,true
-1.7140,-0.4075,1,1,true
-1.5134,-0.4436,1,1,true
1.9782,-0.9933,1,1,true
-2.4604,-0.0867,1,1,true
-2.9413,2.2976,1,1,true
-0.4864,-2.7937,0,0,true
1.4046,-3.2092,0,0,true
-0.8099,0.1805,1,1,true
-0.5675,-2.2258,0,0,true
-2.2507,-0.1423,1,1,true
2.4555,-3.6331,0,0,true
-0.6712,0.2710,1,1,true
2.0887,-1.9567,0,0,true
-2.9472,3.6119,1,1,true
-1.9475,0.3589,1,1,true
-0.5524,0.4539,1,1,true
-0.5626,3.1222,0,0,true
-2.5757,-1.6503,0,0,true
-2.2007,1.9348,1,1,true
2.2795,-3.2472,0,0,true
2.9905,-1.8163,0,0,true
-2.7097,-2.0733,0,0,true
2.9081,-0.2432,1,1,true
-0.5238,1.5388,0,0,true
0.1725,-2.9009,0,0,true
2.8755,1.0124,0,0,true
1.9060,3.0883,0,0,true
-0.1237,-0.9431,1,1,true
2.1477,3.8596,0,0,true
-2.4098,3.4166,1,1,true
0.1969,2.5770,0,0,true
-2.5363,-3.3161,0,0,true
1.0876,3.7408,0,0,true
-2.5570,1.0176,1,1,true
0.4965,1.2687,0,0,true
2.8195,1.8806,0,0,true
0.9596,0.5930,0,0,true
-1.8019,0.9728,1,1,true
-2.2291,0.2492,1,1,true
-0.8210,-0.7878,1,1,true
-1.2739,3.9436,1,1,true
-2.2434,-1.8556,0,0,true
0.3772,0.3975,0,0,true
-1.3169,-2.3165,0,0,true
0.2843,-0.8239,1,1,true
-0.4790,3.1734,0,0,true
2.3408,3.8274,0,0,true
-1.2567,-1.9456,0,0,true
0.6437,-3.7911,0,0,true
2.8949,0.1826,0,0,true
0.7211,2.2843,0,0,true
1.3765,3.7120,0,0,true
-0.7829,-1.3323,0,0,true
1.7817,2.2933,0,0,true
1.5787,1.6626,0,0,true
0.7617,1.0033,0,0,true
-0.9143,1.6893,0,0,true
-0.6283,2.5145,0,0,true
1.8331,-0.1105,1,1,true
0.2485,-0.2109,1,1,true
-2.7645,2.1084,1,1,true
1.0211,1.9634,0,0,true
2.9279,3.5902,0,0,true
-1.8506,3.0410,1,1,true
-1.9789,-2.7832,0,0,true
1.7180,0.0946,0,0,true
0.7265,0.3379,0,0,true
0.0319,0.2133,1,1,true
2.4527,-0.5960,1,1,true
2.3108,0.3158,0,0,true
1.1904,-3.2236,0,0,true
-2.3399,-2.4629,0,0,true
1.1179,1.3012,0,0,true
-1.9067,-1.1614,0,0,true
1.6820,3.3188,0,0,true
-2.9001,-2.6042,0,0,true
-2.7345,-2.2446,0,0,true
-1.1823,1.3872,1,1,true
-0.7746,2.6895,0,0,true
-1.8121,3.5663,1,1,true
2.2762,0.3862,0,0,true
-0.5268,-2.4219,0,0,true
1.5756,2.5714,0,0,true
-0.5466,3.3219,0,0,true
-2.0004,-1.5328,0,0,true
0.8956,-1.9251,0,0,true
2.5042,0.0283,0,0,true
1.7799,-3.0272,0,0,true
2.2664,0.4547,0,0,true
0.0807,-2.2818,0,0,true
-0.8975,-1.0495,1,1,true
1.3142,2.1874,0,0,true
2.5561,3.7988,0,0,true
-1.4057,2.8034,1,1,true
-0.4191,-3.1175,0,0,true
-2.9188,-1.7208,0,0,true
2.5597,0.6854,0,0,true
-0.3023,1.9830,0,0,true
-1.7370,-1.2484,0,0,true
1.5726,2.4546,0,0,true
2.6196,-1.3854,0,0,true
2.1061,-3.1096,0,0,true
-1.5163,-1.0420,1,1,true
-2.4673,1.3475,1,1,true
1.8263,-0.3981,1,1,true
-1.3810,-2.3440,0,0,true
-0.4637,-2.0946,0,0,true
-1.9705,1.1241,1,1,true
-0.8655,0.9618,1,1,true
0.5691,-0.9777,1,1,true
1.4342,2.1033,0,0,true
-0.5814,2.3879,0,0,true
1.4773,-3.1401,0,0,true
1.1557,1.1119,0,0,true
1.1557,0.3036,0,0,true
-0.4567,-0.1651,1,1,true
2.3489,-3.6286,0,0,true
-0.5494,-0.4077,1,1,true
2.4511,-0.8891,1,1,true
0.9007,-1.4360,0,0,true
1.1140,-3.1304,0,0,true
2.0026,-3.9689,0,0,true
0.7506,-3.1961,0,0,true
2.7000,-1.8012,0,0,true
-1.3686,-1.5519,0,0,true
-2.9558,1.4470,1,1,true
-2.9340,-3.7264,0,0,true
2.3868,-0.0692,1,1,true
0.9250,-3.7317,0,0,true
2.4743,-1.9443,0,0,true
-0.3897,-0.2464,1,1,true
0.4041,3.2351,0,0,true
2.4232,3.1437,0,0,true
-0.3957,-2.8873,0,0,true
-1.0758,-0.2208,1,1,true
-1.9186,-1.7342,0,0,true
-1.9930,2.1830,1,1,true
-1.6782,-2.8621,0,0,true
1.7480,-0.7148,1,1,true
0.6697,3.5867,0,0,true
-2.4970,-1.2756,0,0,true
0.1581,2.4532,0,0,true
-1.1651,-0.8095,1,1,true
-2.4602,-1.6484,0,0,true
0.5023,-2.7715,0,0,true
-1.0740,-3.9297,0,0,true
-0.3170,0.7887,1,1,true
-1.3265,3.3113,1,1,true
1.2756,-2.8148,0,0,true
0.7887,-0.4899,0,0,true
1.4936,3.0947,0,0,true
0.7826,1.4844,0,0,true
-0.3487,0.5680,1,1,true
-2.4345,2.2449,1,1,true
-0.3691,1.0440,1,1,true
-2.9238,3.5751,1,1,true
0.9764,0.7609,0,0,true
-1.0333,-1.7611,0,0,true
-0.0893,0.5804,1,1,true
1.0190,2.0391,0,0,true
2.5823,-3.4861,0,0,true
-0.2020,0.9404,1,1,true
-1.6914,2.5018,1,1,true
1.9891,-3.2902,0,0,true
0.6433,-0.3466,1,1,true
1.8331,-1.6543,0,0,true
-2.4801,-3.6739,0,0,true
-2.1780,3.8717,1,1,true
-1.0254,-0.6232,1,1,true
1.6916,-2.9576,0,0,true
-1.3363,-3.3165,0,0,true
2.5069,3.5802,0,0,true
-0.4097,1.0541,1,1,true
-2.4303,2.9716,1,1,true
0.3633,-1.0858,0,0,true
1.5405,2.5716,0,0,true
-0.5858,3.4583,0,0,true
2.2420,1.5252,0,0,true
-1.5555,-3.2484,0,0,true
1.1269,1.8012,0,0,true
-0.1543,1.1005,1,1,true
1.8329,-3.1029,0,0,true
-0.2348,-2.2548,0,0,true
0.2938,2.5976,0,0,true
-1.3064,2.0086,1,1,true
0.2057,-0.4085,1,1,true
0.1754,-2.9501,0,0,true
-1.2615,-0.8963,1,1,true
-0.5959,3.8893,0,0,true
-1.3328,-1.3798,0,0,true
-1.0905,0.7839,1,1,true
-1.2043,0.0098,1,1,true
1.6474,-2.0991,0,0,true
-2.5309,-1.3234,0,0,true
0.0345,1.0972,1,1,true
2.1380,2.0949,0,0,true
0.7987,2.9228,0,0,true
2.4354,3.3999,0,0,true
-1.5011,3.7641,1,1,true
-0.8164,0.4417,1,1,true
2.1506,-0.9959,1,1,true
-2.1427,3.2093,1,1,true
-2.0477,1.7151,1,1,true
-2.7194,2.0475,1,1,true
-2.9671,1.8520,1,1,true
0.8555,-0.4815,0,0,true
-2.5197,-3.8785,0,0,true
-2.2759,-0.3232,1,1,true
0.4609,-2.2992,0,0,true
-0.5956,3.5505,0,0,true
-1.5661,-2.1687,0,0,true
-2.0516,-3.5104,0,0,true
-0.4782,-1.2574,0,0,true
0.8483,-1.1984,0,0,true
1.2336,1.4977,0,0,true
2.9547,3.5632,0,0,true
0.0490,3.3507,0,0,true
-2.6947,-2.4464,0,0,true
-2.4147,0.9272,1,1,true
2.8563,-1.4915,0,0,true
-1.7786,-1.3377,0,0,true
-2.3675,-3.6961,0,0,true
-2.3169,3.4021,1,1,true
0.0201,-0.7386,1,1,true
0.6047,-1.8756,0,0,true
-1.2555,2.1063,1,1,true
2.0161,-2.7536,0,0,true
0.1569,2.0080,0,0,true
0.1597,-3.6204,0,0,true
2.4842,1.0465,0,0,true
0.8814,-3.3659,0,0,true
1.1829,1.5779,0,0,true
-0.2643,2.1323,0,0,true
0.1949,1.0434,1,1,true
0.5002,0.3035,0,0,true
1.9401,1.4336,0,0,true
-1.3311,2.0775,1,1,true
-1.8224,0.6372,1,1,true
-1.6253,-3.3593,0,0,true
0.3514,-0.1374,1,1,true
-1.4299,-0.4548,1,1,true
2.2783,3.0037,0,0,true
-1.3405,3.0624,1,1,true
-1.9400,2.3328,1,1,true
0.7800,0.5097,0,0,true
0.8369,3.1750,0,0,true
-0.7665,-0.2886,1,1,true
-0.0839,2.6900,0,0,true
0.8625,-1.1096,0,0,true
-2.8371,-3.1185,0,0,true
-1.9832,-2.3789,0,0,true
-1.4304,2.7816,1,1,true
0.7791,-2.9065,0,0,true
-0.3781,2.2101,0,0,true
-0.1212,1.0758,1,1,true
-0.4624,-2.1714,0,0,true
2.3984,3.0409,0,0,true
-2.5832,-2.9591,0,0,true
-2.3453,-2.3230,0,0,true
2.1153,2.0231,0,0,true
-1.4253,-2.5006,0,0,true
1.5949,1.8405,0,0,true
1.3513,-2.7266,0,0,true
1.7301,3.5696,0,0,true
0.9191,-2.3053,0,0,true
2.3705,2.5696,0,0,true
-2.9740,-3.5963,0,0,true
0.9907,2.0953,0,0,true
1.0007,-2.8723,0,0,true
0.8081,3.2484,0,0,true
-0.1847,-1.1937,0,0,true
2.5896,-1.1563,0,0,true
-0.2362,1.6734,0,0,true
-2.2684,-0.6035,1,1,true
1.3421,-0.9952,1,1,true
-1.4343,-3.8125,0,0,true
-2.4002,0.2295,1,1,true
1.7275,2.0207,0,0,true
-2.4385,-0.9313,1,1,true
-1.7122,-0.4124,1,1,true
0.1458,-0.3446,1,1,true
-1.5202,-2.5598,0,0,true
-2.1688,0.8219,1,1,true
-2.6189,-0.9396,1,1,true
2.7453,2.2635,0,0,true
-1.8252,-0.9758,1,1,true
-2.1697,3.9880,1,1,true
1.2681,1.1895,0,0,true
-2.0439,2.2075,1,1,true
-2.5060,-2.2762,0,0,true
2.7422,-1.6068,0,0,true
-1.4231,2.7251,1,1,true
1.5861,-3.5338,0,0,true
0.5210,-1.0788,0,0,true
0.3482,-2.4762,0,0,true
2.9368,3.2828,0,0,true
-2.3652,3.5621,1,1,true
0.9820,0.4218,0,0,true
0.5796,0.3861,0,0,true
0.6160,0.4027,0,0,true
0.1173,1.0308,1,1,true
0.5822,-2.8989,0,0,true
0.5878,-0.3469,1,1,true
2.9105,-1.5916,0,0,true
1.9460,0.8537,0,0,true
0.8641,-0.5743,0,0,true
-2.9464,-0.8837,1,1,true
-0.6356,3.8181,0,0,true
1.4257,0.2779,0,0,true
-1.9533,-1.4239,0,0,true
-2.5726,3.5512,1,1,true
1.3309,0.4261,0,0,true
-0.0239,1.4541,0,0,true
-1.9081,0.9934,1,1,true
-0.0597,-3.4011,0,0,true
-0.3518,1.7681,0,0,true
-2.1772,0.4432,1,1,true
2.7535,0.4578,0,0,true
-1.1403,-0.7154,1,1,true
-0.3829,-3.8358,0,0,true
1.0883,-3.9728,0,0,true
1.8567,-2.6631,0,0,true
-1.5855,-0.7272,1,1,true
2.6507,-2.2030,0,0,true
-2.0725,1.8233,1,1,true
0.8289,0.0783,0,0,true
1.2724,3.9872,0,0,true
-0.3192,2.9703,0,0,true
0.9033,2.2256,0,0,true
-2.5190,-3.5769,0,0,true
1.6197,-1.0971,0,0,true
-1.7607,3.8966,1,1,true
1.3126,-3.1827,0,0,true
-2.2396,-3.5830,0,0,true
-1.8131,-0.0041,1,1,true
-1.5921,3.6238,1,1,true
-0.7895,-1.1934,0,0,true
-0.4987,-3.0607,0,0,true
-2.1667,-2.5387,0,0,true
-2.3243,2.4611,1,1,true
0.2352,1.1570,1,1,true
-2.9155,-1.7123,0,0,true
0.1520,-3.2723,0,0,true
2.2586,-2.9264,0,0,true
-2.8834,2.3198,1,1,true
-0.6294,0.3537,1,1,true
0.9297,1.6850,0,0,true
1.7700,3.2075,0,0,true
2.9510,-2.2868,0,0,true
1.9375,0.4889,0,0,true
2.7355,-3.6217,0,0,true
-0.9312,-3.0291,0,0,true
-1.1317,3.0519,1,1,true
-0.8066,-2.1836,0,0,true
0.3130,-2.0631,0,0,true
1.2723,-1.6163,0,0,true
-1.2345,-2.3307,0,0,true
-2.4102,0.3217,1,1,true
1.7330,1.4303,0,0,true
-2.5069,2.4165,1,1,true
0.1849,-1.0594,1,1,true
-0.4445,3.1043,0,0,true
0.6477,-2.7030,0,0,true
1.0414,3.6566,0,0,true
-2.3922,1.4539,1,1,true
-1.4890,2.2774,1,1,true
-0.6497,-0.9708,1,1,true
2.8819,2.7572,0,0,true
-2.7383,-3.1346,0,0,true
-2.4756,-1.1898,0,0,true
-1.9909,-2.6692,0,0,true
-1.2285,3.8991,1,1,true
2.0671,0.6213,0,0,true
2.3152,-2.6385,0,0,true
-1.3439,-0.8705,1,1,true
0.0569,3.5080,0,0,true
-2.2766,-3.1549,0,0,true
-0.0888,0.9226,1,1,true
-0.4491,-1.3425,0,0,true
-1.7272,2.6912,1,1,true
-2.2795,2.8644,1,1,true
1.9849,1.6803,0,0,true
-2.0294,3.0873,1,1,true
1.0565,-2.6853,0,0,true
-1.6236,3.4138,1,1,true
-2.2880,-2.8074,0,0,true
1.7582,2.5558,0,0,true
2.7511,-3.8396,0,0,true
-0.9759,-1.0003,1,1,true
1.1416,-1.8758,0,0,true
-0.5656,3.1758,0,0,true
-2.9656,-3.1317,0,0,true
1.7319,2.0579,0,0,true
2.0709,-2.8705,0,0,true
2.5313,-0.6631,1,1,true
2.1068,3.9944,0,0,true
-1.8197,1.9043,1,1,true
-2.8325,-2.2075,0,0,true
1.9372,-1.1555,0,0,true
-1.4161,-1.5005,0,0,true
1.5741,2.6013,0,0,true
-0.6894,-0.5987,1,1,true
1.8392,-3.0845,0,0,true
0.2723,-2.7950,0,0,true
-2.2926,0.0643,1,1,true
1.6583,-2.6062,0,0,true
1.0414,-0.7514,0,0,true
-2.0482,-3.5788,0,0,true
0.7371,3.3339,0,0,true
1.5034,2.7204,0,0,true
-0.7351,3.0999,0,0,true
-1.0219,3.6291,1,1,true
2.2925,2.9136,0,0,true
-1.3109,-2.7567,0,0,true
2.7732,-2.3423,0,0,true
-2.1060,-2.8367,0,0,true
-0.5021,-3.6631,0,0,true
-1.1891,1.4916,1,1,true
-1.5250,1.1062,1,1,true
-1.0119,-2.9002,0,0,true
1.2832,-0.3406,0,0,true
0.2857,-3.0412,0,0,true
-0.0264,-0.9802,1,1,true
0.0102,-3.5230,0,0,true
-0.1675,0.0539,1,1,true
-1.2027,1.7106,1,1,true
-1.2365,0.4180,1,1,true
0.2013,-2.0656,0,0,true
0.5012,0.8519,0,0,true
-0.8645,-3.5587,0,0,true
1.0110,3.2608,0,0,true
-2.8177,-3.1052,0,0,true
-1.1976,-3.7665,0,0,true
-1.7738,0.9338,1,1,true
-0.8749,2.1284,0,0,true
2.1554,1.3089,0,0,true
1.5454,-1.4762,0,0,true
0.2100,-3.5145,0,0,true
-1.0151,2.5485,1,1,true
-1.0927,-3.9193,0,0,true
-2.1261,-2.0500,0,0,true
2.8968,0.3069,0,0,true
-2.8283,-1.1420,0,0,true
-0.4604,-1.4084,0,0,true
-2.0262,-3.4083,0,0,true
-0.0669,-3.4794,0,0,true
-0.1745,-0.2182,1,1,true
2.5010,-3.7593,0,0,true
-0.2390,2.9340,0,0,true
2.7428,1.5967,0,0,true
1.4734,0.0018,0,0,true
-2.4085,-1.5041,0,0,true
1.1123,-2.1564,0,0,true
2.3406,-1.7980,0,0,true
2.4032,-2.2670,0,0,true
0.1552,3.1280,0,0,true
2.2687,-2.1095,0,0,true
1.4059,-2.6098,0,0,true
-2.4349,3.2678,1,1,true
-2.1097,2.5661,1,1,true
-1.3532,-0.7746,1,1,true
2.4144,-2.4823,0,0,true
-1.3732,-3.3156,0,0,true
0.8042,-0.6074,0,0,true
-1.3698,3.1877,1,1,true
0.6752,3.3551,0,0,true
0.9771,-1.4343,0,0,true
-2.5640,1.1612,1,1,true
-2.1327,-0.3285,1,1,true
-0.0810,-2.1733,0,0,true
-1.4375,1.6142,1,1,true
0.5807,-1.1728,0,0,true
0.6161,-0.1455,1,1,true
-0.6336,1.9400,0,0,true
-0.0489,1.1490,1,1,true
-2.0905,3.6196,1,1,true
-1.3112,-2.4611,0,0,true
-2.8560,-1.2567,0,0,true
-2.3159,-3.7739,0,0,true
-0.1843,-0.7259,1,1,true
2.3401,3.1333,0,0,true
-1.0971,1.0538,1,1,true
1.8893,3.4428,0,0,true
-1.6018,3.7782,1,1,true
-1.0027,0.5948,1,1,true
-0.5632,-2.5270,0,0,true
-2.0429,2.3745,1,1,true
0.1646,-0.0564,1,1,true
1.8366,0.8454,0,0,true
1.0174,0.3235,0,0,true
0.9065,3.6284,0,0,true
-2.5759,-3.1427,0,0,true
-0.5645,-3.5295,0,0,true
1.3413,-3.3704,0,0,true
-1.6522,-0.3885,1,1,true
0.5410,2.4338,0,0,true
-0.1639,0.4138,1,1,true
2.9058,-0.4008,1,1,true
1.3210,3.2204,0,0,true
0.1275,-0.6800,1,1,true
2.8133,0.3301,0,0,true
0.0377,3.8861,0,0,true
-2.1379,3.2956,1,1,true
2.2022,-1.1998,0,0,true
1.5209,1.2019,0,0,true
-0.2783,-1.6615,0,0,true
2.3560,-1.7792,0,0,true
1.8532,-0.3648,1,1,true
2.3927,3.0230,0,0,true
1.3356,1.2212,0,0,true
-1.3254,-0.3931,1,1,true
-0.5622,2.3504,0,0,true
-2.7112,3.6076,1,1,true
2.0212,-1.2600,0,0,true
-2.9465,3.7816,1,1,true
2.0600,0.0773,0,0,true
-1.3156,-1.8151,0,0,true
-2.9954,-2.5237,0,0,true
1.8786,-1.4839,0,0,true
-1.7098,-2.6477,0,0,true
1.5931,-1.1432,0,0,true
1.4144,-3.4069,0,0,true
0.9148,-0.2317,0,0,true
2.6586,1.7207,0,0,true
1.0495,-2.7634,0,0,true
0.6129,1.4725,0,0,true
1.4003,-0.4229,0,0,true
2.3647,-0.6422,1,1,true
2.9071,-3.9814,0,0,true
-1.9042,1.1349,1,1,true
2.2083,3.1172,0,0,true
1.0834,3.3859,0,0,true
0.3285,-0.9378,1,1,true
1.4390,3.3401,0,0,true
-1.3662,-3.7378,0,0,true
-2.7815,-2.2421,0,0,true
-1.4340,3.5789,1,1,true
0.1256,-0.7596,1,1,true
-1.9167,-1.4180,0,0,true
1.7795,-1.5349,0,0,true
-0.0093,3.8438,0,0,true
0.3134,3.5500,0,0,true
-0.4357,1.6190,0,0,true
-2.9795,0.7231,1,1,true
-0.3026,3.7462,0,0,true
2.8755,1.2574,0,0,true
-0.2864,-1.3321,0,0,true
1.2314,-0.2574,0,0,true
0.2810,3.4688,0,0,true
-1.3255,-2.1146,0,0,true
1.0333,-0.2598,0,0,true
1.5536,-3.4806,0,0,true
-2.6796,0.2222,1,1,true
1.2986,0.1615,0,0,true
-2.7886,1.6883,1,1,true
2.4597,1.0295,0,0,true
2.7219,-2.8535,0,0,true
0.5171,1.8557,0,0,true
-0.4349,2.4526,0,0,true
-0.2677,3.4837,0,0,true
0.3254,-2.9352,0,0,true
-2.3905,1.4056,1,1,true
-1.3507,1.3293,1,1,true
1.8680,1.1746,0,0,true
2.9970,2.3919,0,0,true
2.3331,1.7426,0,0,true
-2.6467,0.8587,1,1,true
1.1023,0.3454,0,0,true
-0.8954,2.6163,0,0,true
-0.8318,3.8172,0,0,true
1.2027,-2.9261,0,0,true
2.6676,2.5746,0,0,true
1.9065,1.6232,0,0,true
-2.0112,3.9994,1,1,true
0.1186,2.5389,0,0,true
-1.2272,-1.1553,0,0,true
-1.1222,-3.3418,0,0,true
0.9602,1.1514,0,0,true
1.4187,-0.2537,0,0,true
-0.7414,-0.2885,1,1,true
-2.0011,3.1437,1,1,true
-1.6782,3.6549,1,1,true
1.8675,-3.8962,0,0,true
1.1884,3.2647,0,0,true
2.3801,2.6467,0,0,true
2.4705,0.1178,0,0,true
0.6308,-3.6213,0,0,true
-2.5291,-3.9620,0,0,true
2.0605,-1.1575,0,0,true
0.5897,-2.7380,0,0,true
0.2025,2.8213,0,0,true
-1.6314,1.0175,1,1,true
-0.6345,-1.7585,0,0,true
1.4550,3.6138,0,0,true
-2.5918,0.6945,1,1,true
-1.5727,-2.5604,0,0,true
-0.1299,-0.3661,1,1,true
-0.3523,0.1953,1,1,true
-2.4967,0.3310,1,1,true
0.9301,-1.3580,0,0,true
1.4124,2.3623,0,0,true
-1.2037,-3.2211,0,0,true
1.3708,-3.2881,0,0,true
1.5841,1.2338,0,0,true
1.2193,2.1369,0,0,true
2.8179,2.2347,0,0,true
-0.4004,3.2469,0,0,true
-2.1153,-0.4304,1,1,true
1.5952,3.0658,0,0,true
0.2110,-2.4297,0,0,true
2.3512,0.1101,0,0,true
0.7698,-2.0034,0,0,true
-0.3879,1.7798,0,0,true
0.9303,-3.2462,0,0,true
-0.6510,2.9062,0,0,true
-1.8947,2.1081,1,1,true
2.1280,2.3286,0,0,true
-0.8846,0.5660,1,1,true
-1.4942,-1.9342,0,0,true
1.5191,-0.2657,1,1,true
0.3442,-0.9026,1,1,true
1.2563,0.7109,0,0,true
1.5380,-1.2660,0,0,true
2.6030,-1.7624,0,0,true
2.4861,2.9231,0,0,true
-2.3497,2.3245,1,1,true
0.9758,0.0212,0,0,true
-0.5987,-1.3254,0,0,true
2.7678,-0.4898,1,1,true
0.5537,0.1772,0,0,true
-2.6830,-2.9554,0,0,true
-1.0612,-3.2987,0,0,true
1.2724,1.8976,0,0,true
-1.4768,-3.0237,0,0,true
2.3576,-0.9453,1,1,true
0.7648,3.7624,0,0,true
-1.6400,-3.5601,0,0,true
1.3968,-1.0761,0,0,true
-1.3010,-0.0470,1,1,true
1.7456,2.7011,0,0,true
-0.9158,-2.5432,0,0,true
1.1370,2.3941,0,0,true
2.4293,0.0762,0,0,true
2.7355,3.1855,0,0,true
0.8753,3.2869,0,0,true
1.7379,-3.4558,0,0,true
-0.6110,2.0127,0,0,true
2.0850,1.0841,0,0,true
1.9351,2.9257,0,0,true
2.7503,2.8669,0,0,true
-1.2068,-3.8568,0,0,true
-0.3448,-0.8712,1,1,true
-0.0084,3.7385,0,0,true
-1.4973,0.5905,1,1,true
-1.2083,-1.6963,0,0,true
-0.9929,1.2696,1,1,true
-2.8977,1.0232,1,1,true
-2.5492,3.5094,1,1,true
-2.7357,-1.2511,0,0,true
0.3278,-0.1923,1,1,true
1.5797,-3.2189,0,0,true
-2.7420,1.6457,1,1,true
0.2503,-0.6363,1,1,true
0.8652,0.5742,0,0,true
0.8673,2.9966,0,0,true
1.6527,3.7804,0,0,true
-2.9966,-0.9998,1,1,true
-0.4111,-2.4655,0,0,true
0.2663,-0.5314,1,1,true
1.6564,-0.3507,1,1,true
-0.0335,2.9553,0,0,true
-0.2811,0.0678,1,1,true
0.2310,-1.4302,0,0,true
-1.0921,-2.6342,0,0,true
2.0454,-1.8767,0,0,true
1.8546,-2.4092,0,0,true
-2.0897,2.3131,1,1,true
-0.5173,-1.2839,0,0,true
2.4139,-0.4962,1,1,true
1.5417,-0.0778,1,1,true
-1.7505,2.4300,1,1,true
0.6920,-2.2128,0,0,true
-1.3038,-0.6893,1,1,true
-2.5625,-0.6540,1,1,true
-2.0297,-2.0069,0,0,true
-0.6871,-0.6750,1,1,true
0.0971,-2.0856,0,0,true
-0.5411,2.7589,0,0,true
2.7666,-3.0361,0,0,true
-2.4764,0.0723,1,1,true
-0.8528,3.7451,0,0,true
2.6925,2.6243,0,0,true
-0.7025,-1.8854,0,0,true
0.0186,1.3309,0,0,true
-2.1786,-3.5539,0,0,true
-2.0408,-0.0958,1,1,true
1.2354,1.5531,0,0,true
-0.1944,0.8457,1,1,true
-1.6996,1.7915,1,1,true
2.3175,-2.7723,0,0,true
1.4597,2.5592,0,0,true
1.4012,-1.2503,0,0,true
1.7237,3.3087,0,0,true
1.2962,-2.1817,0,0,true
-1.4748,-3.1694,0,0,true
-2.0287,-3.6900,0,0,true
1.4688,2.2879,0,0,true
0.9776,1.8463,0,0,true
0.7779,0.8624,0,0,true
2.8142,-2.2329,0,0,true
-0.5970,-2.4057,0,0,true
-0.9538,-0.6878,1,1,true
-1.0793,3.6556,1,1,true
0.6128,3.1904,0,0,true
-2.1226,-0.8961,1,1,true
-0.2012,3.6067,0,0,true
-0.9011,2.1435,0,0,true
2.6508,3.0982,0,0,true
2.6514,-0.0246,0,0,true
2.5309,0.6533,0,0,true
0.5068,3.4915,0,0,true
-1.2430,-1.4229,0,0,true
1.7321,-3.4996,0,0,true
-1.0752,0.8149,1,1,true
0.8570,-1.8643,0,0,true
-1.6882,-2.5297,0,0,true
0.7518,0.6447,0,0,true
1.9793,-2.8483,0,0,true
-0.0757,-2.3874,0,0,true
0.5567,-0.5500,1,1,true
-0.6344,-1.6722,0,0,true
-2.5418,3.7007,1,1,true
-0.8863,3.4259,0,0,true
2.7368,-3.8830,0,0,true
-0.7300,3.6330,0,0,true
-1.9291,-3.6024,0,0,true
-1.2649,-2.0440,0,0,true
0.7111,1.9245,0,0,true
-0.7398,-3.0990,0,0,true
-1.7559,-0.5756,1,1,true
-2.4862,1.8548,1,1,true
-0.6374,-2.0777,0,0,true
-2.6112,0.2643,1,1,true
-1.2275,-1.7134,0,0,true
1.4765,1.6101,0,0,true
1.8940,3.9930,0,0,true
-1.1865,2.6694,1,1,true
1.7478,-1.7258,0,0,true
-0.0527,1.6389,0,0,true
-0.0987,2.5039,0,0,true
2.4376,2.0097,0,0,true
2.7836,3.6733,0,0,true
1.9764,2.6595,0,0,true
1.0536,-3.9858,0,0,true
2.0886,3.5738,0,0,true
-2.7353,0.8330,1,1,true
-1.0994,3.6613,1,1,true
2.0203,3.4100,0,0,true
-2.1019,-1.2070,0,0,true
-0.9508,3.8212,0,0,true
-2.3413,3.9119,1,1,true
2.1179,-1.9480,0,0,true
-2.2269,-1.0736,1,1,true
-2.8677,1.6742,1,1,true
0.8930,-0.5821,0,0,true
-2.9077,2.1589,1,1,true
-0.3483,2.6372,0,0,true
0.4091,-3.4819,0,0,true
2.7274,-2.8038,0,0,true
-2.5982,-1.8018,0,0,true
-0.4759,-3.5838,0,0,true
1.9628,-3.1474,0,0,true
1.8224,-2.0806,0,0,true
-0.4593,-3.4320,0,0,true
0.7613,2.9543,0,0,true
0.7129,1.3126,0,0,true
0.0396,3.2803,0,0,true
-2.4222,3.5761,1,1,true
-2.4798,-3.9855,0,0,true
2.7873,2.8227,0,0,true
1.2461,-1.0476,0,0,true
0.7032,2.0528,0,0,true
0.0507,-2.1546,0,0,true
-1.0181,3.4133,1,1,true
0.0120,-0.8616,1,1,true
-0.2435,-1.3673,0,0,true
-2.6823,2.1755,1,1,true
-1.7411,-1.1512,0,0,true
-2.9462,-0.9900,1,1,true
-1.4015,2.2353,1,1,true
-0.3813,-2.3917,0,0,true
-2.1606,-1.5889,0,0,true
2.2741,1.5817,0,0,true
-2.7410,-0.9692,1,1,true
-1.9784,0.3396,1,1,true
-1.1025,1.6766,1,1,true
-2.1636,0.9130,1,1,true
-1.4182,-2.3523,0,0,true
-1.5053,2.9467,1,1,true
-0.1458,-3.7222,0,0,true
-1.6000,-3.8319,0,0,true
-1.3817,1.4587,1,1,true
-1.5661,3.0662,1,1,true
-0.4999,-1.8332,0,0,true
0.8337,0.2313,0,0,true
0.4553,-2.2937,0,0,true
0.7092,0.6663,0,0,true
-1.0382,-1.1974,0,0,true
0.3617,-2.9151,0,0,true
0.0049,-2.9314,0,0,true
-0.2086,1.0127,1,1,true
1.8735,-2.8093,0,0,true
1.9982,0.1379,0,0,true
-1.3892,1.3427,1,1,true
0.9010,1.0047,0,0,true
-1.7219,1.4721,1,1,true
-1.0429,-3.2795,0,0,true
0.4480,-2.7737,0,0,true
-0.5199,1.3172,0,0,true
-2.9896,1.7780,1,1,true
1.2964,-1.1764,0,0,true
-0.9017,-3.8137,0,0,true
2.2544,1.0961,0,0,true
-0.5284,-1.5524,0,0,true
0.0974,-3.2580,0,0,true
-1.0574,3.9377,1,1,true
2.4999,-2.9183,0,0,true
-2.9988,1.9022,1,1,true
1.9324,-2.8619,0,0,true
2.3151,3.0250,0,0,true
-2.4747,1.0401,1,1,true
2.1366,2.0361,0,0,true
2.1453,0.5916,0,0,true
-0.5406,2.6312,0,0,true
1.9464,1.9456,0,0,true
-1.0585,-1.1348,0,0,true
-2.3084,1.9737,1,1,true
1.8573,-0.2309,1,1,true
-0.0816,3.6539,0,0,true
2.1517,-0.7350,1,1,true
-2.2037,3.4270,1,1,true
1.1579,-2.2373,0,0,true
-2.4797,0.9099,1,1,true
-1.3958,3.2789,1,1,true
0.4569,2.2721,0,0,true
-2.2150,0.1938,1,1,true
-2.6264,-0.3988,1,1,true
2.9124,1.2498,0,0,true
2.8818,-1.0637,0,0,true
2.2533,1.1694,0,0,true
1.0888,-1.7321,0,0,true
0.4545,-2.6189,0,0,true
-1.6601,3.4128,1,1,true
0.5591,2.5414,0,0,true
-2.1489,2.9110,1,1,true
2.6115,-2.7305,0,0,true
1.1504,-2.2076,0,0,true
-2.3507,-1.3401,0,0,true
2.6921,-2.5496,0,0,true
-2.4004,1.1052,1,1,true
-1.0335,-1.0546,1,1,true
0.8419,1.9977,0,0,true
-0.0097,-3.7387,0,0,true
-1.7405,2.3756,1,1,true
0.0568,-1.8840,0,0,true
0.5243,-3.5083,0,0,true
-0.2719,-0.0938,1,1,true
0.6561,1.4207,0,0,true
-1.6070,1.6280,1,1,true
-1.6876,-0.0471,1,1,true
2.4504,3.6286,0,0,true
2.3249,-2.3322,0,0,true
0.9815,-2.4380,0,0,true
-1.8743,-3.9432,0,0,true
1.7627,-3.8636,0,0,true
-0.3495,3.8540,0,0,true
0.5038,2.9894,0,0,true
-1.0822,1.9960,1,1,true
2.4313,-0.7853,1,1,true
0.2702,-3.2056,0,0,true
-2.8810,3.9150,1,1,true
2.7296,2.0125,0,0,true
-1.2268,-2.9801,0,0,true
2.1807,0.2144,0,0,true
1.3162,0.5972,0,0,true
0.9214,-2.3992,0,0,true
-0.1754,-2.3886,0,0,true
2.0232,1.3104,0,0,true
-1.7550,-2.4536,0,0,true
2.4303,-2.0906,0,0,true
-0.7597,1.1499,1,1,true
0.9368,-0.8231,1,1,true
-0.8446,-0.4879,1,1,true
1.7737,-0.8852,1,1,true
0.1502,3.6957,0,0,true
-2.4950,-0.1177,1,1,true
-2.7557,3.6315,1,1,true
-0.2462,-1.1733,0,0,true
1.1706,2.9063,0,0,true
-2.8383,-0.1129,1,1,true
0.3022,-0.7789,1,1,true
0.8111,-3.7099,0,0,true
-0.2299,-0.3886,1,1,true
1.6907,3.5954,0,0,true
2.4858,1.0718,0,0,true
-2.9417,2.6286,1,1,true
2.6274,0.9892,0,0,true
2.2158,2.6638,0,0,true
-2.3128,3.5638,1,1,true
2.9781,-2.4060,0,0,true
2.2524,3.6181,0,0,true
-0.3799,-1.6755,0,0,true
-0.7815,-1.9451,0,0,true
0.5174,-0.9218,1,1,true
0.9605,-0.2455,0,0,true
-2.2061,0.6354,1,1,true
2.8081,3.2511,0,0,true
1.6086,0.9776,0,0,true
1.9410,-0.4066,1,1,true
-2.1408,-1.8143,0,0,true
0.4430,1.7202,0,0,true
2.7742,-2.4863,0,0,true
0.6132,-0.5249,1,1,true
1.9994,-2.9214,0,0,true
2.1995,-3.5908,0,0,true
1.1719,-3.8334,0,0,true
-2.5931,-0.6682,1,1,true
2.3809,-3.9777,0,0,true
2.7129,2.7150,0,0,true
-0.2767,2.8587,0,0,true
1.7314,-1.9133,0,0,true
1.0426,-2.4478,0,0,true
-1.6938,-2.6470,0,0,true
0.6190,2.2210,0,0,true
-1.9519,3.5413,1,1,true
-2.8215,2.3327,1,1,true
2.7245,-1.4556,0,0,true
-0.7131,-1.0183,1,1,true
1.4774,-3.5744,0,0,true
-1.1714,-0.2691,1,1,true
2.9552,-0.7269,1,1,true
-0.5933,1.2497,0,0,true
2.6712,-3.6460,0,0,true
1.5796,2.8321,0,0,true
-2.1669,-2.4969,0,0,true
-2.5439,2.3548,1,1,true
-1.1351,2.3608,1,1,true
0.1778,2.5949,0,0,true
-2.8852,-0.2052,1,1,true
2.6931,1.4583,0,0,true
-0.7397,-1.2952,0,0,true
-0.6349,1.9716,0,0,true
0.1287,3.8099,0,0,true
-2.5599,3.1680,1,1,true
-1.4958,3.3320,1,1,true
1.2282,2.5069,0,0,true
0.5941,0.5833,0,0,true
-0.7091,-1.3369,0,0,true
-2.3782,2.5106,1,1,true
1.6539,0.9688,0,0,true
1.1010,1.5678,0,0,true
-1.8089,2.4077,1,1,true
-2.7884,-1.0284,1,1,true
0.8915,0.4427,0,0,true
-0.0604,-2.6105,0,0,true
0.3223,2.2563,0,0,true
-1.1029,3.8908,1,1,true
-1.0875,1.5179,1,1,true
-2.9593,3.6951,1,1,true
0.5452,1.0089,0,0,true
2.1173,3.5648,0,0,true
0.9591,0.3530,0,0,true
1.2575,1.7537,0,0,true
2.4564,1.2483,0,0,true
0.1700,1.1468,1,1,true
-2.3087,-1.4796,0,0,true
0.5509,2.0596,0,0,true
1.1860,1.7983,0,0,true
1.0568,-0.0342,0,0,true
-1.8648,-2.8698,0,0,true
-2.9231,-2.2892,0,0,true
-0.1126,1.4277,0,0,true
2.7556,3.6172,0,0,true
-0.4911,-1.7619,0,0,true
1.5951,1.1663,0,0,true
1.6615,-3.6011,0,0,true
2.5452,-1.0946,0,0,true
0.6944,-2.1771,0,0,true
1.3906,1.7402,0,0,true
1.2059,2.0551,0,0,true
0.5875,1.3861,0,0,true
0.1892,0.0462,1,1,true
2.6572,-3.7999,0,0,true
0.1202,-3.4995,0,0,true
-1.6968,-3.6608,0,0,true
0.8355,3.8809,0,0,true
0.9264,2.5362,0,0,true
-1.2779,-1.7882,0,0,true
-2.3138,-2.4638,0,0,true
0.6801,3.1453,0,0,true
-2.3256,0.8053,1,1,true
-1.1835,2.5114,1,1,true
2.1367,1.9658,0,0,true
-2.0438,-3.4152,0,0,true
-2.1212,-3.9345,0,0,true
-1.4722,1.2445,1,1,true
-0.2495,-1.4307,0,0,true
-2.6417,-0.1682,1,1,true
2.2241,-2.6757,0,0,true
2.5270,2.0833,0,0,true
-0.5180,-2.4621,0,0,true
2.0426,2.1413,0,0,true
-1.6248,-1.0384,1,1,true
0.6338,3.0530,0,0,true
-0.2287,3.7234,0,0,true
-0.9600,3.9440,0,0,true
1.4526,-2.5588,0,0,true
1.5403,-1.6925,0,0,true
2.6444,2.3061,0,0,true
2.9524,3.5771,0,0,true
-1.5990,2.4057,1,1,true
-1.2447,2.3464,1,1,true
2.7261,-3.7420,0,0,true
0.5364,-2.0699,0,0,true
-0.5479,-1.2810,0,0,true
2.7833,3.2406,0,0,true
2.8816,-1.0967,0,0,true
2.2337,2.2754,0,0,true
-2.1249,3.2366,1,1,true
-2.2321,1.0886,1,1,true
0.6958,-3.3667,0,0,true
-1.4940,3.4687,1,1,true
-0.8770,2.2924,0,0,true
-0.8433,1.0414,1,1,true
-2.7478,2.1570,1,1,true
-2.7009,-2.9738,0,0,true
-2.7924,1.1742,1,1,true
1.6736,0.7896,0,0,true
1.8903,-2.0520,0,0,true
-2.6132,-0.7527,1,1,true
-0.0782,0.4743,1,1,true
0.7932,0.2997,0,0,true
-0.3110,3.4806,0,0,true
0.5310,-0.0666,1,1,true
1.5057,1.0328,0,0,true
2.2280,-3.7224,0,0,true
0.0030,-0.4462,1,1,true
1.2049,2.2428,0,0,true
0.6532,2.4009,0,0,true
-2.3045,3.8654,1,1,true
1.0938,-2.6537,0,0,true
-1.3762,0.7177,1,1,true
-0.4353,-0.6264,1,1,true
-0.7669,-3.0577,0,0,true
-2.8565,-2.4665,0,0,true
-0.2307,0.9072,1,1,true
-1.6298,1.2654,1,1,true
-2.3616,-0.6161,1,1,true
0.5332,1.6718,0,0,true
1.0580,-0.9915,1,1,true
2.8583,-0.8902,1,1,true
-2.8292,-0.7709,1,1,true
0.2573,-0.7950,1,1,true
2.7830,-3.1227,0,0,true
1.3729,1.5952,0,0,true
2.7120,-2.7699,0,0,true
1.6076,3.8271,0,0,true
-1.2968,-0.2910,1,1,true
-2.2114,0.7767,1,1,true
-0.5924,-2.3508,0,0,true
-0.0917,-0.7055,1,1,true
-1.8534,-3.7796,0,0,true
2.8770,-3.5089,0,0,true
1.2785,-2.5836,0,0,true
2.4970,-3.4638,0,0,true
2.2384,1.9243,0,0,true
2.2069,-3.3226,0,0,true
-2.9061,-2.5330,0,0,true
1.8179,0.3725,0,0,true
-0.5742,-0.4453,1,1,true
1.7102,-3.5345,0,0,true
-2.7586,1.5717,1,1,true
-1.0752,-0.7522,1,1,true
1.2889,1.4580,0,0,true
-2.6158,0.5733,1,1,true
1.5645,3.4797,0,0,true
-1.6067,-1.1515,0,0,true
1.2475,0.5966,0,0,true
0.4404,0.6083,0,0,true
0.9874,-3.5175,0,0,true
-1.5588,2.2369,1,1,true
2.0253,-0.9123,1,1,true
-0.9309,-2.1714,0,0,true
-2.9526,1.1623,1,1,true
0.5156,-2.8634,0,0,true
1.9885,2.6024,0,0,true
-1.5280,0.6957,1,1,true
2.8850,0.9372,0,0,true
0.2042,2.4617,0,0,true
-1.6363,0.1313,1,1,true
1.0480,1.3233,0,0,true
-2.0265,1.8708,1,1,true
-2.5162,3.8386,1,1,true
2.7644,-0.3113,1,1,true
0.9788,-0.6415,0,0,true
2.0027,-2.9285,0,0,true
-0.0688,0.2613,1,1,true
1.8770,-1.1369,0,0,true
1.4940,-2.3435,0,0,true
-1.2385,2.4218,1,1,true
1.0959,0.6337,0,0,true
-1.9126,3.3380,1,1,true
0.0788,0.2670,1,1,true
-1.1840,-2.7481,0,0,true
0.2822,-3.1351,0,0,true
-2.1926,-0.4118,1,1,true
-2.3789,0.3039,1,1,true
2.9380,3.3032,0,0,true
2.1258,3.5924,0,0,true
-1.8472,-3.8840,0,0,true
-2.9411,3.5311,1,1,true
-0.3444,-3.3927,0,0,true
0.5582,3.0898,0,0,true
-2.6802,2.1730,1,1,true
2.2784,-3.0450,0,0,true
0.2498,-1.3217,0,0,true
-2.4274,2.4372,1,1,true
2.1229,0.9300,0,0,true
-0.4092,-1.9522,0,0,true
2.9511,0.1181,0,0,true
-0.8143,-0.9825,1,1,true
0.7964,0.6374,0,0,true
-2.8496,-2.4415,0,0,true
-1.5344,-1.2913,0,0,true
-1.5557,1.4770,1,1,true
-0.7740,0.0125,1,1,true
0.6511,2.5704,0,0,true
-0.2104,3.9859,0,0,true
2.8852,0.8208,0,0,true
-0.8180,2.5867,0,0,true
2.0764,3.7811,0,0,true
1.2144,2.8161,0,0,true
-0.3407,-2.9345,0,0,true
-2.7940,-0.6132,1,1,true
2.3372,-3.7630,0,0,true
1.9382,-0.1046,1,1,true
-0.7546,3.6982,0,0,true
-0.5247,0.7662,1,1,true
-1.2055,-1.7869,0,0,true
-1.6358,-1.9665,0,0,true
1.5925,-0.3999,1,1,true
2.3819,1.9948,0,0,true
1.9355,1.0290,0,0,true
-1.6162,-1.0235,1,1,true
0.3209,0.7263,0,0,true
-2.4157,0.7520,1,1,true
2.9903,-1.9037,0,0,true
0.7904,-0.6913,0,0,true
-2.9517,0.5227,1,1,true
1.8581,0.8768,0,0,true
-2.3624,-0.8661,1,1,true
-0.9535,-0.1685,1,1,true
-0.6701,0.8300,1,1,true
0.2721,3.1397,0,0,true
1.5977,-2.5483,0,0,true
1.0395,1.3097,0,0,true
-2.6101,-0.8069,1,1,true
0.1162,0.5687,1,1,true
-2.8844,1.6693,1,1,true
0.2513,-3.5301,0,0,true
-0.8724,-1.2399,0,0,true
-2.4259,2.0889,1,1,true
-2.3884,-2.8670,0,0,true
-1.2837,-1.8385,0,0,true
0.3161,-3.8149,0,0,true
-2.8281,-2.8608,0,0,true
-0.7846,-2.8232,0,0,true
2.8239,-0.8017,1,1,true
2.1255,-0.0293,0,0,true
0.9891,2.2028,0,0,true
1.7982,2.0506,0,0,true
2.8210,-1.7243,0,0,true
2.2300,0.4632,0,0,true
2.7057,0.5574,0,0,true
0.5782,-0.1882,1,1,true
1.5524,2.8071,0,0,true
-2.2938,1.5644,1,1,true
-2.5797,-0.5092,1,1,true
1.1444,1.4813,0,0,true
-0.7758,-0.2038,1,1,true
0.9960,2.9073,0,0,true
-1.1167,-3.3105,0,0,true
0.3459,-2.9510,0,0,true
1.6849,2.7351,0,0,true
2.0851,-3.6657,0,0,true
-0.0633,0.8654,1,1,true
-1.1816,0.8597,1,1,true
-2.1071,-2.5517,0,0,true
-0.4546,0.8555,1,1,true
-0.0228,3.9474,0,0,true
-0.5209,0.3774,1,1,true
-0.6494,0.8767,1,1,true
1.5594,-1.1918,0,0,true
-0.0763,-3.4670,0,0,true
-0.6551,3.1536,0,0,true
-1.4663,-3.5824,0,0,true
-0.6302,-0.4931,1,1,true
-1.8846,-0.3804,1,1,true
-0.9980,-1.3646,0,0,true
-0.8474,-0.1932,1,1,true
-1.2655,1.1637,1,1,true
2.2732,-2.4305,0,0,true
2.8466,-0.0137,0,0,true
2.6131,-3.8701,0,0,true
2.9201,0.3205,0,0,true
1.6810,-2.7353,0,0,true
-1.2296,1.2730,1,1,true
2.6118,-1.1333,0,0,true
0.1915,1.7159,0,0,true
1.6552,-0.3727,1,1,true
-2.9631,-2.1413,0,0,true
-2.5972,-0.5807,1,1,true
1.5670,0.9086,0,0,true
-1.5248,0.2968,1,1,true
-1.9565,-3.7986,0,0,true
1.4012,2.4961,0,0,true
1.6552,-0.3554,1,1,true
-0.2533,-1.5844,0,0,true
0.5341,2.2480,0,0,true
-0.5727,-2.9285,0,0,true
1.3328,2.4859,0,0,true
-2.9247,-2.2366,0,0,true
-2.6805,-3.8214,0,0,true
-0.1205,1.3204,0,0,true
2.4634,3.3528,0,0,true
1.2809,0.6519,0,0,true
-2.6797,-3.9122,0,0,true
0.9633,1.6115,0,0,true
2.2961,-0.0281,0,0,true
0.9184,1.7671,0,0,true
-1.9379,2.9833,1,1,true
0.5279,-1.7776,0,0,true
-0.1762,-2.7846,0,0,true
0.1058,-1.2725,0,0,true
0.2405,0.7815,1,1,true
-2.5299,0.7918,1,1,true
-1.7743,-3.4856,0,0,true
-1.2379,1.5361,1,1,true
0.2959,1.5750,0,0,true
0.1017,0.9239,1,1,true
0.5602,-1.6655,0,0,true
0.8755,0.3441,0,0,true
2.4345,-0.8115,1,1,true
-0.4189,-2.8179,0,0,true
2.4169,-3.2832,0,0,true
-1.0952,3.0495,1,1,true
1.8920,-2.1558,0,0,true
2.5057,0.6755,0,0,true
1.5454,-1.1230,0,0,true
-1.7149,0.4578,1,1,true
-1.7833,3.3746,1,1,true
-1.9611,-0.3741,1,1,true
-2.2934,-3.0986,0,0,true
-1.7967,1.1553,1,1,true
-1.5436,-3.3319,0,0,true
-1.5918,1.8045,1,1,true
1.6188,-1.8979,0,0,true
-0.3885,0.1457,1,1,true
-0.8243,1.4193,0,0,true
-0.6058,2.5805,0,0,true
-2.4279,0.3825,1,1,true
-2.7648,0.5158,1,1,true
0.0630,2.8203,0,0,true
-1.6250,-0.5487,1,1,true
2.4206,1.0219,0,0,true
2.1242,-3.4380,0,0,true
0.0513,1.4184,0,0,true
2.7014,2.6735,0,0,true
-0.9945,3.3658,1,1,true
2.9230,1.6499,0,0,true
-0.3369,-1.5388,0,0,true
0.2814,-3.7509,0,0,true
2.4700,-1.5188,0,0,true
-2.9963,1.6176,1,1,true
0.7648,-0.1634,0,0,true
-2.3076,-0.2798,1,1,true
-1.0233,3.0176,1,1,true
1.4677,0.7837,0,0,true
2.3357,-0.7482,1,1,true
1.6537,2.1592,0,0,true
-1.8571,-0.7061,1,1,true
-1.9312,-3.0866,0,0,true
2.5503,2.2327,0,0,true
-2.6912,-2.6087,0,0,true
-1.8662,3.9727,1,1,true
0.8036,3.2610,0,0,true
2.8571,2.6104,0,0,true
-1.5508,2.9012,1,1,true
-2.3378,0.4864,1,1,true
-1.0864,-3.1225,0,0,true
1.1045,2.8801,0,0,true
-0.9745,-2.8391,0,0,true
-2.7911,-3.7498,0,0,true
1.7573,1.7565,0,0,true
-2.3443,1.5884,1,1,true
-1.9597,-3.2612,0,0,true
0.0145,-3.9439,0,0,true
-2.0221,-0.7987,1,1,true
-1.4313,-0.0977,1,1,true
-2.8635,-1.4750,0,0,true
-0.6932,-3.5664,0,0,true
-0.8261,-3.0851,0,0,true
0.8313,1.1597,0,0,true
-1.2917,2.2826,1,1,true
-2.2995,-2.3684,0,0,true
-2.8275,3.1706,1,1,true
1.8936,3.7548,0,0,true
1.8194,3.4996,0,0,true
-1.0646,2.9753,1,1,true
-1.1246,-0.1448,1,1,true
2.9699,0.2330,0,0,true
-0.4890,2.4789,0,0,true
-2.0832,2.1298,1,1,true
1.4055,3.4462,0,0,true
1.7740,-2.0627,0,0,true
2.2005,3.7522,0,0,true
-2.4283,-3.4318,0,0,true
1.0539,-3.6805,0,0,true
2.3802,-1.3586,0,0,true
0.5732,-0.0413,1,1,true
-2.9662,-3.6526,0,0,true
1.5187,-3.3804,0,0,true
2.4316,-2.3502,0,0,true
-2.1626,2.4335,1,1,true
-0.4809,-3.8140,0,0,true
-0.0237,-2.4987,0,0,true
-0.6282,-0.7329,1,1,true
-1.4903,-1.0482,1,1,true
0.4852,2.7763,0,0,true
-2.6516,-1.1846,0,0,true
1.4358,-1.5276,0,0,true
0.2846,0.2600,1,1,true
1.8599,1.8145,0,0,true
-0.9706,-2.0453,0,0,true
-1.5721,-2.2672,0,0,true
-1.8462,1.3651,1,1,true
-1.8126,-1.5368,0,0,true
0.1221,1.6355,0,0,true
2.0634,2.6174,0,0,true
-1.8956,3.5314,1,1,true
1.5505,2.8878,0,0,true
-2.4474,-2.0308,0,0,true
1.5190,3.4373,0,0,true
-1.2831,-3.9119,0,0,true
-1.2699,3.1296,1,1,true
0.1064,-2.6629,0,0,true
-1.9192,1.1154,1,1,true
2.0327,-0.7933,1,1,true
-1.8138,1.6936,1,1,true
-0.0819,-1.7608,0,0,true
0.4536,1.6215,0,0,true
0.9852,-3.5247,0,0,true
-1.3768,0.2574,1,1,true
-1.3095,0.8508,1,1,true
0.0075,-1.6584,0,0,true
2.2201,-0.7479,1,1,true
-0.5421,-0.3010,1,1,true
-0.8626,-2.5955,0,0,true
0.7806,-2.2273,0,0,true
1.1121,0.2408,0,0,true
2.8358,3.1160,0,0,true
2.5526,-0.6920,1,1,true
1.9423,3.1640,0,0,true
-2.1637,-0.6071,1,1,true
-0.6630,-1.7831,0,0,true
-2.6395,-3.7102,0,0,true
-0.0641,-2.7974,0,0,true
-1.5873,2.5802,1,1,true
-2.1301,0.1328,1,1,true
-1.5617,-0.3283,1,1,true
-0.2360,-2.5080,0,0,true
-2.9508,0.7819,1,1,true
-2.4952,1.2481,1,1,true
-0.9605,-2.8983,0,0,true
0.6119,0.3125,0,0,true
1.0670,3.0582,0,0,true
1.7660,2.8799,0,0,true
-2.5546,-0.9619,1,1,true
1.2263,1.2363,0,0,true
0.9957,-3.6525,0,0,true
-0.5328,3.8331,0,0,true
2.3512,3.3493,0,0,true
1.1754,-3.5957,0,0,true
1.3551,-2.7600,0,0,true
-1.8091,-0.0708,1,1,true
1.2447,3.7724,0,0,true
0.0266,-2.7324,0,0,true
2.0226,-0.5820,1,1,true
1.4072,1.8518,0,0,true
2.7134,-3.1654,0,0,true
0.4100,0.4192,0,0,true
0.2296,2.2951,0,0,true
2.4821,-0.9534,1,1,true
-1.8577,0.3540,1,1,true
2.7652,-0.8456,1,1,true
-2.4262,-2.0385,0,0,true
-0.2633,-1.5783,0,0,true
0.3871,1.2685,0,0,true
0.4408,3.8391,0,0,true
-1.5126,-2.9827,0,0,true
-2.4503,-2.8097,0,0,true
0.8743,-2.3230,0,0,true
-0.0176,3.0147,0,0,true
1.9447,-0.7899,1,1,true
-0.4425,-2.9299,0,0,true
-0.8267,3.6889,0,0,true
0.8814,-3.7767,0,0,true
1.6838,-3.9382,0,0,true
2.8957,1.2062,0,0,true
-1.2632,2.7160,1,1,true
0.5639,3.8004,0,0,true
-0.6846,1.3508,0,0,true
-2.9803,-0.8535,1,1,true
1.9331,1.1747,0,0,true
0.1872,1.8815,0,0,true
-0.6483,0.9121,1,1,true
-2.6103,2.0502,1,1,true
-0.9347,-2.5502,0,0,true
2.9516,3.0685,0,0,true
2.7310,-0.3958,1,1,true
-1.3101,1.4447,1,1,true
-0.7080,-2.4928,0,0,true
-1.1661,0.7497,1,1,true
1.3099,-2.0135,0,0,true
-0.0362,2.0794,0,0,true
2.8472,3.6886,0,0,true
1.9867,3.0398,0,0,true
-2.5184,-3.4868,0,0,true
-2.5814,-2.3341,0,0,true
0.8321,2.2151,0,0,true
0.3313,3.4962,0,0,true
1.9915,-2.0860,0,0,true
-1.1631,3.2964,1,1,true
-2.1595,1.1019,1,1,true
-2.2967,-3.1683,0,0,true
1.6832,-0.9223,1,1,true
-2.0175,-0.5742,1,1,true
-2.9212,-1.1130,0,0,true
2.6684,1.5335,0,0,true
-0.5970,-0.1994,1,1,true
-2.3653,0.9677,1,1,true
1.8309,0.1099,0,0,true
1.7511,2.9094,0,0,true
2.7074,0.3306,0,0,true
-0.7662,3.0819,0,0,true
-2.1837,0.4681,1,1,true
-1.2405,-0.1652,1,1,true
-1.8318,3.3823,1,1,true
2.6229,0.2226,0,0,true
2.0507,3.9360,0,0,true
-1.5669,0.8312,1,1,true
-2.4933,2.6107,1,1,true
-0.6228,0.2497,1,1,true
-2.2478,1.2374,1,1,true
-0.9189,1.5998,0,0,true
-2.4431,-0.9570,1,1,true
-1.4613,-3.7108,0,0,true
-1.8271,1.8837,1,1,true
-2.1136,1.5492,1,1,true
-2.7058,2.7884,1,1,true
-1.5575,2.4963,1,1,true
2.4922,-2.3162,0,0,true
0.7604,3.4318,0,0,true
0.6492,0.9506,0,0,true
1.0104,1.4817,0,0,true
-2.8538,-2.2772,0,0,true
2.9342,-0.7274,1,1,true
2.6134,1.4177,0,0,true
-0.5855,-3.0330,0,0,true
1.8454,-0.1916,1,1,true
-0.7576,0.2915,1,1,true
-2.4287,-3.9876,0,0,true
-0.6372,-2.5994,0,0,true
0.1153,-1.6068,0,0,true
-0.8895,-0.4483,1,1,true
-1.1822,-0.4864,1,1,true
-1.3217,-0.8337,1,1,true
-2.1464,2.3181,1,1,true
-1.8300,1.9545,1,1,true
-0.9434,-1.3080,0,0,true
1.5529,0.9543,0,0,true
2.5888,-1.0529,0,0,true
1.2754,2.2167,0,0,true
-1.2616,-2.4755,0,0,true
2.4672,2.7940,0,0,true
-2.2606,-2.5228,0,0,true
-2.1995,1.6995,1,1,true
-2.0758,1.3303,1,1,true
-2.9943,1.9001,1,1,true
0.4900,2.5112,0,0,true
-2.8625,3.4934,1,1,true
-0.4994,3.5182,0,0,true
0.9930,1.9317,0,0,true
0.2674,1.8659,0,0,true
1.6104,-3.2268,0,0,true
-0.4907,1.9203,0,0,true
-0.4373,0.9717,1,1,true
-1.0330,-0.1373,1,1,true
2.5944,2.2306,0,0,true
-2.6761,3.0828,1,1,true
2.5973,-2.4702,0,0,true
1.1836,-3.5014,0,0,true
0.2732,2.1769,0,0,true
1.9975,-2.6301,0,0,true
2.5365,3.2750,0,0,true
-2.2760,3.4374,1,1,true
1.8464,2.1928,0,0,true
-1.4986,-0.0469,1,1,true
0.9393,2.4664,0,0,true
-0.4102,0.1335,1,1,true
2.7243,-0.0987,1,1,true
-1.3297,-1.1719,0,0,true
-0.6443,1.1513,1,1,true
-1.2177,1.7981,1,1,true
2.3393,-3.2250,0,0,true
-1.8903,1.2058,1,1,true
2.2886,2.5381,0,0,true
-0.0549,0.9025,1,1,true
0.0738,1.3380,0,0,true
0.8103,3.6416,0,0,true
-1.3726,-1.4445,0,0,true
-0.2095,2.2565,0,0,true
1.8078,1.8647,0,0,true
1.8511,1.4815,0,0,true
-0.7612,1.0501,1,1,true
0.8304,-2.4075,0,0,true
1.0484,-2.6906,0,0,true
-0.4981,0.7759,1,1,true
0.7082,3.5097,0,0,true
2.6965,0.0199,0,0,true
-0.6848,-3.1631,0,0,true
-2.3315,1.4274,1,1,true
2.6936,3.1373,0,0,true
-2.6224,-1.4943,0,0,true
2.3036,-0.1537,1,1,true
-1.4985,-0.1442,1,1,true
-0.5403,1.9302,0,0,true
-2.0174,3.2373,1,1,true
0.3776,0.2452,0,0,true
2.8226,-0.5340,1,1,true
-1.3280,-3.5212,0,0,true
-1.3776,-1.2472,0,0,true
-1.7888,-0.0120,1,1,true
-1.6997,-3.8059,0,0,true
0.0697,-0.9610,1,1,true
0.6151,1.7127,0,0,true
-0.4597,0.6363,1,1,true
-0.5375,3.6282,0,0,true
1.5116,0.0811,0,0,true
-0.6422,-0.7026,1,1,true
2.1330,3.6557,0,0,true
-0.7900,-0.1446,1,1,true
-2.2153,-0.9376,1,1,true
-2.5753,3.2983,1,1,true
0.9257,0.1729,0,0,true
-1.7327,-2.6994,0,0,true
2.6698,-0.5186,1,1,true
-2.6958,-2.4916,0,0,true
1.5180,-2.5494,0,0,true
2.0573,1.5280,0,0,true
1.5958,-3.9112,0,0,true
-1.1314,-3.8629,0,0,true
-1.7090,0.5603,1,1,true
-2.4124,-0.8486,1,1,true
1.5457,-2.3292,0,0,true
2.9349,-1.0814,0,0,true
-2.0584,-0.6973,1,1,true
-0.6962,1.4359,0,0,true
-0.2888,-2.0911,0,0,true
-1.4414,3.4092,1,1,true
0.3409,-2.5983,0,0,true
1.9762,-0.4223,1,1,true
-2.0817,-1.7060,0,0,true
-0.5558,-3.0389,0,0,true
2.3047,-0.2547,1,1,true
2.8123,-1.9054,0,0,true
-1.8173,-2.9981,0,0,true
-1.1353,-2.7372,0,0,true
-1.5154,2.3308,1,1,true
2.6527,3.7832,0,0,true
2.7258,-0.9357,1,1,true
1.8575,-2.4660,0,0,true
-0.1464,2.8863,0,0,true
1.4436,-0.4742,0,0,true
-1.9536,3.6160,1,1,true
0.1535,-1.7992,0,0,true
1.1384,1.7038,0,0,true
0.5732,0.3771,0,0,true
0.1774,-1.7842,0,0,true
2.8690,3.6291,0,0,true
2.7539,-3.5171,0,0,true
1.5377,3.3881,0,0,true
1.2391,3.2414,0,0,true
-1.7358,1.0012,1,1,true
0.1016,2.3046,0,0,true
1.4279,-3.8568,0,0,true
1.1492,1.5894,0,0,true
0.1437,1.4194,0,0,true
1.1699,-2.3472,0,0,true
-2.8001,0.6694,1,1,true
0.3280,-0.6586,1,1,true
-1.0021,1.8923,1,1,true
1.5909,-0.0934,1,1,true
2.8799,-3.6217,0,0,true
-2.3256,3.5644,1,1,true
-1.3472,3.3292,1,1,true
-1.0846,-2.1575,0,0,true
-0.9883,-0.6122,1,1,true
0.4136,0.5313,0,0,true
0.4460,1.7700,0,0,true
-2.0966,2.5713,1,1,true
2.7924,-0.8868,1,1,true
-2.8049,3.4210,1,1,true
-0.5761,-0.8161,1,1,true
0.4357,0.3295,0,0,true
-0.4077,-0.8486,1,1,true
-0.5608,-1.6786,0,0,true
-1.1601,-0.8248,1,1,true
1.4641,3.9681,0,0,true
2.5302,-2.6805,0,0,true
-1.2422,-3.1134,0,0,true
-1.6860,0.0052,1,1,true
-0.3883,1.5026,0,0,true
1.5258,-0.9858,1,1,true
0.7400,-2.3846,0,0,true
-1.3539,3.0823,1,1,true
-0.1606,3.4925,0,0,true
-2.6061,-0.1480,1,1,true
0.2933,-0.9441,1,1,true
1.4105,2.3228,0,0,true
-2.3090,2.7080,1,1,true
1.3198,-1.3177,0,0,true
-2.1801,3.3574,1,1,true
0.6484,1.7752,0,0,true
-1.0193,1.7967,1,1,true
-2.8498,-2.1627,0,0,true
-1.3669,0.4397,1,1,true
-2.7127,-0.4897,1,1,true
-2.2415,2.0748,1,1,true
-1.7961,3.5561,1,1,true
0.2133,3.1694,0,0,true
-0.4614,-2.4161,0,0,true
0.4596,1.7285,0,0,true
-0.1364,-3.5978,0,0,true
-0.0859,-0.5757,1,1,true
0.6376,2.3800,0,0,true
0.0957,1.5804,0,0,true
2.1429,-2.3881,0,0,true
0.0253,3.4154,0,0,true
2.3081,-3.9596,0,0,true
0.9602,2.3985,0,0,true
-1.8184,-1.6792,0,0,true
-0.6049,-2.0510,0,0,true
2.5628,-1.8966,0,0,true
1.6655,-2.1884,0,0,true
0.7854,-1.1001,0,0,true
-0.3577,3.9812,0,0,true
-1.8164,3.0474,1,1,true
0.0613,0.8607,1,1,true
0.9046,1.6965,0,0,true
1.7121,-2.2539,0,0,true
-0.5159,-1.5059,0,0,true
-1.7503,-2.9917,0,0,true
0.0948,-2.4002,0,0,true
2.5564,-3.8471,0,0,true
-2.8055,0.7147,1,1,true
-1.7235,0.3041,1,1,true
1.7243,-0.9678,1,1,true
-2.3175,-3.8889,0,0,true
-2.5739,2.1787,1,1,true
-2.7557,3.3005,1,1,true
-1.8578,0.9384,1,1,true
0.2472,1.9557,0,0,true
1.7648,-3.0348,0,0,true
2.5536,2.5889,0,0,true
-0.8188,-1.6791,0,0,true
0.0616,3.9524,0,0,true
-0.0692,1.8192,0,0,true
-2.6868,1.9114,1,1,true
1.3288,1.1933,0,0,true
-0.2891,0.6706,1,1,true
-2.6182,1.9862,1,1,true
2.8361,-1.4932,0,0,true
-2.9290,-2.5069,0,0,true
-1.5221,3.1332,1,1,true
1.5844,-2.3733,0,0,true
-1.8344,2.2324,1,1,true
-2.5435,2.5380,1,1,true
-1.1731,-2.3884,0,0,true
0.9980,2.4812,0,0,true
-2.0581,-2.5548,0,0,true
0.4983,-2.1484,0,0,true
0.4883,-3.9466,0,0,true
-1.8773,2.9969,1,1,true
1.0082,-0.3782,0,0,true
0.1434,3.6808,0,0,true
1.9357,-0.5275,1,1,true
-2.1112,0.7311,1,1,true
-2.2447,-0.6558,1,1,true
-1.1510,0.2688,1,1,true
1.5975,-3.9191,0,0,true
-2.9268,3.5488,1,1,true
-1.3970,-3.3865,0,0,true
-0.0757,-0.2046,1,1,true
0.6320,-3.6653,0,0,true
-2.7969,-3.8096,0,0,true
-2.5178,-2.1557,0,0,true
-1.1642,0.4974,1,1,true
-0.8147,-2.1492,0,0,true
-2.9847,-2.1669,0,0,true
-0.1322,-0.3274,1,1,true
-1.0861,-2.2670,0,0,true
1.6540,1.2456,0,0,true
2.0152,1.9160,0,0,true
-1.4386,1.1439,1,1,true
-1.8828,-2.4714,0,0,true
2.0159,-2.0823,0,0,true
-0.7426,-3.4668,0,0,true
-1.2647,2.3083,1,1,true
-0.2211,-1.1244,0,0,true
2.6019,-2.0865,0,0,true
0.9116,1.4949,0,0,true
0.1506,2.7496,0,0,true
2.1790,-1.3829,0,0,true
2.8275,2.7415,0,0,true
1.3142,-2.7851,0,0,true
-1.2142,3.4065,1,1,true
-1.7608,2.2332,1,1,true
-1.0656,-3.9171,0,0,true
-2.5100,-0.1411,1,1,true
-0.0510,0.1970,1,1,true
1.6198,1.8521,0,0,true
-1.4828,1.3631,1,1,true
1.0023,-0.3745,0,0,true
-2.8934,2.7910,1,1,true
-1.7637,1.8577,1,1,true
0.1013,0.4274,1,1,true
0.4571,-0.5815,1,1,true
2.0083,-2.0702,0,0,true
-2.8257,1.1936,1,1,true
-0.8214,-1.2994,0,0,true
-2.4205,0.0360,1,1,true
0.2623,1.3152,0,0,true
1.7317,1.6793,0,0,true
2.6243,-3.2293,0,0,true
1.7136,-1.8326,0,0,true
2.8902,-0.0297,0,0,true
-0.0616,3.8242,0,0,true
0.9663,3.1494,0,0,true
0.4564,2.1284,0,0,true
-0.2927,0.6804,1,1,true
-2.2716,-2.7776,0,0,true
1.9548,3.2852,0,0,true
-2.0484,-0.0426,1,1,true
0.5532,1.1926,0,0,true
-2.9144,2.5187,1,1,true
-1.2038,3.7425,1,1,true
-0.9283,-2.6801,0,0,true
-1.1641,0.2832,1,1,true
-2.0996,3.5480,1,1,true
-2.4964,-1.3638,0,0,true
-2.8388,3.6529,1,1,true
2.9327,2.0609,0,0,true
1.0768,2.5971,0,0,true
1.4936,0.8039,0,0,true
-1.2801,-0.3312,1,1,true
-2.8524,1.7792,1,1,true
-2.4241,1.8514,1,1,true
-0.1589,-2.2553,0,0,true
2.3090,0.8734,0,0,true
-0.1998,-3.0896,0,0,true
0.9424,3.1642,0,0,true
0.2462,-1.3225,0,0,true
-2.4257,-2.4265,0,0,true
-2.0653,-3.9581,0,0,true
1.3025,-2.4152,0,0,true
-0.2782,0.0577,1,1,true
2.3327,3.9485,0,0,true
1.8557,-2.9136,0,0,true
-1.5350,2.7515,1,1,true
0.7976,-1.8439,0,0,true
-1.0269,0.6932,1,1,true
-2.5286,3.5608,1,1,true
-1.8297,-2.6184,0,0,true
-1.0090,3.8305,1,1,true
2.6334,3.3046,0,0,true
2.5645,0.3171,0,0,true
1.5742,3.6680,0,0,true
0.1337,-0.5864,1,1,true
-2.1684,-1.0632,1,1,true
-0.9844,1.6136,1,1,true
0.3329,-2.3453,0,0,true
0.9508,2.0787,0,0,true
1.0779,3.9904,0,0,true
-2.2610,-0.5420,1,1,true
2.3870,0.6370,0,0,true
2.4372,2.5318,0,0,true
-2.4918,0.3712,1,1,true
1.1725,-3.6805,0,0,true
-2.4114,1.3841,1,1,true
2.7912,3.6549,0,0,true
-2.7788,2.7169,1,1,true
2.9634,0.9002,0,0,true
0.7643,1.9997,0,0,true
1.5175,1.1372,0,0,true
1.9581,2.6589,0,0,true
0.2219,0.3685,1,1,true
0.9534,-3.6764,0,0,true
-0.7073,-2.8269,0,0,true
-1.8472,0.0613,1,1,true
-0.3548,-3.7626,0,0,true
2.2764,3.5931,0,0,true
-1.4727,2.8345,1,1,true
1.0614,-3.2630,0,0,true
2.8472,-1.6360,0,0,true
-1.8105,-2.0117,0,0,true
-0.4926,-2.3584,0,0,true
-0.2176,-1.5569,0,0,true
-0.3105,1.3328,0,0,true
0.7333,-1.2685,0,0,true
2.7329,3.0257,0,0,true
0.2294,-3.4606,0,0,true
1.0937,2.1388,0,0,true
-0.9194,1.2045,1,1,true
0.1145,2.7191,0,0,true
-1.3982,1.4639,1,1,true
-2.4209,-1.4462,0,0,true
-1.5129,-2.0312,0,0,true
1.8486,-0.4678,1,1,true
1.5737,2.4870,0,0,true
1.1813,-0.0173,0,0,true
0.5585,0.0508,0,0,true
2.4353,2.1896,0,0,true
-1.2145,3.9485,1,1,true
-2.2680,3.2815,1,1,true
0.2036,-2.8426,0,0,true
2.8677,-1.4726,0,0,true
-1.1085,2.5821,1,1,true
-1.5133,2.0394,1,1,true
-1.4502,0.0211,1,1,true
2.2186,2.2688,0,0,true
2.6502,3.1537,0,0,true
-1.9041,3.3559,1,1,true
0.2915,-3.6071,0,0,true
-1.6955,-0.4412,1,1,true
1.8502,-2.1757,0,0,true
2.1001,-0.5678,1,1,true
-2.6213,0.2064,1,1,true
-0.1866,-2.7397,0,0,true
-1.0401,-1.4667,0,0,true
-0.3947,0.5219,1,1,true
1.4114,1.5184,0,0,true
1.8364,-0.8802,1,1,true
0.4728,2.1434,0,0,true
-0.3540,2.4124,0,0,true
-0.9156,-2.3698,0,0,true
1.4043,1.7279,0,0,true
0.1914,3.6862,0,0,true
-2.3428,-2.3918,0,0,true
0.7341,-1.2277,0,0,true
2.8937,3.5003,0,0,true
-1.4507,2.4193,1,1,true
-0.6125,-1.6160,0,0,true
-0.1303,0.5659,1,1,true
-1.5438,-0.5757,1,1,true
2.2376,0.4077,0,0,true
0.1865,3.1478,0,0,true
0.0998,2.3273,0,0,true
1.8485,-3.2915,0,0,true
2.8084,0.0601,0,0,true
-0.6497,2.8021,0,0,true
1.1997,-2.6727,0,0,true
1.5630,1.2386,0,0,true
0.5131,-2.8996,0,0,true
-0.1261,-3.1565,0,0,true
2.7963,-2.9320,0,0,true
-0.5610,1.8046,0,0,true
0.3299,2.3202,0,0,true
1.5465,-0.8728,1,1,true
2.8345,-2.7311,0,0,true
-0.3078,-2.1227,0,0,true
1.0400,1.1073,0,0,true
2.8159,-3.7403,0,0,true
2.1965,-1.9248,0,0,true
-0.4183,-1.1049,0,0,true
-2.8689,1.4728,1,1,true
0.6877,3.6728,0,0,true
1.5921,-2.6838,0,0,true
1.3715,-1.3808,0,0,true
0.8107,1.9578,0,0,true
0.3618,3.5559,0,0,true
-0.5628,-3.9247,0,0,true
1.0029,1.4337,0,0,true
0.4408,-0.9633,1,1,true
-2.6315,2.1721,1,1,true
0.3656,-1.4496,0,0,true
-2.9062,3.7338,1,1,true
1.0415,-2.0578,0,0,true
-2.6504,2.6601,1,1,true
1.7300,2.0394,0,0,true
2.9651,3.0713,0,0,true
-1.8336,-1.8639,0,0,true
-1.8431,1.9207,1,1,true
-0.1194,3.8811,0,0,true
2.5092,-0.2192,1,1,true
-1.0908,2.4198,1,1,true
0.0617,-3.0117,0,0,true
2.8075,-3.6037,0,0,true
-1.4517,-2.3645,0,0,true
-1.4274,-3.4529,0,0,true
2.8115,-0.3718,1,1,true
-1.8385,2.3697,1,1,true
-1.1522,-1.0619,1,1,true
-0.7644,3.5552,0,0,true
0.0734,-3.0802,0,0,true
0.3765,2.0139,0,0,true
1.5247,-2.4317,0,0,true
0.6875,-0.9980,1,1,true
2.3621,3.6512,0,0,true
2.6731,3.9490,0,0,true
2.4419,-3.4307,0,0,true
0.8351,-3.9349,0,0,true
-2.6012,-3.3302,0,0,true
-0.3077,-2.7913,0,0,true
-2.8950,3.1134,1,1,true
2.0802,0.0859,0,0,true
-1.2843,-3.7429,0,0,true
0.3981,0.0536,0,0,true
-0.8153,2.0353,0,0,true
-0.6242,1.3834,1,1,true
2.2039,-1.0218,1,1,true
-2.0249,-3.7276,0,0,true
-1.2160,3.6229,1,1,true
-0.8372,1.2997,1,1,true
2.4362,3.3903,0,0,true
-1.2131,-3.2837,0,0,true
0.0543,-1.8200,0,0,true
2.8208,-0.6837,1,1,true
2.5263,-2.8127,0,0,true
-1.3359,-1.6013,0,0,true
-2.0277,0.5340,1,1,true
0.3446,2.4008,0,0,true
1.2197,-1.1929,0,0,true
0.8873,-3.5744,0,0,true
1.9334,-1.7915,0,0,true
-2.7661,0.4107,1,1,true
1.9367,-1.3237,0,0,true
-1.2456,-2.8849,0,0,true
-0.3804,3.7757,0,0,true
-1.7484,1.6176,1,1,true
1.8212,-1.9844,0,0,true
-0.1123,3.5223,0,0,true
0.6325,2.4618,0,0,true
0.5186,1.5066,0,0,true
-2.2817,-3.6191,0,0,true
1.5376,-0.3266,1,1,true
1.7052,0.5656,0,0,true
-2.1134,1.4505,1,1,true
-0.6701,-1.2535,0,0,true
2.1532,-2.1133,0,0,true
-2.8459,3.3134,1,1,true
-0.8418,-3.9904,0,0,true
0.3313,3.5621,0,0,true
-1.3768,3.6910,1,1,true
-0.2317,-3.0026,0,0,true
2.6873,3.9902,0,0,true
1.4246,-2.2612,0,0,true
2.1413,-0.3939,1,1,true
2.2430,-2.2142,0,0,true
-1.2753,-2.6802,0,0,true
1.7178,-2.5255,0,0,true
-2.0596,3.3479,1,1,true
1.8952,-2.5537,0,0,true
2.1394,-0.8528,1,1,true
-0.4272,0.6193,1,1,true
2.9965,0.9423,0,0,true
-0.3000,3.7930,0,0,true
-2.4462,0.1220,1,1,true
2.9363,2.7119,0,0,true
-0.2849,-0.8273,1,1,true
2.0779,0.5335,0,0,true
1.2755,0.9900,0,0,true
2.4464,-2.3887,0,0,true
-2.3777,-2.5699,0,0,true
-0.9914,-3.7438,0,0,true
-1.3798,-3.9328,0,0,true
-2.1047,-0.2572,1,1,true
-0.3571,0.0372,1,1,true
1.2803,0.7693,0,0,true
0.7389,-1.6608,0,0,true
0.6040,3.0785,0,0,true
0.6208,-0.9771,1,1,true
-0.2565,-1.8907,0,0,true
-0.5725,-0.7722,1,1,true
1.1521,0.4157,0,0,true
2.6526,-1.0462,1,1,true
0.1284,-1.8393,0,0,true
-2.8765,3.9937,1,1,true
2.4355,2.8210,0,0,true
1.0083,-2.5449,0,0,true
1.5125,-0.9058,1,1,true
2.4306,0.8073,0,0,true
2.4235,-3.7867,0,0,true
0.4929,1.9055,0,0,true
1.7787,0.2529,0,0,true
1.0123,3.0593,0,0,true
-0.8597,-3.0355,0,0,true
2.7584,3.1514,0,0,true
-1.0148,0.8362,1,1,true
1.2669,-1.9505,0,0,true
1.9792,1.2374,0,0,true
-0.0554,3.7084,0,0,true
-2.3413,-2.7273,0,0,true
-2.8120,2.7648,1,1,true
-1.0792,-0.7827,1,1,true
-0.9744,-0.8728,1,1,true
-2.0372,3.8744,1,1,true
2.4906,-3.6801,0,0,true
-0.6878,-2.0276,0,0,true
-2.7138,-3.7864,0,0,true
2.9437,-2.8848,0,0,true
1.9996,0.9793,0,0,true
-2.4731,-0.9892,1,1,true
-2.7551,-3.1929,0,0,true
0.2379,-0.9810,1,1,true
0.3485,2.9159,0,0,true
-0.1808,1.6062,0,0,true
-1.5393,0.2871,1,1,true
-2.6224,3.3802,1,1,true
-0.2305,-1.5898,0,0,true
-1.3552,1.2192,1,1,true
-0.9601,-2.4949,0,0,true
-2.5139,-0.0734,1,1,true
-2.6412,1.9367,1,1,true
-0.5933,2.3186,0,0,true
-2.0576,-3.0067,0,0,true
-1.9471,-0.4885,1,1,true
-1.7733,-3.0413,0,0,true
1.6998,-1.7545,0,0,true
-2.2239,-1.7853,0,0,true
0.4331,-0.9101,1,1,true
2.3059,2.1640,0,0,true
-1.2339,-3.5795,0,0,true
1.0760,2.0337,0,0,true
-2.9068,1.3238,1,1,true
1.0446,-0.6722,0,0,true
2.7452,-0.9751,1,1,true
2.8421,1.3127,0,0,true
0.4411,-3.3693,0,0,true
2.2481,1.0627,0,0,true
-1.6501,-2.8523,0,0,true
-0.0735,-3.9575,0,0,true
-2.0451,1.3605,1,1,true
-2.6334,1.3561,1,1,true
1.1462,1.8946,0,0,true
2.8880,2.8310,0,0,true
1.5509,3.6038,0,0,true
1.6538,3.9511,0,0,true
-0.4960,0.1379,1,1,true
-2.8720,1.9415,1,1,true
0.0716,-0.8865,1,1,true
-1.2664,-2.2793,0,0,true
-1.3284,-2.0002,0,0,true
-0.2854,0.5773,1,1,true
-2.1589,-2.5739,0,0,true
2.1189,2.9441,0,0,true
1.8472,1.6660,0,0,true
-2.3315,0.5258,1,1,true
-2.0912,2.1931,1,1,true
2.8792,2.8015,0,0,true
-0.0900,-0.4175,1,1,true
2.8953,-1.3026,0,0,true
-0.1397,-0.6501,1,1,true
-2.9942,2.3520,1,1,true
-0.5961,-0.5482,1,1,true
2.2634,-3.7479,0,0,true
-0.7169,1.5000,0,0,true
2.2112,-2.6905,0,0,true
2.5693,-3.1442,0,0,true
0.8859,-3.8938,0,0,true
-0.8860,1.7280,0,0,true
0.3257,-0.8292,1,1,true
0.2861,-1.5996,0,0,true
-2.4713,-1.6706,0,0,true
2.1911,-2.1934,0,0,true
2.4353,-3.8346,0,0,true
-0.6813,0.8508,1,1,true
-0.9798,-1.9335,0,0,true
1.7392,-2.5676,0,0,true
-0.5519,-2.3512,0,0,true
0.0840,-3.8978,0,0,true
-1.2490,1.9438,1,1,true
-2.7446,-0.4994,1,1,true
2.5238,2.0969,0,0,true
-2.4437,-2.0766,0,0,true
-2.6994,0.3893,1,1,true
1.1156,3.2149,0,0,true
1.6454,3.9792,0,0,true
2.2923,1.6278,0,0,true
0.3745,1.5644,0,0,true
2.4293,-2.5944,0,0,true
-2.1018,3.1392,1,1,true
-2.4962,-0.9051,1,1,true
-0.4930,-1.1912,0,0,true
2.0812,2.5072,0,0,true
0.4524,-1.6113,0,0,true
-1.0296,1.1283,1,1,true
1.3455,3.2379,0,0,true
-0.4659,1.6384,0,0,true
-2.9306,2.2433,1,1,true
0.9789,3.4124,0,0,true
-0.1962,0.6674,1,1,true
-1.9923,2.7998,1,1,true
-0.7532,-0.6235,1,1,true
0.0798,2.4883,0,0,true
-1.2139,0.3834,1,1,true
-2.9194,2.8730,1,1,true
2.8384,-0.1398,1,1,true
0.1089,3.0245,0,0,true
0.4671,0.0536,0,0,true
1.2101,2.9004,0,0,true
1.4428,-3.7107,0,0,true
1.3235,2.5959,0,0,true
-2.1594,2.2554,1,1,true
2.8257,-1.6079,0,0,true
-0.0945,0.5833,1,1,true
-0.6272,1.9294,0,0,true
-1.4990,-2.8966,0,0,true
-0.7296,-1.8800,0,0,true
2.3486,2.0241,0,0,true
2.8804,2.2113,0,0,true
2.8866,2.3042,0,0,true
1.3627,0.1389,0,0,true
2.0661,3.9167,0,0,true
1.4133,-2.4790,0,0,true
2.2815,-1.5670,0,0,true
1.3477,0.2375,0,0,true
1.8726,3.6732,0,0,true
-0.0722,3.4883,0,0,true
0.6968,-0.3587,0,0,true
-1.6191,2.2178,1,1,true
-0.2295,-1.5101,0,0,true
2.8164,2.0055,0,0,true
2.8776,2.4499,0,0,true
0.3906,-0.0208,0,0,true
-2.8919,-1.4083,0,0,true
1.9104,-3.6729,0,0,true
-1.1872,-2.8696,0,0,true
1.0022,-2.7497,0,0,true
0.5085,2.9586,0,0,true
2.1257,-0.6589,1,1,true
-2.3852,-1.6122,0,0,true
2.5645,1.7830,0,0,true
0.7058,3.4744,0,0,true
-0.1851,-2.0390,0,0,true
-2.0722,0.5751,1,1,true
2.8106,2.3126,0,0,true
2.7144,-3.5488,0,0,true
-0.0633,0.4450,1,1,true
1.6727,-3.0233,0,0,true
-2.5045,2.1007,1,1,true
-1.5088,0.4279,1,1,true
-2.3141,-2.3094,0,0,true
-0.0794,-1.2876,0,0,true
0.3425,0.0402,0,0,true
-1.7354,-2.0499,0,0,true
-2.3156,2.0612,1,1,true
2.8297,-3.2054,0,0,true
0.0750,2.5324,0,0,true
-1.2784,-2.3146,0,0,true
-0.1352,-1.3342,0,0,true
-0.3769,-3.4843,0,0,true
2.7424,-0.6586,1,1,true
-0.8973,0.7627,1,1,true
0.5880,-3.1181,0,0,true
0.6498,-2.2818,0,0,true
-1.3996,-2.7413,0,0,true
-1.0492,3.7068,1,1,true
1.3865,0.3703,0,0,true
-1.0348,-2.8771,0,0,true
-1.9274,2.0192,1,1,true
2.6579,0.3447,0,0,true
-1.6706,1.8702,1,1,true
1.2665,-0.1348,0,0,true
-0.7315,2.6530,0,0,true
0.0338,1.5387,0,0,true
1.4796,1.6387,0,0,true
-1.2075,-1.1804,0,0,true
-0.9458,-3.4590,0,0,true
0.0725,3.0348,0,0,true
2.6313,1.2069,0,0,true
-1.3189,3.5345,1,1,true
-2.1068,-0.7644,1,1,true
0.4087,-2.1035,0,0,true
2.2447,1.6178,0,0,true
-0.7592,-3.8755,0,0,true
2.8869,3.8894,0,0,true
0.5703,-1.8714,0,0,true
0.1253,-1.9976,0,0,true
1.7712,3.2673,0,0,true
0.8793,-3.0842,0,0,true
2.1233,-1.0151,1,1,true
-1.9501,2.8384,1,1,true
0.0444,1.9826,0,0,true
-0.1967,1.2885,0,0,true
-1.9483,-0.2985,1,1,true
0.1394,-0.5078,1,1,true
2.7372,3.7213,0,0,true
1.9448,0.0390,0,0,true
1.3781,-2.5086,0,0,true
-2.1888,3.1219,1,1,true
-1.2103,-0.3222,1,1,true
-0.5115,2.2228,0,0,true
0.1907,0.4506,1,1,true
-2.2018,-0.4807,1,1,true
-1.3895,-2.1700,0,0,true
-2.3100,2.9752,1,1,true
-2.1204,-0.9454,1,1,true
-2.4389,2.7721,1,1,true
0.9573,2.0926,0,0,true
-2.4497,2.1754,1,1,true
-0.2070,0.7520,1,1,true
-0.5949,-1.0586,1,1,true
-2.2692,0.1438,1,1,true
-1.5256,-2.5820,0,0,true
-1.1830,0.1409,1,1,true
-2.5936,-2.0256,0,0,true
1.2561,-3.3981,0,0,true
0.7464,-3.9264,0,0,true
2.3013,3.8267,0,0,true
2.7306,-1.6701,0,0,true
1.2525,-3.7776,0,0,true
-2.1930,0.9307,1,1,true
2.0992,-1.9182,0,0,true
-0.2960,-1.6480,0,0,true
2.9365,1.6582,0,0,true
2.2492,2.7040,0,0,true
1.5235,3.5454,0,0,true
0.1369,-0.6505,1,1,true
-2.6289,-0.1547,1,1,true
-0.6034,-3.6970,0,0,true
-2.0448,-0.0363,1,1,true
-1.6429,-0.0211,1,1,true
-0.1496,-0.7485,1,1,true
-1.1011,3.5500,1,1,true
0.9695,-3.1019,0,0,true
-2.9490,2.9195,1,1,true
-2.9603,0.8934,1,1,true
1.5613,-3.5253,0,0,true
-2.5287,-3.8772,0,0,true
0.6921,3.2672,0,0,true
0.8453,2.6310,0,0,true
-1.6468,-3.2116,0,0,true
-0.5921,-1.9578,0,0,true
2.9172,3.7781,0,0,true
1.4101,-1.3608,0,0,true
-0.1947,-0.3793,1,1,true
2.1753,0.2101,0,0,true
-0.8074,-0.0680,1,1,true
1.5907,-1.3643,0,0,true
-2.3330,2.4932,1,1,true
-0.7297,-1.7252,0,0,true
-2.4173,-1.6628,0,0,true
-1.1622,-3.9108,0,0,true
0.9924,1.3880,0,0,true
2.6903,-2.0462,0,0,true
1.2104,-2.9840,0,0,true
1.6403,-1.0673,0,0,true
2.5370,2.3092,0,0,true
-1.7515,-1.8348,0,0,true
-1.1398,-2.2061,0,0,true
-1.6139,0.9726,1,1,true
0.6506,-2.3087,0,0,true
-2.8237,2.8813,1,1,true
1.5607,2.5002,0,0,true
-1.5959,-0.5610,1,1,true
0.5984,2.9855,0,0,true
-1.6166,3.3593,1,1,true
-0.3613,3.6994,0,0,true
-1.5810,3.8191,1,1,true
-2.4692,-0.6243,1,1,true
-2.8831,-0.1811,1,1,true
2.9661,0.7755,0,0,true
-2.9185,3.2085,1,1,true
-0.0401,-1.3141,0,0,true
0.1710,-1.5074,0,0,true
-2.2550,1.6835,1,1,true
2.8831,-1.3458,0,0,true
-2.4838,0.2774,1,1,true
-0.9096,-1.3653,0,0,true
2.7171,2.9790,0,0,true
2.8102,-1.2872,0,0,true
-2.6349,-2.2889,0,0,true
0.7830,-0.5510,0,0,true
-1.0922,0.8326,1,1,true
-0.5594,-3.0442,0,0,true
1.3535,0.5717,0,0,true
0.1922,3.3544,0,0,true
-0.8948,3.3305,0,0,true
-2.6587,2.0405,1,1,true
-1.1857,-1.5101,0,0,true
-1.9567,2.4190,1,1,true
2.0808,1.9328,0,0,true
1.8214,-2.6433,0,0,true
-0.5071,-1.2829,0,0,true
-2.5812,3.8723,1,1,true
2.9081,-2.0617,0,0,true
-2.0545,-2.4010,0,0,true
0.9102,-2.8389,0,0,true
-0.9912,2.0412,1,1,true
-2.8145,-1.0253,1,1,true
-2.9407,1.0655,1,1,true
1.7725,-3.6869,0,0,true
2.6332,0.1848,0,0,true
-1.8966,-0.9737,1,1,true
0.5877,-3.4111,0,0,true
-0.3596,0.0511,1,1,true
2.7312,-0.1834,1,1,true
-0.9729,-1.4662,0,0,true
-1.3342,3.3324,1,1,true
-1.5364,-1.3058,0,0,true
-2.6315,1.8156,1,1,true
2.4403,0.2350,0,0,true
-1.6889,0.4646,1,1,true
2.0755,3.5985,0,0,true
2.4741,-3.3680,0,0,true
1.7874,2.7780,0,0,true
-1.2760,-1.4134,0,0,true
2.8913,3.5738,0,0,true
-0.2154,0.7463,1,1,true
-0.0410,-3.2199,0,0,true
-0.5708,0.5080,1,1,true
1.1639,2.7893,0,0,true
1.7767,-2.1809,0,0,true
-0.6156,-3.9281,0,0,true
1.8422,-3.0548,0,0,true
0.2407,-3.1912,0,0,true
0.1161,2.8850,0,0,true
-1.3857,0.8924,1,1,true
-2.1576,1.8802,1,1,true
-0.3528,-2.8581,0,0,true
-1.5708,3.7464,1,1,true
-0.8710,0.4975,1,1,true
2.7647,1.2302,0,0,true
1.0535,-2.4814,0,0,true
-0.7965,0.7131,1,1,true
1.4440,0.0908,0,0,true
-0.9221,-0.4891,1,1,true
1.9095,0.8973,0,0,true
0.0743,3.1245,0,0,true
2.9329,1.1499,0,0,true
-2.4952,0.7739,1,1,true
-2.5347,2.9549,1,1,true
2.4766,2.6082,0,0,true
-1.9222,2.2676,1,1,true
-2.9939,0.6135,1,1,true
-2.6077,-2.1549,0,0,true
-0.4623,1.8493,0,0,true
1.2016,0.3159,0,0,true
0.3438,1.6617,0,0,true
-1.0521,-0.7419,1,1,true
1.1202,-1.3348,0,0,true
0.8108,-2.7083,0,0,true
2.5719,2.4143,0,0,true
2.6095,-3.3362,0,0,true
1.4450,-0.8185,1,1,true
1.1120,2.1004,0,0,true
-1.2448,0.8497,1,1,true
2.6774,3.5393,0,0,true
2.9256,-2.3770,0,0,true
-1.2558,2.5909,1,1,true
-1.4774,0.2763,1,1,true
-0.8244,2.0098,0,0,true
-2.8896,-0.8895,1,1,true
1.7927,-2.5577,0,0,true
-2.8371,-1.2374,0,0,true
0.1020,-2.7638,0,0,true
-0.0091,1.2272,1,1,true
1.5717,0.8485,0,0,true
0.1231,1.9571,0,0,true
1.6996,2.3557,0,0,true
-1.4898,-3.0596,0,0,true
0.7553,0.3474,0,0,true
2.5236,1.0117,0,0,true
-2.4161,-2.7422,0,0,true
-1.1706,-1.7550,0,0,true
1.0280,2.8792,0,0,true
-1.0136,-1.7420,0,0,true
-2.1969,1.4163,1,1,true
-0.1790,3.3602,0,0,true
-2.0670,-1.0217,1,1,true
0.8318,1.8067,0,0,true
0.2641,-0.8522,1,1,true
-1.9301,-0.9871,1,1,true
-0.9290,-2.4901,0,0,true
-0.4387,3.0437,0,0,true
-0.3641,0.5493,1,1,true
-2.0068,2.4795,1,1,true
-0.6124,-1.4216,0,0,true
-1.6342,2.1105,1,1,true
-2.9701,-3.1821,0,0,true
-1.7327,1.0930,1,1,true
-2.3026,-1.3760,0,0,true
0.4730,0.1546,0,0,true
-1.0000,3.5227,1,1,true
-0.6824,2.4309,0,0,true
0.6685,-2.9604,0,0,true
-2.5603,-2.0359,0,0,true
-2.3847,-2.4148,0,0,true
-0.8724,2.7549,0,0,true
-2.2585,-1.1412,0,0,true
-1.2630,1.8242,1,1,true
2.6706,2.1432,0,0,true
-2.7386,2.1855,1,1,true
2.0765,2.4969,0,0,true
-1.3012,-1.7505,0,0,true
0.7636,-2.3271,0,0,true
-1.1686,-1.4212,0,0,true
-0.8502,3.4602,0,0,true
0.3871,3.8498,0,0,true
1.4535,-1.9155,0,0,true
0.0429,-1.0027,1,1,true
-1.2429,3.8315,1,1,true
2.5212,-1.3353,0,0,true
2.0493,0.2668,0,0,true
-1.7752,-3.0364,0,0,true
2.7539,-2.1500,0,0,true
2.6223,-1.0792,0,0,true
-0.0269,1.4177,0,0,true
-2.6754,0.7765,1,1,true
-0.8411,-0.1961,1,1,true
-0.2076,-1.1189,0,0,true
-1.1458,-2.2834,0,0,true
-2.9583,-3.1718,0,0,true
-0.8029,-3.9043,0,0,true
-2.1396,-2.1466,0,0,true
0.9797,3.9568,0,0,true
-2.5059,2.9805,1,1,true
2.2452,0.9352,0,0,true
0.5830,-1.4393,0,0,true
-0.0776,0.7474,1,1,true
-0.3075,3.1202,0,0,true
0.4628,3.8565,0,0,true
0.1891,-3.8009,0,0,true
1.8985,-3.6219,0,0,true
2.1016,-1.7638,0,0,true
-1.8754,-2.3421,0,0,true
1.5792,-3.1479,0,0,true
1.0290,2.3515,0,0,true
1.4578,0.5257,0,0,true
1.4050,-3.4352,0,0,true
-2.8339,-0.3900,1,1,true
0.0968,3.3328,0,0,true
-1.7762,0.2765,1,1,true
-1.3545,1.6631,1,1,true
2.2620,3.9479,0,0,true
-2.6190,-3.6935,0,0,true
-1.7482,0.7296,1,1,true
0.6514,0.6384,0,0,true
2.9367,-0.5814,1,1,true
0.4416,-3.6548,0,0,true
-2.5348,3.2417,1,1,true
-2.6616,3.3257,1,1,true
-0.5199,-0.2749,1,1,true
2.9662,3.9757,0,0,true
-0.3852,3.8001,0,0,true
2.7281,-2.3294,0,0,true
-1.5377,1.6605,1,1,true
2.7554,-3.5921,0,0,true
1.0323,-0.2084,0,0,true
1.4271,-3.5322,0,0,true
-2.4208,1.5881,1,1,true
-0.4935,3.7535,0,0,true
1.1308,0.2877,0,0,true
-2.1821,3.2824,1,1,true
-1.8296,-1.3906,0,0,true
-1.4506,1.7658,1,1,true
-2.8897,0.9433,1,1,true
0.2417,-2.4338,0,0,true
-1.3601,-0.0188,1,1,true
-0.2096,-0.8092,1,1,true
1.5314,0.0707,0,0,true
0.3629,1.9227,0,0,true
2.7118,2.7215,0,0,true
-1.4402,1.9668,1,1,true
-1.0534,-0.4924,1,1,true
-0.2114,1.9105,0,0,true
-0.7016,-3.2190,0,0,true
1.0564,3.3699,0,0,true
-1.0505,0.4776,1,1,true
1.8276,-0.5314,1,1,true
-0.2624,2.0343,0,0,true
-0.9936,-2.7702,0,0,true
2.0943,-2.6062,0,0,true
-2.9952,1.6325,1,1,true
0.2411,-3.8235,0,0,true
-2.1560,3.2635,1,1,true
-2.6777,3.9326,1,1,true
1.9166,-0.6155,1,1,true
-0.6705,0.8605,1,1,true
-2.0006,-0.3142,1,1,true
-1.2559,3.6946,1,1,true
0.2855,0.4981,1,1,true
1.3649,-3.8490,0,0,true
-2.5043,-2.1661,0,0,true
-2.4180,3.0340,1,1,true
0.8908,1.2963,0,0,true
2.6323,-1.7641,0,0,true
-1.2793,1.6020,1,1,true
-1.8301,-1.8964,0,0,true
-2.6518,1.6525,1,1,true
1.9426,-1.8251,0,0,true
0.9476,0.6708,0,0,true
0.6904,-0.0732,0,0,true
-2.4701,0.0367,1,1,true
-0.5488,3.1204,0,0,true
-1.8956,-3.7118,0,0,true
0.3020,-2.4023,0,0,true
-2.9902,1.2462,1,1,true
-2.5177,-0.0288,1,1,true
1.1960,-1.0527,0,0,true
-2.4063,-1.5101,0,0,true
0.6181,1.1895,0,0,true
0.5391,0.2968,0,0,true
-0.4996,3.9710,0,0,true
-1.4611,0.6321,1,1,true
0.6174,-0.7155,1,1,true
0.1044,1.9548,0,0,true
-2.2768,1.8032,1,1,true
-2.5315,-0.3533,1,1,true
-2.2135,0.1554,1,1,true
-2.5507,-2.8452,0,0,true
-0.1385,2.6462,0,0,true
-2.1669,2.9927,1,1,true
-1.8229,-1.6534,0,0,true
-0.9972,0.4152,1,1,true
2.7714,1.8580,0,0,true
1.1528,1.0737,0,0,true
-0.1780,0.9658,1,1,true
0.5473,-3.1605,0,0,true
1.3485,3.3728,0,0,true
-0.2281,0.5175,1,1,true
-1.9535,-2.7825,0,0,true
-1.5138,1.9631,1,1,true
-0.0100,-2.0659,0,0,true
0.2437,1.4656,0,0,true
-1.3391,3.5658,1,1,true
-2.2791,0.5646,1,1,true
-2.2166,-3.5234,0,0,true
0.2215,1.9379,0,0,true
1.4094,0.8048,0,0,true
0.3427,2.0484,0,0,true
-2.9034,1.5899,1,1,true
-0.9999,1.7621,1,1,true
-0.4850,-0.1770,1,1,true
1.2863,2.2115,0,0,true
1.0940,-2.0761,0,0,true
-2.5028,0.6316,1,1,true
2.7742,0.0749,0,0,true
0.8452,-0.6457,0,0,true
-2.1884,-2.5863,0,0,true
1.5559,2.9382,0,0,true
2.3062,3.0564,0,0,true
-1.3934,-1.8945,0,0,true
1.5989,-2.2584,0,0,true
-2.7512,1.6307,1,1,true
-0.4555,2.2440,0,0,true
-0.3975,-0.3449,1,1,true
0.0268,-2.3254,0,0,true
2.2303,-1.1489,0,0,true
-1.7851,-0.0148,1,1,true
-1.9899,-2.0352,0,0,true
-1.6978,-2.5636,0,0,true
-2.8342,0.7749,1,1,true
-0.1482,-2.3138,0,0,true
-1.0984,-2.5564,0,0,true
-2.9044,0.2642,1,1,true
0.3552,0.0243,0,0,true
-1.8732,2.3981,1,1,true
-1.6026,3.1098,1,1,true
1.4567,-3.8048,0,0,true
-1.7568,-1.4683,0,0,true
-2.1673,0.2925,1,1,true
1.2150,-1.5760,0,0,true
2.4323,-3.5115,0,0,true
-0.0823,-2.9391,0,0,true
-1.7552,2.8666,1,1,true
-2.1800,0.7159,1,1,true
1.9988,-1.4312,0,0,true
2.9898,-2.3382,0,0,true
-0.9536,2.1441,0,0,true
1.0981,1.3529,0,0,true
-1.0601,-3.2064,0,0,true
-2.3925,0.5732,1,1,true
-2.9669,-3.9391,0,0,true
1.9295,2.1854,0,0,true
1.8308,-3.2929,0,0,true
-2.6655,3.8651,1,1,true
-1.2811,-0.7612,1,1,true
2.4188,2.8273,0,0,true
1.0654,-1.2484,0,0,true
0.0395,-2.8094,0,0,true
-1.5931,-0.7160,1,1,true
-1.9426,-0.3822,1,1,true
-0.7587,1.7812,0,0,true
-1.0100,1.0982,1,1,true
0.2732,-2.9884,0,0,true
-1.5676,3.2512,1,1,true
-2.5472,-2.4441,0,0,true
-1.8441,2.0613,1,1,true
1.7070,3.6332,0,0,true
-1.4923,-2.3069,0,0,true
-2.0488,-1.3008,0,0,true
-2.4700,-3.2226,0,0,true
-0.3021,3.6348,0,0,true
1.2670,2.5164,0,0,true
-1.7970,-2.4064,0,0,true
0.0529,-3.5485,0,0,true
-0.1017,-2.7139,0,0,true
-2.2231,-1.2235,0,0,true
-1.4241,1.8378,1,1,true
-2.6435,1.3281,1,1,true
-0.7092,-3.5000,0,0,true
-0.8919,-0.4319,1,1,true
-0.8906,1.2666,0,0,true
-0.8268,-1.1139,0,0,true
-2.7947,-0.2924,1,1,true
2.3589,1.5802,0,0,true
-2.1768,0.4379,1,1,true
1.5307,2.7532,0,0,true
-2.1813,2.1335,1,1,true
0.7609,1.8101,0,0,true
0.5906,2.5122,0,0,true
0.1124,1.0904,1,1,true
0.5042,-0.6312,1,1,true
0.3340,-3.7966,0,0,true
-2.1423,-1.7692,0,0,true
-1.2066,3.5703,1,1,true
-0.6082,-1.2051,0,0,true
-2.5819,-0.7477,1,1,true
-2.9972,-2.8123,0,0,true
-0.2000,3.4094,0,0,true
-2.8169,-0.8810,1,1,true
-1.8650,2.2708,1,1,true
-2.9419,0.6151,1,1,true
0.0232,-0.1472,1,1,true
-0.1011,-3.2581,0,0,true
-2.7807,-3.2214,0,0,true
-0.0658,-1.5298,0,0,true
-2.4331,-0.1577,1,1,true
-1.8567,-2.6211,0,0,true
2.5773,-0.9268,1,1,true
1.2889,-1.6666,0,0,true
-0.8879,0.0964,1,1,true
2.7279,1.9403,0,0,true
2.3473,1.7824,0,0,true
-1.4179,3.6355,1,1,true
2.5317,0.1088,0,0,true
-0.2896,-0.1542,1,1,true
2.4068,-1.9095,0,0,true
-0.8971,-1.9920,0,0,true
2.6694,0.3109,0,0,true
1.5916,-1.2898,0,0,true
2.8351,0.4343,0,0,true
1.2023,-1.4886,0,0,true
-1.9142,2.3051,1,1,true
1.8852,-2.6416,0,0,true
2.9800,-1.9419,0,0,true
-0.4516,-1.0200,1,1,true
2.2670,-2.8606,0,0,true
0.9081,0.1612,0,0,true
-1.4409,2.0197,1,1,true
2.5728,-0.2791,1,1,true
2.8283,3.2334,0,0,true
-1.5743,3.2125,1,1,true
-0.1515,2.2448,0,0,true
0.8190,-0.1122,0,0,true
-2.0974,-2.4974,0,0,true
-2.2655,-2.2198,0,0,true
1.7424,0.2948,0,0,true
-0.5022,-0.4515,1,1,true
1.6584,2.7951,0,0,true
1.0130,3.7939,0,0,true
1.5170,-1.3957,0,0,true
-0.9353,3.6612,0,0,true
-1.1317,3.6433,1,1,true
-0.9496,-1.3842,0,0,true
-1.2514,2.4434,1,1,true
0.2526,3.1894,0,0,true
-0.1237,1.5106,0,0,true
0.5041,-2.9514,0,0,true
1.3931,-3.8327,0,0,true
-0.5356,0.0738,1,1,true
0.9926,-1.3575,0,0,true
-0.7763,0.8856,1,1,true
2.9929,-3.2926,0,0,true
-0.7874,-3.3898,0,0,true
-0.2767,3.8650,0,0,true
-1.1234,0.7617,1,1,true
-1.3316,3.7999,1,1,true
1.1605,-0.1039,0,0,true
-2.6797,-2.6988,0,0,true
2.2197,1.4990,0,0,true
2.2711,0.2873,0,0,true
-1.3169,-0.1655,1,1,true
1.2818,-1.4806,0,0,true
-2.2061,-0.9222,1,1,true
0.7773,1.5827,0,0,true
1.1142,-0.4562,0,0,true
-1.4703,0.7038,1,1,true
1.2971,0.2569,0,0,true
0.8681,2.9425,0,0,true
1.3662,2.2068,0,0,true
0.6148,2.7249,0,0,true
-1.8978,-3.8163,0,0,true
-2.9199,-2.1945,0,0,true
-2.4713,0.0512,1,1,true
-0.5599,-1.4237,0,0,true
-1.9389,-2.4340,0,0,true
-2.0642,0.7901,1,1,true
1.7276,-3.6126,0,0,true
1.8553,-2.9874,0,0,true
1.0797,0.4362,0,0,true
-1.1491,-3.3043,0,0,true
-0.5740,3.9003,0,0,true
-0.5131,-0.0782,1,1,true
-0.7969,1.5966,0,0,true
-1.2430,0.6699,1,1,true
-1.1253,-1.5048,0,0,true
0.3484,-3.1488,0,0,true
-2.9119,-3.7062,0,0,true
-2.2943,-1.1720,0,0,true
1.5985,-2.3309,0,0,true
1.8415,0.7249,0,0,true
-2.5950,-0.1509,1,1,true
2.5544,-3.8081,0,0,true
1.7744,-0.1528,1,1,true
-1.5499,-1.7932,0,0,true
2.9440,-2.6113,0,0,true
-2.6389,-0.5955,1,1,true
-0.6077,-3.3950,0,0,true
-2.9954,-2.0334,0,0,true
-0.5022,-0.9771,1,1,true
-2.1006,3.4945,1,1,true
1.7308,-0.9591,1,1,true
2.8752,2.3304,0,0,true
-2.2144,0.5512,1,1,true
1.9644,3.9640,0,0,true
1.6425,-3.6299,0,0,true
1.4514,1.8724,0,0,true
-1.0754,0.7696,1,1,true
0.9090,2.0649,0,0,true
1.6210,-2.4482,0,0,true
-1.9120,0.8457,1,1,true
-0.2286,3.2541,0,0,true
1.8757,2.0069,0,0,true
-0.4407,1.8310,0,0,true
0.6623,-2.3384,0,0,true
-1.6902,-3.8991,0,0,true
2.7947,2.6748,0,0,true
2.0355,-0.2444,1,1,true
0.0949,-0.7244,1,1,true
-1.8759,3.0634,1,1,true
-0.2680,-1.4046,0,0,true
0.6617,0.4055,0,0,true
-1.7818,-3.3442,0,0,true
0.1525,3.2632,0,0,true
1.1519,-1.6037,0,0,true
-0.8120,3.7246,0,0,true
2.9501,2.6221,0,0,true
-0.3643,3.0688,0,0,true
0.1551,1.6823,0,0,true
-1.4459,-2.8624,0,0,true
2.9866,-0.5153,1,1,true
-1.5635,-0.1505,1,1,true
-1.9507,-1.0476,1,1,true
-2.8234,0.5348,1,1,true
-1.3448,-1.8250,0,0,true
1.8548,3.0892,0,0,true
-1.4866,2.5240,1,1,true
1.1586,3.7174,0,0,true
-1.2693,-3.9544,0,0,true
-0.2769,-2.6449,0,0,true
2.2316,3.8220,0,0,true
0.6679,-3.4354,0,0,true
-1.6632,3.6558,1,1,true
2.3145,-0.1433,1,1,true
2.8799,-3.8391,0,0,true
-0.4017,2.7059,0,0,true
1.8077,1.6551,0,0,true
-2.5272,0.8742,1,1,true
-2.5072,0.6395,1,1,true
-1.3282,-1.4281,0,0,true
-0.9096,-1.4741,0,0,true
-1.8689,1.6786,1,1,true
-0.6857,2.8765,0,0,true
-0.4813,0.6428,1,1,true
1.6209,3.8141,0,0,true
0.8565,-0.5229,0,0,true
0.1501,0.0084,1,1,true
0.9664,0.4271,0,0,true
-1.3092,-0.6916,1,1,true
2.9663,-0.2199,1,1,true
-2.8226,0.2747,1,1,true
1.3305,-1.3421,0,0,true
-0.2191,-1.5467,0,0,true
-1.6759,-2.5147,0,0,true
-2.8665,2.7172,1,1,true
-0.2001,2.0101,0,0,true
-0.7397,-0.2655,1,1,true
2.9348,-3.0342,0,0,true
-2.8934,2.4645,1,1,true
0.4614,-3.3501,0,0,true
0.2776,0.0490,1,1,true
-0.7481,-1.9472,0,0,true
-1.9638,-0.9275,1,1,true
2.9306,-1.1578,0,0,true
0.3199,3.7023,0,0,true
0.7290,-0.6619,0,0,true
0.7119,1.5060,0,0,true
-1.7491,0.9387,1,1,true
-0.9074,-3.9633,0,0,true
2.9407,-1.0295,1,1,true
2.9968,-1.1736,0,0,true
-2.0117,1.3443,1,1,true
-1.3878,-2.0436,0,0,true
-1.2049,0.1127,1,1,true
-1.8475,1.7448,1,1,true
-1.1534,-0.7435,1,1,true
-0.0760,3.3878,0,0,true
1.8034,-1.2111,0,0,true
1.3188,-2.0704,0,0,true
1.4533,-0.0941,1,1,true
-0.1918,2.4447,0,0,true
-2.2638,-1.8733,0,0,true
1.4983,0.3188,0,0,true
2.8054,-3.5952,0,0,true
-2.3459,-3.3483,0,0,true
0.0359,0.2595,1,1,true
-1.0310,-3.8960,0,0,true
0.4797,-2.8021,0,0,true
1.9174,3.3545,0,0,true
2.4330,-3.0951,0,0,true
1.2724,-2.5858,0,0,true
-1.8556,-2.7719,0,0,true
-2.3004,1.1944,1,1,true
-0.6297,1.2488,1,1,true
-1.9499,0.1869,1,1,true
2.2019,-0.7813,1,1,true
-1.3083,0.6471,1,1,true
0.0733,-2.7886,0,0,true
-2.3555,-3.8595,0,0,true
0.7750,2.0299,0,0,true
1.7671,2.7228,0,0,true
-1.8796,3.6525,1,1,true
-1.3371,2.9558,1,1,true
-1.9621,-3.4912,0,0,true
-2.6045,-3.0834,0,0,true
0.3951,-3.9323,0,0,true
2.7276,-2.7939,0,0,true
-0.0902,2.5993,0,0,true
0.2888,-1.6652,0,0,true
1.0789,1.3553,0,0,true
-1.4517,1.8636,1,1,true
-0.3878,0.6863,1,1,true
1.9882,0.5362,0,0,true
2.3224,0.1422,0,0,true
0.1324,2.8802,0,0,true
2.9522,-0.4598,1,1,true
-0.6546,-3.8898,0,0,true
-0.1928,0.4382,1,1,true
-1.2548,1.8757,1,1,true
-1.9880,2.4337,1,1,true
0.2230,-0.9990,1,1,true
-1.3808,-3.6745,0,0,true
-2.4214,-0.1378,1,1,true
-2.5806,3.0052,1,1,true
-1.4030,3.8001,1,1,true
1.2914,1.3757,0,0,true
-2.5238,1.9243,1,1,true
-1.5535,1.6051,1,1,true
1.5011,-3.6924,0,0,true
0.4967,0.4937,0,0,true
-2.1608,-0.7176,1,1,true
-0.3227,-0.3190,1,1,true
-2.4475,-3.8656,0,0,true
-2.4877,3.7300,1,1,true
1.5493,0.6890,0,0,true
2.2445,-3.2274,0,0,true
1.6385,-3.2432,0,0,true
-1.7671,-0.2717,1,1,true
1.8204,-3.6506,0,0,true
0.1528,2.5573,0,0,true
1.2074,1.6618,0,0,true
-1.5160,-0.7378,1,1,true
-1.6500,2.0647,1,1,true
-1.8030,3.3762,1,1,true
1.3964,-0.8106,1,1,true
2.0541,3.5898,0,0,true
-2.7839,3.0233,1,1,true
0.2544,-2.4778,0,0,true
-1.8755,3.1623,1,1,true
-0.3295,0.8039,1,1,true
-2.8698,-3.0829,0,0,true
2.4493,2.1852,0,0,true
-0.6419,-1.5869,0,0,true
-2.8944,-2.8470,0,0,true
-2.8209,-2.9711,0,0,true
-2.1776,2.5490,1,1,true
-1.8495,2.0541,1,1,true
-1.7556,3.1601,1,1,true
-1.9298,-2.4812,0,0,true
-2.8497,2.7276,1,1,true
0.1634,1.1903,1,1,true
2.8293,-0.0802,1,1,true
-0.4323,-1.2231,0,0,true
-1.5214,1.7461,1,1,true
-2.9544,-2.5447,0,0,true
2.9278,-2.0207,0,0,true
2.8092,1.1281,0,0,true
2.0328,1.5086,0,0,true
0.0172,-0.0268,1,1,true
2.5859,3.0112,0,0,true
-1.7654,0.7104,1,1,true
-2.4073,-1.7886,0,0,true
-0.8604,-3.6297,0,0,true
-1.2324,1.2053,1,1,true
1.1740,2.1141,0,0,true
-1.0085,2.5281,1,1,true
-0.9009,-3.0235,0,0,true
-0.5445,-2.5640,0,0,true
0.7687,2.2466,0,0,true
-2.5897,3.8879,1,1,true
-0.2736,-1.6146,0,0,true
-1.7935,3.4720,1,1,true
0.3339,0.9240,0,0,true
2.4990,3.2665,0,0,true
-0.0102,-3.0486,0,0,true
2.9705,-0.8335,1,1,true
-2.3182,1.2786,1,1,true
1.9615,3.7516,0,0,true
0.3935,0.9286,0,0,true
2.3687,1.4726,0,0,true
-1.6114,1.7400,1,1,true
-2.1664,-3.1700,0,0,true
2.2701,0.1266,0,0,true
-1.0268,2.7825,1,1,true
0.1520,-1.5298,0,0,true
1.4894,2.4268,0,0,true
1.0299,-3.5184,0,0,true
-1.1161,2.0896,1,1,true
0.8482,-0.3121,0,0,true
-1.0246,-0.4574,1,1,true
-2.3982,3.5561,1,1,true
-1.3450,0.0562,1,1,true
1.8783,-3.4994,0,0,true
-2.3835,-3.8522,0,0,true
-1.7194,-2.8370,0,0,true
0.5792,-1.9486,0,0,true
-0.9528,1.9697,0,0,true
2.5010,0.4107,0,0,true
0.2243,-3.6685,0,0,true
2.6723,1.3097,0,0,true
1.3806,1.6141,0,0,true
-2.6859,3.0039,1,1,true
-1.3069,3.9082,1,1,true
0.5621,-3.2221,0,0,true
-0.1863,0.3415,1,1,true
-0.8174,-0.0245,1,1,true
-1.4131,-0.2894,1,1,true
-2.8938,0.0345,1,1,true
-2.1420,-0.4392,1,1,true
-0.8845,-3.2050,0,0,true
-0.1289,-2.5738,0,0,true
2.2522,0.1294,0,0,true
1.1956,3.0096,0,0,true
0.5192,0.8612,0,0,true
-1.7000,-0.3719,1,1,true
1.5327,-3.5601,0,0,true
-2.0984,-1.7218,0,0,true
2.8636,-2.4583,0,0,true
0.4398,1.2374,0,0,true
-0.4614,-0.3064,1,1,true
-0.2190,-2.6378,0,0,true
-2.8530,3.7882,1,1,true
-1.2948,-0.8223,1,1,true
0.8844,2.0360,0,0,true
-1.1983,1.8140,1,1,true
-0.6052,-3.4606,0,0,true
2.7442,3.7163,0,0,true
-1.4201,-2.2171,0,0,true
-1.0478,-2.3571,0,0,true
2.6581,0.4887,0,0,true
-0.7846,-0.5713,1,1,true
2.9505,-2.7357,0,0,true
-2.4280,-0.0838,1,1,true
-1.7706,-0.8788,1,1,true
0.6253,0.4977,0,0,true
-0.0132,2.2333,0,0,true
0.4535,3.7224,0,0,true
-0.1277,-2.9992,0,0,true
2.9186,-3.5216,0,0,true
0.3718,-3.2131,0,0,true
-1.7490,0.6199,1,1,true
0.4833,-0.3133,1,1,true
-0.7710,-3.0890,0,0,true
2.7259,-3.7882,0,0,true
0.9739,-2.1109,0,0,true
0.0080,1.3638,0,0,true
2.9704,-0.2704,1,1,true
-0.8419,-2.7688,0,0,true
1.1364,-2.3371,0,0,true
1.5052,-0.5974,1,1,true
2.2733,0.3511,0,0,true
-1.2078,-0.7541,1,1,true
1.7517,-0.0700,1,1,true
2.1785,3.0634,0,0,true
-1.9891,3.9564,1,1,true
-1.8781,-2.4014,0,0,true
0.1927,0.9102,1,1,true
-2.2268,0.3889,1,1,true
-2.8123,-0.9031,1,1,true
-1.3480,2.2465,1,1,true
1.3175,3.6848,0,0,true
-0.5885,2.5119,0,0,true
-0.6522,-1.9227,0,0,true
2.4279,-0.5758,1,1,true
-1.8125,2.4639,1,1,true
2.9520,1.4435,0,0,true
2.9854,1.1544,0,0,true
-0.6072,0.8736,1,1,true
1.9379,2.7488,0,0,true
0.3213,0.1717,0,0,true
-1.6722,0.7690,1,1,true
0.9306,-0.0489,0,0,true
0.5960,-3.9919,0,0,true
0.0263,-1.6520,0,0,true
0.4493,-2.5206,0,0,true
1.8083,-2.0003,0,0,true
-2.7226,1.5141,1,1,true
2.6216,2.6799,0,0,true
-1.7440,0.6363,1,1,true
-2.2527,2.5203,1,1,true
1.0005,-0.4585,0,0,true
-0.2752,-0.4678,1,1,true
-2.0660,-2.1937,0,0,true
0.5819,-0.2982,1,1,true
0.4891,-1.4241,0,0,true
-0.2285,2.6611,0,0,true
0.5592,1.5166,0,0,true
-1.8780,0.7031,1,1,true
-2.0970,-3.5162,0,0,true
-2.2948,-3.3445,0,0,true
-0.5540,-3.2416,0,0,true
0.6246,-2.8056,0,0,true
2.8322,1.9923,0,0,true
1.9855,2.3243,0,0,true
-0.8599,-0.7520,1,1,true
2.1832,-0.0572,1,1,true
1.6291,-2.7895,0,0,true
0.6017,-3.2900,0,0,true
-1.5439,1.9852,1,1,true
-0.8874,-3.1204,0,0,true
0.0102,-0.4158,1,1,true
-1.0112,-1.2274,0,0,true
-2.9875,1.5320,1,1,true
1.1392,0.7822,0,0,true
-0.3988,3.8133,0,0,true
-2.1313,3.6007,1,1,true
-2.4833,3.2379,1,1,true
2.9477,3.7724,0,0,true
-1.3277,3.4529,1,1,true
-0.8983,-0.4591,1,1,true
-0.4689,-0.5427,1,1,true
0.9800,-2.3777,0,0,true
0.9842,3.9608,0,0,true
-2.1217,-1.8347,0,0,true
-0.5270,-2.7842,0,0,true
2.0182,-3.5389,0,0,true
0.3131,3.3375,0,0,true
-0.0255,-1.6347,0,0,true
2.9600,-0.6006,1,1,true
0.1097,0.7163,1,1,true
-0.8581,-2.3835,0,0,true
-1.6696,-2.7463,0,0,true
1.1399,-2.0790,0,0,true
-1.3597,1.3449,1,1,true
1.5984,1.8179,0,0,true
-1.1919,-2.8162,0,0,true
0.9105,2.5165,0,0,true
2.5355,-0.9623,1,1,true
-2.1869,2.0795,1,1,true
-2.9853,2.6181,1,1,true
-0.6730,1.5753,0,0,true
-2.9531,1.8298,1,1,true
1.1791,0.2606,0,0,true
2.8589,-0.9747,1,1,true
2.0144,1.8235,0,0,true
2.8483,2.6348,0,0,true
1.6298,-3.6694,0,0,true
-2.9490,0.1407,1,1,true
-2.8661,0.9279,1,1,true
0.6604,-2.7770,0,0,true
2.2773,3.5108,0,0,true
2.3179,1.7494,0,0,true
1.3418,-0.2551,0,0,true
-0.2762,-0.3642,1,1,true
-1.4867,0.4560,1,1,true
-0.9076,-1.3965,0,0,true
1.2917,0.0859,0,0,true
2.4217,2.6672,0,0,true
2.0872,3.7044,0,0,true
2.5277,-2.8898,0,0,true
1.0194,-3.7039,0,0,true
-2.6558,-3.7784,0,0,true
-1.5515,-1.9239,0,0,true
-1.7171,-3.2250,0,0,true
-1.9909,2.8294,1,1,true
0.5985,0.2165,0,0,true
-2.4810,-3.4370,0,0,true
1.1965,2.6250,0,0,true
-1.1182,-0.1149,1,1,true
2.7019,-2.0614,0,0,true
-2.8497,-0.0450,1,1,true
-2.8986,-0.4165,1,1,true
-2.8999,-0.0599,1,1,true
1.3712,1.0028,0,0,true
-2.5249,3.1950,1,1,true
-1.7320,3.8863,1,1,true
2.2232,-3.2843,0,0,true
2.0616,0.5946,0,0,true
-0.0451,1.0389,1,1,true
2.5404,2.4684,0,0,true
1.3886,2.5467,0,0,true
-0.2087,3.4554,0,0,true
-0.9173,2.2159,0,0,true
0.7688,0.0790,0,0,true
-0.2569,-0.7058,1,1,true
-1.0299,3.8918,1,1,true
0.0646,1.7298,0,0,true
-1.0643,0.5943,1,1,true
-0.8741,-2.1778,0,0,true
-2.2502,-0.2895,1,1,true
2.2110,-1.5062,0,0,true
2.9515,-1.1074,0,0,true
2.4140,0.7103,0,0,true
1.6892,1.6274,0,0,true
0.1474,1.5531,0,0,true
-0.3423,-3.0387,0,0,true
1.3655,-3.1421,0,0,true
-2.0424,-0.5713,1,1,true
2.4039,-3.3326,0,0,true
-1.6736,0.4976,1,1,true
0.9072,3.4425,0,0,true
1.0866,0.5278,0,0,true
-1.7786,-3.3473,0,0,true
0.5189,-0.6527,1,1,true
2.0711,-2.1388,0,0,true
-0.5893,-1.8089,0,0,true
2.9051,3.8034,0,0,true
1.0225,1.5260,0,0,true
-2.8190,1.5217,1,1,true
-0.1220,0.4581,1,1,true
0.9949,1.1988,0,0,true
2.0657,0.1882,0,0,true
-0.5437,-1.7111,0,0,true
0.6732,-1.1001,0,0,true
-2.1233,-2.4295,0,0,true
1.1631,2.9824,0,0,true
0.7390,2.1684,0,0,true
-1.4997,2.2089,1,1,true
0.5481,1.5669,0,0,true
-2.1449,2.7198,1,1,true
0.1574,-2.8196,0,0,true
-1.7034,-1.3513,0,0,true
1.5795,-0.6988,1,1,true
0.7731,-1.5244,0,0,true
1.9419,-1.2505,0,0,true
0.6194,-0.5749,1,1,true
2.9660,3.9141,0,0,true
-2.5563,1.2232,1,1,true
-1.2606,1.5489,1,1,true
-2.8743,-1.4710,0,0,true
-2.7015,-3.1469,0,0,true
1.3438,-3.4172,0,0,true
1.2986,2.1821,0,0,true
0.4917,-3.0184,0,0,true
0.1738,2.0203,0,0,true
-2.6982,3.4757,1,1,true
1.6909,-0.8185,1,1,true
1.1620,-3.0074,0,0,true
-0.1929,2.9175,0,0,true
0.2472,-3.2242,0,0,true
0.4152,1.1921,0,0,true
-2.8392,-0.4614,1,1,true
2.3108,-1.3710,0,0,true
-1.1778,1.6795,1,1,true
-1.3054,-1.9704,0,0,true
-0.9705,-1.7700,0,0,true
-0.7258,-1.4726,0,0,true
-0.4273,-2.6564,0,0,true
-1.2252,2.4056,1,1,true
-0.2127,-3.4665,0,0,true
-0.4600,2.1716,0,0,true
-1.8139,-1.7167,0,0,true
-2.4011,0.1411,1,1,true
0.8417,-0.9591,1,1,true
-2.7679,2.8004,1,1,true
2.4954,0.6127,0,0,true
0.0171,-0.8987,1,1,true
1.9844,1.9787,0,0,true
0.4928,0.6907,0,0,true
1.4421,0.8339,0,0,true
-0.2132,0.1094,1,1,true
-2.5221,0.6521,1,1,true
-1.9081,2.5405,1,1,true
-2.3123,-0.7104,1,1,true
-2.5356,3.2871,1,1,true
1.2311,-2.0896,0,0,true
0.1392,1.3401,0,0,true
-0.3572,3.4305,0,0,true
-2.6998,-3.7590,0,0,true
2.4984,0.6512,0,0,true
2.4185,1.2162,0,0,true
-2.0004,0.5585,1,1,true
1.3205,3.0184,0,0,true
-1.6797,-1.2582,0,0,true
-1.3485,0.4875,1,1,true
-1.4599,-3.1579,0,0,true
0.3864,-3.8509,0,0,true
0.9729,0.3668,0,0,true
-0.6151,0.5047,1,1,true
2.9053,1.3507,0,0,true
0.3464,-2.8246,0,0,true
-0.5443,2.8669,0,0,true
-1.2388,2.8678,1,1,true
1.0825,-1.5426,0,0,true
-0.9585,-0.7396,1,1,true
-2.7379,-0.0615,1,1,true
2.4054,0.2578,0,0,true
-0.2434,2.9673,0,0,true
-1.3104,-0.5044,1,1,true
-0.4179,-2.2037,0,0,true
1.3726,-2.6212,0,0,true
1.8928,3.5918,0,0,true
1.9620,-2.8098,0,0,true
-2.9655,-1.2425,0,0,true
-0.5644,-1.4134,0,0,true
-2.3287,0.5001,1,1,true
-2.1489,-0.3727,1,1,true
-1.2638,-3.0286,0,0,true
0.6390,3.7366,0,0,true
-2.0004,-2.9858,0,0,true
-2.7182,-3.9419,0,0,true
2.1052,3.1522,0,0,true
-2.3488,1.1950,1,1,true
-2.2849,3.8028,1,1,true
-1.3123,3.3071,1,1,true
2.2971,-2.4567,0,0,true
-0.5752,-2.4264,0,0,true
2.7145,-1.4682,0,0,true
1.6980,3.8613,0,0,true
1.4705,-1.6998,0,0,true
1.4370,3.7287,0,0,true
-2.8076,0.4637,1,1,true
-2.3789,0.3011,1,1,true
2.0908,-1.8324,0,0,true
-2.5963,2.8311,1,1,true
2.6139,-3.2691,0,0,true
-1.4545,-0.6989,1,1,true
-1.1185,-2.4954,0,0,true
0.2445,-1.7131,0,0,true
-1.5341,-0.0048,1,1,true
-1.2057,-0.7378,1,1,true
0.5334,-2.0558,0,0,true
-2.2589,-1.0498,1,1,true
2.8860,0.3912,0,0,true
1.2241,3.8873,0,0,true
2.4585,-2.9276,0,0,true
-1.8050,-1.9363,0,0,true
-0.2748,0.4602,1,1,true
-2.7578,0.4608,1,1,true
-0.1498,2.0599,0,0,true
-1.3198,-1.7275,0,0,true
-1.2156,-3.3282,0,0,true
-2.4361,-3.8615,0,0,true
-0.6805,3.4780,0,0,true
-2.4524,2.6932,1,1,true
0.2161,2.2012,0,0,true
-0.6285,2.6805,0,0,true
-0.2071,-2.5169,0,0,true
0.8836,3.9249,0,0,true
0.0975,3.4029,0,0,true
-2.9911,-1.9663,0,0,true
-2.5374,1.1151,1,1,true
1.8817,0.7475,0,0,true
-1.5999,-2.2887,0,0,true
-1.0687,-1.6979,0,0,true
0.3406,-2.5401,0,0,true
-1.6857,-3.6025,0,0,true
-2.8913,-0.2539,1,1,true
0.0616,1.2734,0,0,true
-1.8331,-3.6204,0,0,true
0.3071,-0.3467,1,1,true
1.3509,2.6106,0,0,true
-2.4539,-2.8919,0,0,true
1.4385,1.5296,0,0,true
-1.1092,3.1467,1,1,true
1.8465,-1.3242,0,0,true
0.3523,2.8272,0,0,true
0.9014,-1.0588,0,0,true
-0.5401,1.4250,0,0,true
1.4921,0.1809,0,0,true
0.2379,3.6639,0,0,true
-0.6139,2.2845,0,0,true
2.1554,-0.0466,1,1,true
1.3646,3.4826,0,0,true
-0.4073,-0.2794,1,1,true
-2.2228,-0.2551,1,1,true
-1.0549,-3.1099,0,0,true
-2.6597,-2.1840,0,0,true
2.1902,-3.3611,0,0,true
2.3626,0.2341,0,0,true
0.0766,-2.3172,0,0,true
-0.8269,-0.4662,1,1,true
-0.3380,-0.0616,1,1,true
-1.4283,-0.8994,1,1,true
-1.4952,3.4468,1,1,true
0.4807,-1.6176,0,0,true
0.9652,3.0054,0,0,true
0.0468,0.6562,1,1,true
-2.3386,-0.5573,1,1,true
2.5313,2.3263,0,0,true
0.3130,-0.3414,1,1,true
0.5882,-1.4455,0,0,true
2.8746,3.6596,0,0,true
1.8135,-0.3914,1,1,true
-1.5780,-1.1461,0,0,true
-2.7648,-2.0310,0,0,true
1.8053,-0.7430,1,1,true
0.9688,-0.3774,0,0,true
-2.9067,1.1230,1,1,true
0.8429,0.6454,0,0,true
-1.4930,2.4520,1,1,true
2.3861,-1.6617,0,0,true
-1.5900,-0.4808,1,1,true
1.4021,2.9958,0,0,true
-0.5716,-3.6674,0,0,true
-1.2068,-0.7297,1,1,true
0.7999,-3.8739,0,0,true
-0.2453,-1.8891,0,0,true
0.0789,1.6106,0,0,true
-1.9151,0.3368,1,1,true
-1.7757,0.9300,1,1,true
1.1726,3.6770,0,0,true
1.8680,0.3265,0,0,true
2.0757,3.0175,0,0,true
0.5371,1.5010,0,0,true
1.8414,0.5877,0,0,true
-2.1522,-3.0453,0,0,true
1.3574,-1.6519,0,0,true
-0.3912,-0.9671,1,1,true
-2.3944,0.3569,1,1,true
1.6015,-2.8075,0,0,true
2.5109,-1.1991,0,0,true
-1.3989,-0.0932,1,1,true
2.2594,0.4832,0,0,true
1.0165,-2.3817,0,0,true
-2.7156,2.9338,1,1,true
-2.6952,-2.6689,0,0,true
1.1388,3.0414,0,0,true
0.8362,-3.9402,0,0,true
-2.0393,-1.2956,0,0,true
1.0455,-1.7302,0,0,true
2.5410,1.7418,0,0,true
-1.2481,-2.7320,0,0,true
-1.2574,3.1079,1,1,true
1.7405,-0.7018,1,1,true
-1.0719,-0.4616,1,1,true
-0.1964,-0.2129,1,1,true
0.2930,-2.9738,0,0,true
1.2791,-0.5824,0,0,true
1.8067,-1.6965,0,0,true
-0.1519,0.1040,1,1,true
1.2061,2.6964,0,0,true
-0.0033,1.0656,1,1,true
-1.3263,1.7353,1,1,true
1.9500,-3.3742,0,0,true
-0.3242,0.0048,1,1,true
0.7970,-3.0058,0,0,true
1.8679,2.6917,0,0,true
-1.4903,-1.2768,0,0,true
0.6927,-0.6004,0,0,true
2.3593,0.4383,0,0,true
0.7083,3.7674,0,0,true
2.9299,-2.8257,0,0,true
-2.9061,-0.1515,1,1,true
-0.7981,-1.3498,0,0,true
-0.6083,-2.1386,0,0,true
-0.6543,-1.6233,0,0,true
-1.3363,-3.3251,0,0,true
0.1921,-1.1573,0,0,true
1.0827,3.0990,0,0,true
-0.8225,-2.1197,0,0,true
-1.9055,1.5827,1,1,true
-1.2956,3.5221,1,1,true
1.2832,2.7260,0,0,true
2.8482,1.3215,0,0,true
0.4827,2.5995,0,0,true
-2.2472,2.8145,1,1,true
2.1202,1.9129,0,0,true
-2.5053,-1.5171,0,0,true
1.0439,-3.0336,0,0,true
2.0450,1.0829,0,0,true
2.5437,-3.2487,0,0,true
0.3757,-3.3059,0,0,true
-1.5518,0.7014,1,1,true
1.1229,2.0229,0,0,true
-2.8765,1.3268,1,1,true
0.6416,2.7203,0,0,true
1.0563,0.2410,0,0,true
-1.3781,2.3770,1,1,true
0.3899,-0.1844,1,1,true
1.2930,1.5425,0,0,true
-2.1867,-3.3670,0,0,true
-2.7809,2.5696,1,1,true
1.3594,1.4320,0,0,true
-2.8196,0.0589,1,1,true
0.4175,-0.7672,1,1,true
-0.7660,2.8527,0,0,true
-0.7637,3.6374,0,0,true
-0.4354,1.5714,0,0,true
0.7240,-3.1742,0,0,true
0.2214,3.8678,0,0,true
0.7796,3.4711,0,0,true
-1.5287,3.7421,1,1,true
0.7675,1.4250,0,0,true
-0.5393,2.1282,0,0,true
-1.3449,1.9651,1,1,true
1.0505,-0.0945,0,0,true
-1.1673,-2.4070,0,0,true
-0.9748,-0.1441,1,1,true
0.0583,3.7986,0,0,true
-1.3073,3.9597,1,1,true
-2.5849,-2.0630,0,0,true
-0.2963,-1.2525,0,0,true
2.5102,3.3355,0,0,true
0.4988,1.2685,0,0,true
2.3931,-2.7391,0,0,true
0.9629,-2.0042,0,0,true
1.6336,-2.8683,0,0,true
1.8524,1.5719,0,0,true
0.9033,-1.8388,0,0,true
2.5273,-0.1686,1,1,true
2.6537,1.2145,0,0,true
2.2529,0.5300,0,0,true
-2.4158,0.3783,1,1,true
-0.5985,-0.3624,1,1,true
-2.5201,-1.0802,0,0,true
-2.5643,3.0802,1,1,true
-0.4847,-3.7171,0,0,true
1.2436,1.5813,0,0,true
-0.3631,-3.9633,0,0,true
0.7813,0.8565,0,0,true
-1.1830,-2.4974,0,0,true
1.4879,-0.7082,1,1,true
-2.6019,-1.4850,0,0,true
0.2663,1.5951,0,0,true
-0.0953,1.2600,0,0,true
-1.3493,1.0831,1,1,true
-0.8112,-1.5919,0,0,true
0.8159,-0.3621,0,0,true
-2.5051,-1.9722,0,0,true
-2.9262,1.2324,1,1,true
2.5195,-3.8085,0,0,true
-1.4703,1.3919,1,1,true
-0.5431,-0.4291,1,1,true
-2.7167,-3.4923,0,0,true
0.0462,-2.4219,0,0,true
-0.8299,1.0811,1,1,true
-1.4240,-1.0464,1,1,true
1.0504,3.7445,0,0,true
1.0490,-1.8668,0,0,true
-1.8136,-1.3378,0,0,true
-2.5016,-1.2634,0,0,true
-1.7528,-3.7769,0,0,true
-0.0760,-3.3521,0,0,true
-2.7413,3.9487,1,1,true
2.0218,-3.4536,0,0,true
-1.1126,-1.0061,1,1,true
-1.0555,2.5550,1,1,true
2.3789,-0.9430,1,1,true
0.0605,-0.8851,1,1,true
-0.0919,-0.9863,1,1,true
-0.7052,0.1226,1,1,true
-2.3561,-3.0099,0,0,true
-1.2714,3.0760,1,1,true
1.8732,2.9644,0,0,true
2.3411,-3.5318,0,0,true
1.6432,-2.1943,0,0,true
-0.4061,-1.8236,0,0,true
0.6728,-0.8439,1,1,true
1.8025,3.9770,0,0,true
1.9285,-1.4728,0,0,true
-2.9998,3.3887,1,1,true
2.7404,-0.7454,1,1,true
2.7553,-0.0216,0,0,true
-2.6525,0.5053,1,1,true
2.1842,0.7052,0,0,true
-1.0705,0.6845,1,1,true
-1.2670,-1.3530,0,0,true
-0.1234,2.8140,0,0,true
-2.2289,0.2480,1,1,true
0.1303,1.2537,0,0,true
2.6117,-3.6639,0,0,true
0.9584,-1.1328,0,0,true
0.0005,-1.1050,0,0,true
-2.4080,2.3673,1,1,true
1.3487,-3.9529,0,0,true
-2.7776,0.6529,1,1,true
-1.1512,3.8808,1,1,true
1.4960,-0.8468,1,1,true
1.2463,-0.0999,0,0,true
-2.1330,1.4044,1,1,true
-2.7502,1.1296,1,1,true
-1.4576,2.3147,1,1,true
-2.5354,2.3986,1,1,true
0.4187,-2.3475,0,0,true
-1.6612,-3.2659,0,0,true
-1.9674,0.4708,1,1,true
-1.5218,-3.1405,0,0,true
0.0331,-1.1246,0,0,true
1.7640,-3.1984,0,0,true
-1.2892,3.1523,1,1,true
-0.4210,-1.7896,0,0,true
2.1986,-0.8387,1,1,true
0.8064,-1.2054,0,0,true
1.5444,-0.4522,1,1,true
2.3893,-2.5366,0,0,true
1.6167,3.8900,0,0,true
-1.7870,-2.9245,0,0,true
-1.0719,-1.5854,0,0,true
-1.1119,-2.8945,0,0,true
1.6482,-2.5443,0,0,true
2.8001,-3.4669,0,0,true
-1.8125,-1.2751,0,0,true
1.0646,-3.3742,0,0,true
-2.7466,-1.5941,0,0,true
-2.5415,1.5339,1,1,true
0.0474,-1.3386,0,0,true
-2.7179,-1.5932,0,0,true
-2.1339,1.1515,1,1,true
2.6473,2.2094,0,0,true
-1.8565,-2.6931,0,0,true
1.1125,0.1716,0,0,true
0.3256,-0.6161,1,1,true
-2.2378,-0.1285,1,1,true
2.3433,1.0924,0,0,true
-2.6230,2.2385,1,1,true
-1.1864,0.2415,1,1,true
0.6579,-2.1374,0,0,true
1.3558,-0.0585,0,0,true
-1.5579,2.4797,1,1,true
1.2161,-3.2414,0,0,true
-2.9030,-1.3409,0,0,true
-1.1957,2.1173,1,1,true
-0.5278,0.0300,1,1,true
2.5110,-1.7422,0,0,true
-2.3594,3.8437,1,1,true
-0.9802,-0.3542,1,1,true
-0.3978,2.8271,0,0,true
1.4418,-2.3290,0,0,true
-0.8695,-3.4669,0,0,true
2.0323,-3.6675,0,0,true
-2.5971,-2.0181,0,0,true
1.9505,-3.9268,0,0,true
-0.0571,2.2937,0,0,true
2.6889,-0.8615,1,1,true
0.5005,0.3978,0,0,true
0.3615,1.2952,0,0,true
0.5012,-2.8761,0,0,true
-2.9710,2.0036,1,1,true
2.5585,1.3703,0,0,true
0.9845,-3.7558,0,0,true
-0.7003,0.6014,1,1,true
1.7091,2.5537,0,0,true
1.8046,-0.8953,1,1,true
-0.5517,-0.0991,1,1,true
1.3657,-3.8417,0,0,true
-1.7104,-1.9233,0,0,true
-2.8072,-3.5654,0,0,true
-1.1690,-2.8216,0,0,true
-1.6283,0.8428,1,1,true
-1.2351,1.2146,1,1,true
2.9071,2.8167,0,0,true
-1.2911,1.7392,1,1,true
-1.1844,2.6802,1,1,true
-1.3531,2.3776,1,1,true
1.3247,-1.2952,0,0,true
1.6191,3.4075,0,0,true
1.7823,-0.0742,1,1,true
0.1073,2.8837,0,0,true
-0.8382,-2.1676,0,0,true
1.1357,2.0220,0,0,true
-1.2666,3.6136,1,1,true
0.4280,3.9358,0,0,true
-0.0353,3.2663,0,0,true
1.7276,0.6843,0,0,true
-2.3672,2.5570,1,1,true
-2.5275,-2.5037,0,0,true
2.3602,-1.9389,0,0,true
2.7656,2.3171,0,0,true
-2.5432,1.9174,1,1,true
-1.9520,2.7237,1,1,true
-2.6656,2.9004,1,1,true
-1.0634,1.3674,1,1,true
-2.8054,-0.6402,1,1,true
0.7312,-3.7755,0,0,true
2.2782,-1.3752,0,0,true
-0.5795,1.2318,1,1,true
-1.1188,2.5477,1,1,true
-1.8760,-2.7377,0,0,true
1.0869,3.7526,0,0,true
-0.8045,0.3542,1,1,true
-2.9948,-0.8065,1,1,true
1.3885,-2.6618,0,0,true
-1.4909,-3.1803,0,0,true
1.4272,-3.3326,0,0,true
-1.7823,-0.7556,1,1,true
0.9105,3.9596,0,0,true
0.2636,-2.5808,0,0,true
-1.3815,-2.1800,0,0,true
-0.7944,3.1247,0,0,true
-2.5649,-2.4150,0,0,true
1.6204,0.0460,0,0,true
0.8463,3.7438,0,0,true
-2.7607,2.4198,1,1,true
2.6015,2.5819,0,0,true
-0.1610,0.0174,1,1,true
0.3092,2.2497,0,0,true
1.9166,1.1681,0,0,true
0.2172,2.4568,0,0,true
2.6460,2.0051,0,0,true
1.3957,3.8804,0,0,true
1.0759,-1.0609,0,0,true
-0.1673,3.9327,0,0,true
1.5563,-2.4413,0,0,true
0.7029,2.3216,0,0,true
1.7151,0.6589,0,0,true
2.9799,-2.3243,0,0,true
-2.4945,-1.8441,0,0,true
-0.0008,-3.5058,0,0,true
-0.0359,-3.1274,0,0,true
2.2406,-2.0827,0,0,true
1.8243,0.5757,0,0,true
-0.7852,-2.1086,0,0,true
-1.9651,0.6258,1,1,true
-0.4675,-1.2058,0,0,true
-1.1166,1.6305,1,1,true
-1.7372,3.7872,1,1,true
-0.5863,3.2588,0,0,true
-0.9340,-0.7805,1,1,true
-1.8569,-1.8189,0,0,true
1.9698,-3.1590,0,0,true
-0.5460,2.5520,0,0,true
0.8489,2.2174,0,0,true
2.6954,-1.6704,0,0,true
0.8235,-3.3420,0,0,true
-2.1698,-3.8162,0,0,true
-1.5173,2.8398,1,1,true
2.2109,2.9202,0,0,true
2.3997,3.5569,0,0,true
-1.7332,1.0452,1,1,true
-1.4058,3.1396,1,1,true
2.1478,3.5802,0,0,true
-0.5063,-2.7381,0,0,true
-1.8560,-1.5057,0,0,true
0.5614,-0.4743,1,1,true
1.3143,-3.7468,0,0,true
-2.2551,0.9396,1,1,true
-2.9050,0.4181,1,1,true
0.3745,2.6105,0,0,true
1.4895,2.7850,0,0,true
0.1585,2.1838,0,0,true
0.1946,2.0472,0,0,true
-2.0094,-3.8345,0,0,true
2.3981,-0.3287,1,1,true
1.8198,-0.9136,1,1,true
-0.8449,1.2761,1,1,true
0.4662,3.5585,0,0,true
1.4481,0.6892,0,0,true
-2.9269,-2.6674,0,0,true
-0.4936,3.9294,0,0,true
2.3110,-1.6738,0,0,true
1.3144,1.9765,0,0,true
-1.3263,-0.3936,1,1,true
1.6179,1.4920,0,0,true
0.1351,-2.9836,0,0,true
-0.4606,0.7719,1,1,true
1.0547,-3.7192,0,0,true
-2.8282,-1.7633,0,0,true
-0.5516,-2.1921,0,0,true
2.2664,-2.1402,0,0,true
-2.0098,-0.7079,1,1,true
-1.8902,2.3481,1,1,true
1.6349,0.8121,0,0,true
-0.0111,0.5096,1,1,true
-1.4111,1.5966,1,1,true
-0.2230,1.4586,0,0,true
-2.8725,-2.5862,0,0,true
2.4376,-1.1333,0,0,true
-0.0386,2.0871,0,0,true
1.4211,-0.3375,0,0,true
-2.1507,-3.0159,0,0,true
-2.1781,-3.0164,0,0,true
-1.5215,3.4136,1,1,true
0.6726,2.6399,0,0,true
2.7326,1.6625,0,0,true
2.0984,-0.4551,1,1,true
-0.2332,-2.3689,0,0,true
2.8665,-1.1146,0,0,true
-1.7966,-1.3854,0,0,true
1.6147,-0.6671,1,1,true
-1.0548,-2.5629,0,0,true
-2.4626,2.3259,1,1,true
-1.9862,-2.9314,0,0,true
-2.3193,0.1993,1,1,true
2.2590,0.0697,0,0,true
1.3073,2.0440,0,0,true
2.1744,2.6622,0,0,true
1.6665,-3.0566,0,0,true
-0.2436,0.9530,1,1,true
1.8617,-2.5821,0,0,true
-2.9272,-0.5202,1,1,true
2.2921,-3.1769,0,0,true
2.9268,-2.4080,0,0,true
-2.6734,-3.0348,0,0,true
2.3088,2.5313,0,0,true
0.7208,0.8950,0,0,true
-2.8677,1.6070,1,1,true
1.2984,-0.7219,0,0,true
1.8062,-2.2133,0,0,true
-0.8698,3.2703,0,0,true
2.5669,1.4742,0,0,true
0.0013,-1.4244,0,0,true
1.5318,1.5405,0,0,true
0.5576,-1.0085,1,1,true
-1.1388,-2.7241,0,0,true
-1.8518,-1.1685,0,0,true
0.0163,-1.1118,0,0,true
2.2538,3.3295,0,0,true
-0.4265,1.4827,0,0,true
-2.2042,1.7837,1,1,true
-2.0009,-3.1405,0,0,true
-2.2854,-1.1851,0,0,true
1.5728,2.4772,0,0,true
1.3966,-1.8315,0,0,true
-1.5915,-2.7626,0,0,true
0.3931,-2.0067,0,0,true
1.5634,3.1904,0,0,true
-2.4453,3.3482,1,1,true
-2.8273,-2.0731,0,0,true
-0.8762,0.5675,1,1,true
1.2106,-2.7975,0,0,true
2.7145,3.1662,0,0,true
-2.8170,-2.7146,0,0,true
-2.7679,0.2560,1,1,true
-2.1724,0.9766,1,1,true
1.0568,0.8695,0,0,true
-0.8048,-0.1372,1,1,true
0.0384,-2.0930,0,0,true
2.6886,1.1331,0,0,true
-2.3288,1.7047,1,1,true
2.8434,0.2995,0,0,true
-1.4800,0.4167,1,1,true
1.8842,1.0636,0,0,true
-0.9314,-0.8198,1,1,true
-0.7407,0.4933,1,1,true
2.8497,1.9141,0,0,true
-2.6041,1.2426,1,1,true
-1.4754,2.3582,1,1,true
2.3570,3.4002,0,0,true
-1.2549,0.5958,1,1,true
-0.1006,-0.5312,1,1,true
1.0484,-2.3293,0,0,true
2.7531,1.3779,0,0,true
2.8417,-2.7790,0,0,true
-2.9591,1.7596,1,1,true
0.7106,-0.5775,0,0,true
-1.4409,3.4124,1,1,true
1.4933,2.8952,0,0,true
-2.3893,-3.4782,0,0,true
0.6910,1.1276,0,0,true
-1.8320,2.1463,1,1,true
2.6027,0.4313,0,0,true
2.5531,2.7359,0,0,true
-2.5913,-2.6919,0,0,true
-1.7090,-3.5433,0,0,true
0.1896,-0.6193,1,1,true
2.6087,-1.2127,0,0,true
0.9688,3.1449,0,0,true
-1.0578,-2.8649,0,0,true
-1.7348,-0.6022,1,1,true
-1.4062,1.1797,1,1,true
-0.5601,0.2336,1,1,true
0.7930,0.5090,0,0,true
-1.7096,-0.0807,1,1,true
-1.1298,1.3348,1,1,true
-1.0871,-2.7967,0,0,true
-0.9611,1.9009,0,0,true
-2.9579,1.5775,1,1,true
-0.9938,-0.8023,1,1,true
0.5858,2.1766,0,0,true
2.8910,-3.5209,0,0,true
0.9942,0.0963,0,0,true
0.0494,-2.8820,0,0,true
1.5258,1.6063,0,0,true
0.3930,-0.9410,1,1,true
1.6448,-3.1062,0,0,true
1.7882,-3.6511,0,0,true
2.4392,0.4479,0,0,true
2.2945,-0.5904,1,1,true
2.1374,1.1802,0,0,true
-2.0060,2.3524,1,1,true
0.1013,0.5969,1,1,true
-0.3431,-3.7279,0,0,true
1.2479,3.4225,0,0,true
1.3363,-1.1903,0,0,true
-1.6388,-3.2726,0,0,true
-2.5475,3.6607,1,1,true
-1.2016,-3.3036,0,0,true
-0.4111,-3.8977,0,0,true
1.2682,-2.3718,0,0,true
1.5535,-0.1969,1,1,true
-1.5595,0.0951,1,1,true
-1.7247,3.5749,1,1,true
-0.2344,2.3530,0,0,true
-0.9199,-1.8482,0,0,true
0.6461,2.2243,0,0,true
-0.4863,3.6294,0,0,true
-1.8999,-0.0343,1,1,true
2.7131,-2.8390,0,0,true
-0.1609,1.8015,0,0,true
2.5322,-2.7213,0,0,true
-1.2702,2.1677,1,1,true
-0.1999,-0.4507,1,1,true
1.5492,-2.1531,0,0,true
-1.4049,0.1352,1,1,true
0.6671,-2.9910,0,0,true
-0.5715,3.9140,0,0,true
0.5106,-2.8542,0,0,true
0.9880,-2.5111,0,0,true
2.2306,-2.4284,0,0,true
-0.8870,1.5353,0,0,true
1.2225,1.4295,0,0,true
-1.7893,-3.0849,0,0,true
-1.6301,-0.2746,1,1,true
-2.7823,-1.6508,0,0,true
-2.3447,1.0640,1,1,true
2.8498,-3.7454,0,0,true
0.3093,-0.6256,1,1,true
-2.1174,-1.8730,0,0,true
-0.2054,-1.6409,0,0,true
-2.4918,3.4460,1,1,true
1.2981,2.6817,0,0,true
-2.0804,2.1046,1,1,true
-0.4371,0.4677,1,1,true
0.1123,-2.8969,0,0,true
-0.2775,3.3612,0,0,true
-0.3853,-1.0921,0,0,true
2.1105,0.2112,0,0,true
-2.0523,-3.0357,0,0,true
1.6572,2.1134,0,0,true
-1.5829,-2.7585,0,0,true
-2.6435,1.5072,1,1,true
-2.4514,-3.5573,0,0,true
-2.0882,1.7349,1,1,true
-2.5934,-1.5466,0,0,true
-2.5082,0.0887,1,1,true
2.9730,-1.1487,0,0,true
0.5265,-2.3624,0,0,true
0.0968,0.6086,1,1,true
1.5284,0.6190,0,0,true
-2.2735,2.6144,1,1,true
-0.1411,3.4816,0,0,true
1.7430,0.3945,0,0,true
1.9264,3.2548,0,0,true
-2.1269,-3.4051,0,0,true
-0.0484,-0.5594,1,1,true
-2.4417,1.6628,1,1,true
-2.7710,3.8122,1,1,true
2.7004,-3.0572,0,0,true
-1.9186,-0.9445,1,1,true
-0.2082,-2.6785,0,0,true
0.6780,0.4649,0,0,true
-0.9544,3.1592,0,0,true
-1.5040,-3.3494,0,0,true
1.1186,3.5378,0,0,true
-1.0392,0.2332,1,1,true
0.8237,3.4798,0,0,true
-2.9044,0.5263,1,1,true
0.7029,2.3253,0,0,true
2.5225,-3.7298,0,0,true
-1.5590,-1.7313,0,0,true
2.5904,2.6405,0,0,true
0.7793,-3.2148,0,0,true
-2.3573,1.5595,1,1,true
-2.9192,3.0438,1,1,true
0.3777,-3.3518,0,0,true
-0.4466,-3.5000,0,0,true
2.5496,0.6716,0,0,true
1.9774,2.1996,0,0,true
2.5607,-3.1246,0,0,true
1.7567,2.5791,0,0,true
-1.1750,1.8445,1,1,true
-1.9052,-1.8689,0,0,true
1.9118,1.9305,0,0,true
-0.8975,0.3183,1,1,true
1.1728,3.5359,0,0,true
-0.2075,1.8360,0,0,true
-2.9508,2.1541,1,1,true
-0.2893,-1.8494,0,0,true
-0.4876,-2.2422,0,0,true
-2.6105,-0.8685,1,1,true
-0.3261,2.1229,0,0,true
-1.8405,2.7001,1,1,true
-1.0617,2.4765,1,1,true
0.5063,-2.6173,0,0,true
2.5257,-1.5588,0,0,true
1.7212,-3.4457,0,0,true
0.6181,3.5065,0,0,true
-2.5805,1.7421,1,1,true
0.9607,1.2905,0,0,true
1.5785,-3.2913,0,0,true
1.8395,0.2126,0,0,true
-0.9135,0.0704,1,1,true
1.7944,3.5412,0,0,true
-1.2363,-2.0093,0,0,true
0.2667,-0.4507,1,1,true
-2.1230,-2.5068,0,0,true
-0.9675,-1.5940,0,0,true
0.0089,-3.2133,0,0,true
-2.0447,2.6726,1,1,true
-1.3447,-3.7441,0,0,true
2.8989,3.1458,0,0,true
1.9117,1.5670,0,0,true
-1.6446,0.2510,1,1,true
-1.7149,1.0691,1,1,true
1.0577,-0.8641,1,1,true
-1.8188,2.2457,1,1,true
0.6984,-2.4301,0,0,true
1.6533,-1.4385,0,0,true
1.1280,3.6567,0,0,true
-2.6169,-1.0579,1,1,true
-0.5670,-1.2543,0,0,true
2.8159,-2.1611,0,0,true
0.4619,3.3344,0,0,true
0.4849,-2.3687,0,0,true
-1.3061,-2.7180,0,0,true
-1.8947,3.2758,1,1,true
2.8010,3.7505,0,0,true
2.1478,-1.8504,0,0,true
-0.0334,3.1359,0,0,true
0.1632,-3.1949,0,0,true
-2.2820,-0.6517,1,1,true
2.6744,1.5868,0,0,true
2.9295,0.8718,0,0,true
1.3043,-2.3228,0,0,true
-1.7105,-1.8643,0,0,true
0.1004,-0.4537,1,1,true
-0.7624,-2.8210,0,0,true
-0.3690,-0.9563,1,1,true
0.8238,2.9000,0,0,true
0.7974,1.3336,0,0,true
2.0362,-1.6299,0,0,true
2.4869,-3.6660,0,0,true
2.4907,0.5724,0,0,true
1.3659,2.7341,0,0,true
0.8321,1.9572,0,0,true
-1.4134,1.7695,1,1,true
-2.1594,-2.4072,0,0,true
0.1015,3.9636,0,0,true
-1.5503,3.0996,1,1,true
1.9072,0.3284,0,0,true
-2.1245,0.0247,1,1,true
2.6042,1.5871,0,0,true
0.0143,-0.8145,1,1,true
-1.6919,-2.9045,0,0,true
2.5178,0.3165,0,0,true
0.3967,3.9327,0,0,true
-2.6644,3.4114,1,1,true
0.8899,0.0169,0,0,true
-1.0769,3.3905,1,1,true
0.1984,-2.7620,0,0,true
-1.4647,-3.4391,0,0,true
-1.3432,2.1460,1,1,true
-0.7333,3.5310,0,0,true
0.9063,0.8085,0,0,true
0.4978,-2.2428,0,0,true
2.0911,0.3715,0,0,true
-1.0895,-3.3711,0,0,true
-2.0078,0.4241,1,1,true
2.9046,-2.9842,0,0,true
1.4053,2.2000,0,0,true
1.4795,-0.9097,1,1,true
2.1856,0.9924,0,0,true
-1.8388,-0.2919,1,1,true
-1.6868,1.8908,1,1,true
1.3896,-2.4395,0,0,true
-1.7909,-3.4919,0,0,true
2.0746,1.8953,0,0,true
-2.8443,-1.2723,0,0,true
-2.8418,3.5597,1,1,true
2.5852,-2.7074,0,0,true
2.1183,-3.7666,0,0,true
1.9374,-0.2143,1,1,true
-1.3460,1.6821,1,1,true
1.4188,-0.1407,0,0,true
1.3336,0.9790,0,0,true
0.1082,2.2361,0,0,true
-1.8203,0.3460,1,1,true
-0.0359,-1.5207,0,0,true
1.2260,-3.9118,0,0,true
-0.6966,-0.3317,1,1,true
1.1271,-2.8191,0,0,true
-2.6081,1.9207,1,1,true
-1.7158,-3.0414,0,0,true
0.9669,2.3277,0,0,true
0.3749,0.5840,0,0,true
1.4095,-3.4284,0,0,true
0.8767,3.6424,0,0,true
2.8048,0.4498,0,0,true
1.7348,3.1178,0,0,true
1.9810,3.2166,0,0,true
-0.9321,-1.1844,0,0,true
-2.2906,2.7966,1,1,true
-2.2975,-2.7211,0,0,true
0.6935,3.7517,0,0,true
2.3410,-1.4409,0,0,true
2.0802,2.4465,0,0,true
-0.4336,-0.0464,1,1,true
1.8136,2.9301,0,0,true
1.7776,2.1532,0,0,true
-0.8607,1.3958,1,1,true
0.1577,1.4772,0,0,true
-1.2925,-0.8509,1,1,true
2.5659,-2.2913,0,0,true
1.9852,2.9710,0,0,true
-1.0555,-1.1132,0,0,true
-0.0374,-2.7158,0,0,true
-1.4573,0.4687,1,1,true
-2.9399,-0.8786,1,1,true
2.7664,-3.3369,0,0,true
0.2645,3.8480,0,0,true
0.5017,-0.8735,1,1,true
2.0386,2.0908,0,0,true
-1.0430,-3.3032,0,0,true
-0.3404,3.6104,0,0,true
2.1656,2.4786,0,0,true
1.7584,-3.2027,0,0,true
-2.8297,2.1622,1,1,true
-1.1870,-2.0938,0,0,true
-2.9564,-1.2758,0,0,true
0.6037,0.8697,0,0,true
2.3848,3.8044,0,0,true
-1.6593,-0.5628,1,1,true
2.0187,-1.5998,0,0,true
-0.8130,1.5466,0,0,true
1.1257,1.3080,0,0,true
-1.8216,1.5962,1,1,true
-2.7909,0.7955,1,1,true
0.9560,-0.7645,0,0,true
0.3621,2.6483,0,0,true
1.6481,2.9185,0,0,true
-1.9623,0.8501,1,1,true
-0.7547,-1.6315,0,0,true
0.4399,-3.0003,0,0,true
1.2514,0.1345,0,0,true
-2.5562,1.2645,1,1,true
-1.2708,3.7848,1,1,true
2.6101,2.7242,0,0,true
0.9142,1.0348,0,0,true
-0.7623,3.7785,0,0,true
2.5372,1.8878,0,0,true
-0.2570,-0.0615,1,1,true
1.7876,-0.3645,1,1,true
1.6589,-3.2517,0,0,true
-1.0574,3.8705,1,1,true
-2.7269,-0.6208,1,1,true
0.0730,-3.0745,0,0,true
-2.2097,-0.8779,1,1,true
2.6610,2.7285,0,0,true
-0.8744,-3.3047,0,0,true
2.5155,1.8359,0,0,true
0.1575,0.3603,1,1,true
-2.5933,3.1756,1,1,true
-2.2557,-2.8265,0,0,true
1.5259,-1.1182,0,0,true
-2.2387,2.3026,1,1,true
0.6157,-2.6644,0,0,true
-1.0565,1.9381,1,1,true
-0.3895,0.4014,1,1,true
-1.7927,2.6878,1,1,true
-2.5181,-3.9956,0,0,true
2.5648,2.5995,0,0,true
0.1961,-2.3145,0,0,true
0.8324,0.4560,0,0,true
-1.3227,-1.3732,0,0,true
2.2394,-1.6539,0,0,true
0.9502,-0.9296,1,1,true
2.1925,0.9512,0,0,true
2.6596,2.7639,0,0,true
0.5718,-3.1308,0,0,true
-0.4402,2.6830,0,0,true
0.6497,0.7393,0,0,true
1.7967,-0.3294,1,1,true
1.3272,2.2295,0,0,true
-0.3079,0.1545,1,1,true
-0.0857,0.1775,1,1,true
-2.5319,1.6255,1,1,true
0.4673,-1.0910,0,0,true
0.5785,2.8361,0,0,true
-2.0061,-1.4512,0,0,true
0.5093,2.9661,0,0,true
-1.8939,-3.0397,0,0,true
2.9959,-0.2217,1,1,true
2.0248,-0.1848,1,1,true
-2.5549,2.6013,1,1,true
-2.8266,3.5470,1,1,true
-1.8729,0.4560,1,1,true
0.8433,-1.1957,0,0,true
-2.3201,2.9530,1,1,true
-0.2876,0.0732,1,1,true
1.0067,-2.0515,0,0,true
-2.8806,-1.4912,0,0,true
-0.9547,0.8990,1,1,true
2.5253,2.0482,0,0,true
2.0990,-1.2999,0,0,true
2.4919,-1.1369,0,0,true
0.4186,2.5222,0,0,true
-0.2077,-2.7674,0,0,true
-1.7233,1.6965,1,1,true
0.2258,-3.0303,0,0,true
0.5978,1.3459,0,0,true
-0.2678,-0.1157,1,1,true
-0.3853,-0.8474,1,1,true
0.9776,-2.8642,0,0,true
2.2336,3.9715,0,0,true
-0.0597,1.2273,1,1,true
1.6370,-2.6067,0,0,true
0.8893,-0.9710,1,1,true
0.9103,-3.0919,0,0,true
1.7137,-3.6412,0,0,true
2.6720,0.3063,0,0,true
-0.5555,-2.4882,0,0,true
-0.7243,-2.4873,0,0,true
-1.1177,-3.6866,0,0,true
-0.3592,1.3163,0,0,true
2.2535,3.5435,0,0,true
-2.3125,-3.2413,0,0,true
-1.4528,-1.6749,0,0,true
2.5765,-2.3849,0,0,true
-1.3131,0.5656,1,1,true
2.9417,-3.7042,0,0,true
2.2632,-2.1141,0,0,true
-2.5286,-3.8631,0,0,true
-2.3308,2.0343,1,1,true
-0.2344,-0.4135,1,1,true
1.3323,-1.3872,0,0,true
-0.2732,0.3847,1,1,true
-1.4721,0.4086,1,1,true
1.2223,-1.7872,0,0,true
1.0220,-3.5907,0,0,true
1.3473,-1.1572,0,0,true
-2.9237,-3.6257,0,0,true
1.7567,-1.3380,0,0,true
2.2587,2.2485,0,0,true
1.7322,-1.9388,0,0,true
1.0804,2.6246,0,0,true
-1.9901,-1.4098,0,0,true
-0.4529,-1.8401,0,0,true
1.8986,-0.9634,1,1,true
0.6990,-0.7091,0,0,true
-0.6883,1.6565,0,0,true
2.2855,0.6687,0,0,true
1.3353,-2.5452,0,0,true
-0.6167,3.0271,0,0,true
2.3135,3.2192,0,0,true
1.1604,2.6318,0,0,true
-1.4615,-3.0691,0,0,true
0.1266,2.4542,0,0,true
-2.5778,3.1085,1,1,true
2.6264,-2.9553,0,0,true
1.0624,-1.7041,0,0,true
2.9448,1.2714,0,0,true
2.0227,1.2597,0,0,true
-0.6050,-3.4267,0,0,true
1.0739,-2.1407,0,0,true
1.4721,-3.2216,0,0,true
-2.6357,3.2608,1,1,true
-1.6958,-2.7890,0,0,true
1.7655,0.4524,0,0,true
1.8775,-0.7561,1,1,true
1.2765,1.0378,0,0,true
2.7525,0.0969,0,0,true
2.5464,3.1693,0,0,true
-2.4360,0.1192,1,1,true
2.4324,-0.5486,1,1,true
1.4296,1.3235,0,0,true
-0.3732,0.9527,1,1,true
0.6791,3.7808,0,0,true
1.1673,-2.0193,0,0,true
0.5607,3.8332,0,0,true
-0.6007,-3.2797,0,0,true
-2.4980,2.5285,1,1,true
-2.5011,0.7749,1,1,true
1.3439,-2.2374,0,0,true
-2.6636,1.6929,1,1,true
-1.6956,1.5197,1,1,true
-2.8626,1.2231,1,1,true
-0.4273,-0.4115,1,1,true
0.3399,-3.7482,0,0,true
-1.6706,0.1262,1,1,true
0.7433,0.2927,0,0,true
2.6416,2.6580,0,0,true
-0.9857,-0.8812,1,1,true
0.2678,2.1404,0,0,true
0.1676,-3.6428,0,0,true
-1.4659,0.0840,1,1,true
-1.6026,-3.6145,0,0,true
2.2878,1.1783,0,0,true
1.0875,-2.8754,0,0,true
-0.9623,-1.2963,0,0,true
1.2014,-3.5146,0,0,true
-2.7064,-1.9195,0,0,true
2.2931,-0.0890,1,1,true
0.6186,-2.8948,0,0,true
-1.1638,-3.2773,0,0,true
-2.0887,1.4840,1,1,true
-2.1531,-2.0613,0,0,true
-0.6032,3.6700,0,0,true
-1.8117,2.3327,1,1,true
2.5421,3.8835,0,0,true
0.3670,-0.8782,1,1,true
-1.9095,0.7068,1,1,true
-1.2389,-2.4312,0,0,true
-1.1835,-2.6499,0,0,true
-2.2795,-0.4499,1,1,true
0.5618,-3.5106,0,0,true
-2.1765,0.6514,1,1,true
0.9084,3.9838,0,0,true
1.7119,1.8737,0,0,true
-2.7417,2.1073,1,1,true
1.3383,2.8643,0,0,true
1.0779,-3.6742,0,0,true
-1.4924,3.6396,1,1,true
1.5809,3.6106,0,0,true
-1.3790,-2.6933,0,0,true
-0.6737,-0.8033,1,1,true
-1.9847,-3.2237,0,0,true
-2.0086,-3.5974,0,0,true
-2.6135,0.4713,1,1,true
-1.8324,2.6790,1,1,true
-2.7854,-1.9105,0,0,true
-0.1133,2.7824,0,0,true
-0.3387,-1.5982,0,0,true
-2.6366,1.1965,1,1,true
-1.1685,3.5046,1,1,true
-2.3698,-2.8244,0,0,true
-1.3960,0.9265,1,1,true
-1.7709,1.5011,1,1,true
0.6145,-0.2560,1,1,true
-2.0829,-3.6290,0,0,true
0.4128,-0.9092,1,1,true
0.9682,-2.6584,0,0,true
-2.0405,1.4765,1,1,true
-2.2527,1.9422,1,1,true
2.1269,3.6632,0,0,true
1.2159,-1.1288,0,0,true
-1.7215,2.9717,1,1,true
0.0901,2.0563,0,0,true
-2.9287,-3.1356,0,0,true
-1.1703,-3.6773,0,0,true
1.9239,2.7093,0,0,true
1.0647,-1.5510,0,0,true
-2.3096,2.5845,1,1,true
1.6047,2.5569,0,0,true
-1.2612,3.7457,1,1,true
2.2100,1.8440,0,0,true
0.8399,-1.1859,0,0,true
1.8944,2.7090,0,0,true
-1.4657,-3.2537,0,0,true
-0.4984,1.4275,0,0,true
1.1947,-3.8289,0,0,true
1.8457,-1.9942,0,0,true
0.4664,-3.8950,0,0,true
-1.5244,-1.1711,0,0,true
-0.7826,-0.6044,1,1,true
-2.7379,-3.9613,0,0,true
2.9005,-2.9772,0,0,true
1.1091,-3.3783,0,0,true
1.1061,-1.5793,0,0,true
-0.5175,2.0817,0,0,true
2.6067,-1.4276,0,0,true
-2.5536,-1.1269,0,0,true
1.7531,0.5726,0,0,true
0.8754,2.6255,0,0,true
-2.6962,-0.3125,1,1,true
-2.5325,-0.2133,1,1,true
-1.9108,-0.7492,1,1,true
-2.9818,2.3849,1,1,true
0.1896,-2.8065,0,0,true
2.8909,2.3748,0,0,true
2.6947,3.8671,0,0,true
-1.4479,3.4990,1,1,true
-0.1548,2.4723,0,0,true
-2.4922,3.9905,1,1,true
0.6893,-1.3602,0,0,true
1.6720,0.6401,0,0,true
0.5565,-2.8235,0,0,true
-2.9241,-0.6860,1,1,true
1.3482,3.4928,0,0,true
1.1344,2.8865,0,0,true
0.5886,-1.1419,0,0,true
-1.1899,0.7027,1,1,true
2.3434,-0.7552,1,1,true
1.3668,2.6686,0,0,true
-1.5908,1.2400,1,1,true
0.3642,1.7462,0,0,true
0.7934,-2.0473,0,0,true
1.2655,-1.4905,0,0,true
0.6145,-2.9131,0,0,true
-1.1839,-3.7888,0,0,true
1.0580,-2.1376,0,0,true
2.7479,3.4889,0,0,true
1.8983,-0.7005,1,1,true
1.9322,-2.9956,0,0,true
-1.9097,1.6155,1,1,true
-2.4386,-0.2362,1,1,true
-2.2347,1.5305,1,1,true
-0.2559,-0.6483,1,1,true
0.7882,-1.7146,0,0,true
2.1820,0.7167,0,0,true
1.6435,1.7034,0,0,true
1.9551,3.4425,0,0,true
-0.8136,1.1610,1,1,true
-2.2119,3.0990,1,1,true
-2.4461,-1.6220,0,0,true
-0.1367,3.9643,0,0,true
-2.0520,-3.1435,0,0,true
-1.5804,3.8568,1,1,true
-1.2974,0.5345,1,1,true
1.5039,-0.5582,1,1,true
2.9148,-0.5149,1,1,true
-1.2081,-0.3691,1,1,true
1.1318,1.5253,0,0,true
1.2318,-3.6896,0,0,true
-2.2262,-3.3477,0,0,true
0.9997,0.5082,0,0,true
-1.8351,-0.1631,1,1,true
0.0614,-2.8986,0,0,true
-2.7757,-3.1811,0,0,true
-1.0453,2.0774,1,1,true
-2.3578,-1.9177,0,0,true
1.0385,1.4349,0,0,true
-2.6016,2.1553,1,1,true
-2.8794,-0.2341,1,1,true
0.7177,-1.2679,0,0,true
-1.0715,-2.1487,0,0,true
1.3154,-2.1593,0,0,true
-1.6008,-0.4030,1,1,true
0.5710,2.5506,0,0,true
-2.5440,-3.4980,0,0,true
1.9912,-1.7905,0,0,true
-0.6692,-0.4527,1,1,true
-0.3051,-3.0132,0,0,true
-0.6433,-0.9695,1,1,true
1.0000,0.1759,0,0,true
-0.3481,-2.5866,0,0,true
2.1335,-0.4724,1,1,true
-0.1767,3.3373,0,0,true
-0.6982,-0.0078,1,1,true
-1.7469,-1.9455,0,0,true
0.7367,-3.2400,0,0,true
-0.2767,-3.1899,0,0,true
1.3628,-1.1171,0,0,true
-0.8280,-2.7958,0,0,true
0.0287,-3.4047,0,0,true
-0.8163,0.7182,1,1,true
0.1413,-1.5935,0,0,true
-0.3837,1.0635,1,1,true
1.2983,2.2914,0,0,true
1.0133,3.0227,0,0,true
2.2316,2.9802,0,0,true
-2.7604,-1.8317,0,0,true
-0.0937,-2.9419,0,0,true
0.0659,1.9239,0,0,true
2.1702,1.6230,0,0,true
-0.0104,-1.9310,0,0,true
0.3382,1.3308,0,0,true
-1.7548,0.3853,1,1,true
2.6111,1.4754,0,0,true
0.9844,-1.7186,0,0,true
2.2621,-0.7883,1,1,true
0.4836,2.7977,0,0,true
-1.2719,0.5482,1,1,true
0.1764,3.8398,0,0,true
-0.0383,3.3483,0,0,true
1.3246,3.5216,0,0,true
2.9690,-1.7840,0,0,true
0.4451,-1.8786,0,0,true
-0.5795,-2.4560,0,0,true
1.7970,1.6872,0,0,true
2.8867,-2.4105,0,0,true
1.2165,-0.7353,0,0,true
-0.4055,-0.7500,1,1,true
-2.3980,2.3240,1,1,true
2.7373,2.8845,0,0,true
0.9898,3.5445,0,0,true
0.4249,-0.3187,1,1,true
-0.9071,-0.1390,1,1,true
0.2997,-3.0640,0,0,true
1.3954,1.8954,0,0,true
1.7688,3.0929,0,0,true
0.8307,0.5128,0,0,true
-1.7838,-1.7512,0,0,true
-2.9639,-1.3324,0,0,true
0.2897,0.8502,1,1,true
2.2483,3.8473,0,0,true
1.0231,-2.7418,0,0,true
-1.8983,1.0421,1,1,true
1.8648,2.7939,0,0,true
-0.6392,1.4539,0,0,true
2.2899,-2.8316,0,0,true
-2.3508,2.7736,1,1,true
-1.3988,0.3174,1,1,true
2.0940,3.9878,0,0,true
-1.5089,-1.9885,0,0,true
1.1899,0.4078,0,0,true
-1.8082,0.4269,1,1,true
2.2051,-2.0430,0,0,true
0.1915,2.3021,0,0,true
-1.9804,-1.5492,0,0,true
2.6998,1.5638,0,0,true
1.4799,2.4065,0,0,true
1.3639,-1.1267,0,0,true
1.8268,-3.5939,0,0,true
1.5841,1.1828,0,0,true
1.6423,-3.0729,0,0,true
1.7471,-3.2276,0,0,true
-2.3533,-0.0210,1,1,true
-2.5321,1.0793,1,1,true
-2.2194,-1.8013,0,0,true
-0.8379,0.8601,1,1,true
-0.9313,1.9577,0,0,true
2.7752,0.4755,0,0,true
-2.5117,-3.7488,0,0,true
-0.0663,2.2557,0,0,true
-1.1074,3.6349,1,1,true
2.5214,-1.5555,0,0,true
0.9846,1.2501,0,0,true
-0.4227,-0.9856,1,1,true
1.6785,0.4449,0,0,true
2.5723,-2.8171,0,0,true
1.5839,-0.1151,1,1,true
1.4971,-1.0442,1,1,true
-1.8604,3.2560,1,1,true
0.5260,1.6589,0,0,true
-0.7726,1.3476,0,0,true
-2.5704,2.2507,1,1,true
-2.4354,-2.7062,0,0,true
-0.2022,-1.2695,0,0,true
0.8049,-0.4406,0,0,true
-1.9697,-0.6210,1,1,true
2.1937,2.6397,0,0,true
2.8085,0.8920,0,0,true
-2.5571,2.9556,1,1,true
0.8930,-0.3250,0,0,true
0.5496,-3.4387,0,0,true
1.9577,-3.8079,0,0,true
-0.9281,3.8638,0,0,true
-1.1982,3.0808,1,1,true
1.0702,1.3834,0,0,true
-1.4094,-3.7445,0,0,true
-1.8215,3.5124,1,1,true
1.6877,-2.9804,0,0,true
1.0449,-0.1399,0,0,true
2.0411,-0.4957,1,1,true
-1.1587,-3.2270,0,0,true
1.5823,-3.8248,0,0,true
2.4096,-1.2530,0,0,true
0.6059,1.3816,0,0,true
1.2899,1.4406,0,0,true
2.4385,-1.0222,1,1,true
-1.5239,-1.1326,0,0,true
-1.4497,-0.8892,1,1,true
1.9080,-0.0158,0,0,true
2.7953,-1.1115,0,0,true
-1.7590,-2.1636,0,0,true
-1.5616,-2.3238,0,0,true
2.1221,-1.3087,0,0,true
-2.1207,-2.0456,0,0,true
1.5788,3.4167,0,0,true
1.2207,3.9504,0,0,true
0.1194,2.7553,0,0,true
1.4440,3.2815,0,0,true
1.1942,-0.8557,1,1,true
0.2675,3.3749,0,0,true
-2.4229,-3.5272,0,0,true
-0.9566,-1.3639,0,0,true
-0.9766,3.1600,1,1,true
-1.9111,0.5227,1,1,true
2.5665,-0.7427,1,1,true
-0.2006,-3.6023,0,0,true
-1.8409,-3.8739,0,0,true
-1.1877,3.6911,1,1,true
2.0060,-3.2172,0,0,true
-1.8258,2.2575,1,1,true
0.0490,0.2892,1,1,true
2.6583,-1.3089,0,0,true
-2.4702,3.9502,1,1,true
-0.8255,-3.0493,0,0,true
-1.2273,-3.5694,0,0,true
-1.5131,-3.4555,0,0,true
2.1821,-0.4457,1,1,true
-1.2970,3.1360,1,1,true
2.8785,-3.2800,0,0,true
-0.3401,-3.1465,0,0,true
0.5874,-2.5368,0,0,true
-1.8514,0.8815,1,1,true
0.2731,-0.3734,1,1,true
-1.7740,-1.9541,0,0,true
1.7715,1.3197,0,0,true
1.4641,-3.8338,0,0,true
2.8448,2.9580,0,0,true
1.3627,2.8369,0,0,true
0.7920,-2.3857,0,0,true
-1.8473,0.9924,1,1,true
-2.5298,0.3947,1,1,true
-1.9692,-0.5254,1,1,true
1.6213,-2.1697,0,0,true
1.8369,2.4053,0,0,true
2.0805,1.9416,0,0,true
-1.5141,3.5989,1,1,true
-0.3592,-0.3888,1,1,true
0.1080,2.8046,0,0,true
0.8254,0.1172,0,0,true
-0.4206,3.3057,0,0,true
2.9813,-0.4529,1,1,true
1.2345,1.1367,0,0,true
-0.5541,-1.1879,0,0,true
-2.4584,-2.4135,0,0,true
1.7677,-0.0660,1,1,true
1.3342,-1.5472,0,0,true
-1.6468,3.2320,1,1,true
-1.9793,1.1634,1,1,true
1.3739,1.4105,0,0,true
1.6325,3.0893,0,0,true
-2.4911,3.3982,1,1,true
-1.3631,-2.1972,0,0,true
-1.1127,2.7312,1,1,true
0.9923,-2.8855,0,0,true
-1.1404,2.9896,1,1,true
-2.0952,-1.4238,0,0,true
-1.2899,-2.0248,0,0,true
-1.5291,0.2092,1,1,true
0.0215,3.4066,0,0,true
-1.5006,2.6615,1,1,true
2.8729,0.8501,0,0,true
-2.1068,-3.0464,0,0,true
-2.4034,-3.2102,0,0,true
-1.4773,-0.5370,1,1,true
1.3078,-0.1461,0,0,true
-0.7480,3.3525,0,0,true
-1.8049,-1.3686,0,0,true
-1.8430,0.3626,1,1,true
-1.0871,3.5809,1,1,true
-1.7464,0.2058,1,1,true
2.1573,0.7351,0,0,true
1.4020,-0.5405,0,0,true
-1.1693,-0.5498,1,1,true
-2.1874,2.9947,1,1,true
-2.4844,0.2122,1,1,true
-2.8360,2.7738,1,1,true
0.1806,-1.2356,0,0,true
-1.6354,2.1215,1,1,true
-0.9143,1.7389,0,0,true
2.0033,1.8505,0,0,true
1.2799,2.1925,0,0,true
0.9353,-3.9432,0,0,true
-2.6216,1.8091,1,1,true
-1.3904,-3.4983,0,0,true
1.1833,-3.5457,0,0,true
-2.4960,3.0922,1,1,true
1.0140,3.4866,0,0,true
-0.3894,-1.5517,0,0,true
-2.4117,0.3716,1,1,true
-0.5171,-1.8682,0,0,true
-2.7790,1.2852,1,1,true
-0.2751,2.8855,0,0,true
-1.2090,0.8784,1,1,true
-1.8142,0.4374,1,1,true
0.5317,3.8834,0,0,true
2.3996,-2.2351,0,0,true
-0.5764,2.1581,0,0,true
-2.5687,3.8860,1,1,true
1.4454,-3.9004,0,0,true
2.8660,1.6012,0,0,true
0.2221,0.8314,1,1,true
-0.3129,3.6341,0,0,true
-1.6875,-2.4167,0,0,true
2.2379,3.1874,0,0,true
-1.7549,-2.1303,0,0,true
1.6743,-2.9886,0,0,true
-1.0279,0.2638,1,1,true
0.7823,0.1788,0,0,true
-1.1482,0.0017,1,1,true
-2.9940,3.9739,1,1,true
-0.1339,3.0881,0,0,true
-1.3731,-3.7460,0,0,true
-1.5102,-3.7498,0,0,true
1.9837,-0.9001,1,1,true
0.1212,3.0894,0,0,true
0.5418,3.6749,0,0,true
-1.4137,-2.2224,0,0,true
-0.8839,1.7531,0,0,true
2.5384,-3.9078,0,0,true
1.0129,-2.4358,0,0,true
0.1875,2.1748,0,0,true
-1.0024,3.3188,1,1,true
-1.9566,-0.1101,1,1,true
-2.4643,2.0588,1,1,true
-1.9552,0.3293,1,1,true
1.5664,-0.7087,1,1,true
-1.8261,-0.9782,1,1,true
0.1529,0.7373,1,1,true
-2.5614,0.5936,1,1,true
0.9135,3.9087,0,0,true
-1.1581,2.2479,1,1,true
0.5225,-3.5206,0,0,true
2.0941,-1.0024,1,1,true
-2.5247,0.4485,1,1,true
-1.1757,-1.9962,0,0,true
1.3481,-1.6439,0,0,true
1.8664,-2.0071,0,0,true
-0.0162,-2.7078,0,0,true
-0.6025,3.8077,0,0,true
-1.1190,3.9114,1,1,true
2.6106,-0.2530,1,1,true
-2.0646,-0.7907,1,1,true
-0.8389,-1.4160,0,0,true
1.7426,2.3964,0,0,true
0.1657,-2.3174,0,0,true
1.4319,-3.7736,0,0,true
-1.4333,-2.7923,0,0,true
-0.9743,1.9011,1,1,true
1.5689,-2.4015,0,0,true
-1.8139,-1.0225,1,1,true
0.0922,-0.1705,1,1,true
2.2071,1.1066,0,0,true
2.1296,-1.5915,0,0,true
2.6946,2.0003,0,0,true
1.9746,-3.9140,0,0,true
1.4206,2.9595,0,0,true
-2.3520,-1.9750,0,0,true
1.8075,2.4571,0,0,true
-2.8492,-2.6232,0,0,true
2.6688,3.7713,0,0,true
-1.1034,-3.7695,0,0,true
0.4816,-3.5294,0,0,true
1.5639,0.1075,0,0,true
1.8105,3.2092,0,0,true
1.4807,-3.3918,0,0,true
-2.7553,1.1710,1,1,true
-0.9043,0.3891,1,1,true
0.7681,-1.5979,0,0,true
-1.6275,-0.6273,1,1,true
-1.1425,-0.9788,1,1,true
1.0445,2.5930,0,0,true
1.2647,2.6962,0,0,true
-1.6787,0.1718,1,1,true
-1.4854,1.3597,1,1,true
-2.8373,-0.5690,1,1,true
-2.1131,1.4877,1,1,true
1.6533,-1.9184,0,0,true
-1.8756,1.0824,1,1,true
-1.3125,-0.5060,1,1,true
-1.6596,-2.9744,0,0,true
1.1985,-1.6784,0,0,true
-0.1603,3.9416,0,0,true
-2.0597,-0.0675,1,1,true
-2.5977,-3.5918,0,0,true
2.6789,-3.4906,0,0,true
2.8991,2.5758,0,0,true
0.0549,2.6350,0,0,true
-1.3164,2.1247,1,1,true
2.4344,3.3209,0,0,true
-1.7836,-2.4500,0,0,true
0.2239,2.3467,0,0,true
0.0908,-3.6371,0,0,true
-0.9428,3.3467,0,0,true
0.6983,-2.1372,0,0,true
2.9753,3.9309,0,0,true
1.8567,0.8630,0,0,true
-2.8824,-3.8749,0,0,true
0.1123,1.0419,1,1,true
0.1867,-0.2573,1,1,true
0.7117,0.0862,0,0,true
-1.3427,-0.2429,1,1,true
-1.0049,1.1706,1,1,true
0.0640,3.1761,0,0,true
2.5826,2.6239,0,0,true
-2.9382,3.3157,1,1,true
2.1274,-2.9542,0,0,true
-2.4627,3.0039,1,1,true
1.6418,3.3725,0,0,true
-2.9992,2.9514,1,1,true
-1.0427,-1.6205,0,0,true
1.6927,-2.1968,0,0,true
2.8311,-0.1957,1,1,true
-1.2711,2.8594,1,1,true
-2.2745,-1.4197,0,0,true
0.2436,0.5269,1,1,true
-1.9206,-0.6050,1,1,true
-1.9138,-1.2568,0,0,true
-2.8423,0.7863,1,1,true
1.4691,0.4567,0,0,true
-2.9152,-0.5392,1,1,true
0.3126,0.4234,0,0,true
-1.5282,2.8503,1,1,true
2.9152,3.4203,0,0,true
-0.6947,0.8655,1,1,true
-0.8455,1.7254,0,0,true
2.1555,-1.1736,0,0,true
2.4440,-3.3418,0,0,true
-1.8734,2.6453,1,1,true
0.5639,-1.9148,0,0,true
1.4163,-3.2457,0,0,true
1.1949,0.5615,0,0,true
-0.6340,0.6935,1,1,true
-0.0427,-0.6896,1,1,true
-0.4317,-1.1247,0,0,true
0.7567,-1.5753,0,0,true
-1.8967,1.4656,1,1,true
-2.7113,2.9227,1,1,true
1.3198,-3.5641,0,0,true
0.6568,2.2184,0,0,true
0.1368,0.6349,1,1,true
-0.6591,0.6420,1,1,true
0.5877,-1.3715,0,0,true
2.6687,-0.9259,1,1,true
1.8700,-1.9850,0,0,true
0.9009,3.3839,0,0,true
2.1025,2.7159,0,0,true
2.2226,-2.7605,0,0,true
1.4499,-2.1763,0,0,true
0.3239,1.8042,0,0,true
-1.2608,-3.3831,0,0,true
1.2924,-0.8991,1,1,true
-1.5250,1.4292,1,1,true
0.5442,3.8465,0,0,true
-0.1845,0.6304,1,1,true
2.6710,2.1771,0,0,true
-1.2059,1.8320,1,1,true
2.3437,2.3933,0,0,true
1.1196,-3.5007,0,0,true
2.7286,1.1516,0,0,true
0.7574,0.6943,0,0,true
1.9873,-0.4729,1,1,true
2.6964,-3.0715,0,0,true
-1.2811,0.0188,1,1,true
-1.2505,-3.6051,0,0,true
-2.0439,-0.8085,1,1,true
-0.4359,-1.8246,0,0,true
-1.4288,0.0478,1,1,true
0.5294,1.1427,0,0,true
-0.5511,-0.4453,1,1,true
-1.7316,2.7489,1,1,true
0.3804,3.9601,0,0,true
-2.9813,-1.2887,0,0,true
-2.6877,3.7760,1,1,true
-0.8025,0.6435,1,1,true
2.3844,-3.7733,0,0,true
1.2103,-1.2849,0,0,true
-0.0608,-3.4400,0,0,true
0.8659,0.8770,0,0,true
-2.6265,3.8648,1,1,true
-0.9796,3.4421,1,1,true
2.0975,2.6377,0,0,true
0.9676,-0.8472,1,1,true
-0.6386,0.6225,1,1,true
2.2734,1.6110,0,0,true
0.7617,-0.9838,1,1,true
1.0686,0.4741,0,0,true
-1.0630,-0.4893,1,1,true
1.0314,-2.2733,0,0,true
-2.2352,3.8337,1,1,true
1.6998,-3.2151,0,0,true
2.4300,0.4224,0,0,true
0.3193,-3.2780,0,0,true
-1.0918,1.1865,1,1,true
2.9250,-1.1653,0,0,true
1.2822,1.1897,0,0,true
0.1139,1.4545,0,0,true
1.2930,-0.2749,0,0,true
-1.0454,-0.5341,1,1,true
-0.5591,3.0010,0,0,true
2.0213,3.7814,0,0,true
-0.6176,3.1250,0,0,true
-0.5187,-3.0134,0,0,true
-0.1575,1.9150,0,0,true
-2.0776,-0.1138,1,1,true
-2.5510,-2.6769,0,0,true
0.2284,1.6611,0,0,true
-2.4034,-1.5944,0,0,true
1.1669,3.9001,0,0,true
2.7840,-2.4724,0,0,true
1.7378,-3.2150,0,0,true
-0.7113,2.1894,0,0,true
2.3939,0.7307,0,0,true
-1.5122,-0.0074,1,1,true
-0.4430,1.1813,1,1,true
-2.7082,0.5471,1,1,true
2.0376,0.3795,0,0,true
-0.7580,-2.4382,0,0,true
2.4714,-2.8811,0,0,true
-1.1765,-1.8733,0,0,true
-0.3575,-0.9223,1,1,true
1.1435,0.2344,0,0,true
-0.8210,1.0784,1,1,true
-2.9474,3.9921,1,1,true
0.0621,-1.2230,0,0,true
-0.0545,-3.6869,0,0,true
2.2899,3.0318,0,0,true
-1.3847,-3.1170,0,0,true
-0.1899,-3.4188,0,0,true
0.3672,-2.2455,0,0,true
-2.6339,1.2377,1,1,true
-0.1356,0.3243,1,1,true
2.0052,3.1952,0,0,true
2.4528,3.4207,0,0,true
-1.8875,-3.7358,0,0,true
0.3257,2.9776,0,0,true
1.3875,-0.2809,0,0,true
2.1854,-0.6384,1,1,true
0.7242,0.9994,0,0,true
-2.8912,1.9533,1,1,true
-2.8535,-1.6874,0,0,true
1.9112,3.2716,0,0,true
1.2426,0.7704,0,0,true
0.6855,-0.4525,0,0,true
1.1103,2.9435,0,0,true
2.4869,-3.7217,0,0,true
0.7336,1.3906,0,0,true
1.2928,2.9597,0,0,true
-1.7257,-0.5540,1,1,true
0.6813,1.9241,0,0,true
-2.3713,1.0837,1,1,true
1.7773,1.4301,0,0,true
1.1911,3.1607,0,0,true
0.9358,0.5604,0,0,true
-1.7740,3.7885,1,1,true
-1.7759,0.8728,1,1,true
-2.9512,-2.2810,0,0,true
-1.9396,-1.7718,0,0,true
-1.2163,0.2658,1,1,true
0.7298,0.6259,0,0,true
-1.5450,3.7156,1,1,true
0.5981,2.1469,0,0,true
1.3850,-1.3552,0,0,true
2.8563,0.8915,0,0,true
1.0762,-2.4634,0,0,true
1.4260,-3.1862,0,0,true
1.8288,-0.1636,1,1,true
-2.7404,0.1744,1,1,true
-2.7311,-0.6867,1,1,true
1.7054,-3.9798,0,0,true
2.3773,1.4397,0,0,true
1.0258,-1.4635,0,0,true
-2.7723,-0.3317,1,1,true
1.6516,2.0527,0,0,true
-1.4760,3.5871,1,1,true
-2.5728,-0.9197,1,1,true
2.7884,0.2133,0,0,true
-1.2757,-2.2864,0,0,true
2.6497,-1.2432,0,0,true
-1.6971,-1.0065,1,1,true
-0.1941,1.6400,0,0,true
-0.7814,-0.1273,1,1,true
-2.1834,3.6966,1,1,true
2.9465,-2.9852,0,0,true
-1.0338,2.9963,1,1,true
-2.7144,-0.4869,1,1,true
1.4026,1.7061,0,0,true
0.2237,2.4866,0,0,true
-1.8681,-2.6917,0,0,true
-0.3133,-0.4748,1,1,true
-2.0560,1.6196,1,1,true
-1.4225,-1.0082,1,1,true
-1.0823,-3.5172,0,0,true
-0.7608,0.8695,1,1,true
0.7453,-1.9331,0,0,true
2.4511,3.3680,0,0,true
-2.1133,-0.5727,1,1,true
2.2296,-3.7068,0,0,true
-0.6236,3.1349,0,0,true
-0.3014,-0.9130,1,1,true
0.2245,-1.5193,0,0,true
-0.0925,-0.8213,1,1,true
-1.7952,0.9607,1,1,true
-1.0218,-2.6222,0,0,true
2.6737,-2.6847,0,0,true
-1.4445,-3.7632,0,0,true
-0.2458,2.6638,0,0,true
1.9126,0.8856,0,0,true
-0.5850,3.8057,0,0,true
2.2307,-0.1087,1,1,true
1.8695,-2.6768,0,0,true
-2.6057,-3.7225,0,0,true
0.1605,0.5698,1,1,true
0.9464,3.0428,0,0,true
2.1044,-1.5902,0,0,true
-2.8927,-0.6782,1,1,true
-0.3426,-3.7608,0,0,true
-0.2733,-3.2859,0,0,true
-2.3951,0.4131,1,1,true
2.3844,-0.4257,1,1,true
2.4289,3.0815,0,0,true
1.0572,-0.5358,0,0,true
0.6459,-2.5457,0,0,true
0.8661,-1.8221,0,0,true
2.7563,-0.2280,1,1,true
2.6231,-3.5945,0,0,true
-1.3434,-1.7308,0,0,true
2.4531,-1.4842,0,0,true
-0.7954,-0.0287,1,1,true
2.0926,2.7783,0,0,true
-0.3233,1.0592,1,1,true
-0.1610,-2.8376,0,0,true
-0.4108,-3.7251,0,0,true
-1.7373,-1.0830,0,0,true
2.9262,-0.3394,1,1,true
1.3989,2.9333,0,0,true
0.1032,2.4857,0,0,true
-2.0042,-2.6872,0,0,true
-2.2669,-0.0643,1,1,true
2.9954,-1.8663,0,0,true
-2.0824,-2.1498,0,0,true
2.4983,1.3563,0,0,true
-2.0999,-0.8130,1,1,true
1.1705,3.2015,0,0,true
0.9539,1.2903,0,0,true
1.2537,-2.1509,0,0,true
2.6595,1.7347,0,0,true
-0.1702,-3.1971,0,0,true
1.3581,3.3890,0,0,true
1.8348,-2.9025,0,0,true
2.1130,2.2503,0,0,true
-2.9519,3.1373,1,1,true
2.9192,-0.0879,1,1,true
-1.4462,-1.5748,0,0,true
1.8136,-3.6307,0,0,true
-0.1881,0.3238,1,1,true
-1.2656,1.8054,1,1,true
0.3517,-2.6650,0,0,true
0.2856,-2.6556,0,0,true
-1.2980,1.8595,1,1,true
1.0337,-3.2289,0,0,true
-2.2101,-3.0983,0,0,true
-2.1068,-3.3930,0,0,true
2.8827,1.0357,0,0,true
-2.4571,-0.8372,1,1,true
-2.4699,-3.3869,0,0,true
-1.0268,0.5068,1,1,true
1.5634,2.4811,0,0,true
2.2943,-3.1845,0,0,true
1.8658,-2.1386,0,0,true
0.7838,-2.8812,0,0,true
-0.5518,-1.8409,0,0,true
0.7262,1.2130,0,0,true
-1.6602,0.0788,1,1,true
2.5737,-3.9258,0,0,true
2.9263,-3.6300,0,0,true
1.8223,2.7125,0,0,true
2.6309,-0.7212,1,1,true
-1.1300,-0.9033,1,1,true
-1.1953,-3.4707,0,0,true
2.3951,-1.8969,0,0,true
-0.8990,0.8901,1,1,true
1.4810,1.6453,0,0,true
2.4658,2.6110,0,0,true
2.4633,-3.1118,0,0,true
1.0495,1.7376,0,0,true
0.6014,-3.2604,0,0,true
-1.8195,2.5934,1,1,true
-0.4896,-0.2674,1,1,true
1.8229,1.5389,0,0,true
-2.9583,1.7191,1,1,true
-1.4211,3.0738,1,1,true
-1.5132,0.8920,1,1,true
2.7699,-0.1858,1,1,true
-1.2281,-2.3201,0,0,true
2.4824,-0.4856,1,1,true
-2.5496,-3.4458,0,0,true
0.5069,2.9077,0,0,true
-1.3114,-2.5370,0,0,true
1.7671,0.3418,0,0,true
-1.7653,0.4206,1,1,true
2.5024,0.4657,0,0,true
0.9051,0.7440,0,0,true
-0.8627,2.8829,0,0,true
2.8146,-1.3827,0,0,true
-0.5480,1.2805,1,1,true
-1.8096,-0.7215,1,1,true
-1.2908,3.1421,1,1,true
1.7507,1.2078,0,0,true
-1.9104,-1.9986,0,0,true
-1.7455,-3.1381,0,0,true
2.3899,-1.6141,0,0,true
-1.7760,-0.2093,1,1,true
2.9629,2.6316,0,0,true
0.3712,-2.4400,0,0,true
-1.4773,3.6967,1,1,true
2.2147,0.8344,0,0,true
-0.7890,-3.6634,0,0,true
-1.5973,1.4082,1,1,true
-1.8302,-2.7250,0,0,true
-2.2163,-2.7866,0,0,true
-2.7575,1.5432,1,1,true
-0.2525,0.4975,1,1,true
-1.5784,3.9674,1,1,true
-1.1070,-2.3355,0,0,true
0.3480,-1.6285,0,0,true
-1.5529,1.5255,1,1,true
0.4741,-2.5990,0,0,true
-0.2726,-3.4270,0,0,true
1.3113,-0.8105,1,1,true
-2.2298,2.7238,1,1,true
-2.5010,-2.0147,0,0,true
0.1121,-1.6232,0,0,true
-1.9770,-2.4894,0,0,true
2.4876,-0.4005,1,1,true
2.4511,3.4883,0,0,true
0.1102,2.5770,0,0,true
0.6089,-2.5206,0,0,true
-2.9024,-1.3939,0,0,true
-0.2367,2.8399,0,0,true
2.0310,0.8458,0,0,true
0.4799,-0.2489,1,1,true
-1.4613,-2.2409,0,0,true
0.2913,-2.9364,0,0,true
0.0002,-2.4298,0,0,true
0.6567,0.7745,0,0,true
1.0386,-2.7268,0,0,true
-1.4696,2.1366,1,1,true
-1.2142,3.6728,1,1,true
-0.0256,-2.1363,0,0,true
-2.8598,-0.9839,1,1,true
1.5099,-3.7952,0,0,true
-2.2109,0.1701,1,1,true
-1.8794,1.8013,1,1,true
-2.7306,-1.1350,0,0,true
2.6608,3.3770,0,0,true
1.6546,-3.8193,0,0,true
0.3180,1.0611,0,0,true
-2.3210,-1.5582,0,0,true
2.7062,3.5727,0,0,true
-1.1972,1.1421,1,1,true
-2.5402,-0.6282,1,1,true
0.7323,-3.2675,0,0,true
-2.7878,2.5970,1,1,true
2.5690,0.8111,0,0,true
2.2872,-1.8131,0,0,true
2.4261,-2.5637,0,0,true
-2.9169,1.7606,1,1,true
-2.4983,-2.1947,0,0,true
-0.2745,-3.2383,0,0,true
-1.3610,1.5653,1,1,true
1.6007,-3.7676,0,0,true
0.1949,1.4667,0,0,true
-0.2435,-0.4364,1,1,true
-0.9541,-3.6934,0,0,true
2.4838,-3.0140,0,0,true
-2.6284,0.8031,1,1,true
-2.7984,-0.4784,1,1,true
-1.1408,2.9206,1,1,true
0.2478,0.2371,1,1,true
-0.8855,-1.7160,0,0,true
-1.6859,-0.9911,1,1,true
-1.6779,-1.8285,0,0,true
0.2316,-2.1816,0,0,true
-0.8951,3.5544,0,0,true
-1.0668,-3.6614,0,0,true
-1.3636,1.5627,1,1,true
-0.2419,1.2217,1,1,true
-0.5959,-2.6174,0,0,true
0.5432,-2.4717,0,0,true
-1.5441,-3.7434,0,0,true
1.1550,-1.1783,0,0,true
0.2301,-2.1031,0,0,true
0.5753,-2.0501,0,0,true
0.2991,0.7008,1,1,true
1.2149,-3.9946,0,0,true
-1.4333,-1.1442,0,0,true
-0.3012,1.8740,0,0,true
0.0161,-2.9380,0,0,true
0.7843,-0.6222,0,0,true
1.8144,-2.1017,0,0,true
1.1750,-3.7010,0,0,true
1.3782,0.9628,0,0,true
-2.0240,-0.0615,1,1,true
-2.7497,2.6412,1,1,true
2.5078,-2.2635,0,0,true
-0.7585,3.9451,0,0,true
1.0947,-2.6581,0,0,true
0.3514,-1.9833,0,0,true
2.1394,3.9588,0,0,true
1.4175,-0.5149,0,0,true
2.3833,2.3930,0,0,true
-0.9656,-2.7696,0,0,true
2.0366,-0.1034,1,1,true
1.9592,3.4132,0,0,true
0.4950,0.5735,0,0,true
-2.7067,-2.3584,0,0,true
-2.6127,-0.9372,1,1,true
-1.6787,-0.7753,1,1,true
2.0577,-3.9906,0,0,true
-1.3973,-3.9667,0,0,true
-2.5670,1.1268,1,1,true
2.1882,-1.7427,0,0,true
-0.4242,-0.2148,1,1,true
1.6633,-1.0189,1,1,true
-1.9303,3.8300,1,1,true
0.4519,2.4296,0,0,true
0.9234,-0.7181,0,0,true
-0.8228,3.9691,0,0,true
-0.8994,0.9820,1,1,true
1.9941,3.3710,0,0,true
1.5706,3.7376,0,0,true
-1.9942,1.9913,1,1,true
2.9316,-1.5640,0,0,true
-1.8451,3.2867,1,1,true
-2.0505,2.7397,1,1,true
-1.8391,-0.0152,1,1,true
-1.5407,2.3188,1,1,true
-2.6033,-0.3375,1,1,true
2.3632,-3.5263,0,0,true
-1.6995,-1.5386,0,0,true
-1.4459,-2.2056,0,0,true
-1.5557,-2.3900,0,0,true
-1.0550,1.4832,1,1,true
-0.1040,-1.6521,0,0,true
-2.0381,-3.5085,0,0,true
-0.3471,3.4798,0,0,true
-2.1347,0.7143,1,1,true
-2.9166,0.3389,1,1,true
-1.8022,3.4687,1,1,true
-0.8798,-0.0213,1,1,true
-2.5375,2.0452,1,1,true
-1.9008,2.5139,1,1,true
-1.1072,-0.6212,1,1,true
-1.9053,2.5336,1,1,true
-0.5628,1.1165,1,1,true
-1.2013,-3.9925,0,0,true
-0.9972,-2.4800,0,0,true
-1.6678,2.1209,1,1,true
2.4060,-0.5101,1,1,true
1.2454,2.1945,0,0,true
-1.3660,-0.7378,1,1,true
1.2617,1.1519,0,0,true
-2.2847,-0.2251,1,1,true
-0.7693,-0.9440,1,1,true
0.8218,-3.8121,0,0,true
1.5101,3.3628,0,0,true
0.6611,3.3134,0,0,true
1.1948,-3.8279,0,0,true
-2.2151,0.1016,1,1,true
1.2172,-1.7003,0,0,true
2.3506,-0.0010,0,0,true
0.7490,-0.0902,0,0,true
0.2553,-0.6245,1,1,true
2.8024,1.3863,0,0,true
-0.4025,1.1300,1,1,true
-1.5244,3.7081,1,1,true
-1.9430,-3.5435,0,0,true
-1.6192,0.9234,1,1,true
0.6566,2.5403,0,0,true
2.7686,3.7250,0,0,true
-2.1765,0.3653,1,1,true
-1.3406,0.2101,1,1,true
-0.0727,-0.5430,1,1,true
-1.1913,-3.0794,0,0,true
2.6016,-1.2393,0,0,true
0.9828,3.3753,0,0,true
0.2377,-2.1136,0,0,true
0.8878,3.8439,0,0,true
1.8310,2.9246,0,0,true
-2.2198,3.9347,1,1,true
0.9761,3.5805,0,0,true
-1.9855,2.3822,1,1,true
1.5321,0.5202,0,0,true
-0.7660,-3.8791,0,0,true
0.1694,-3.0093,0,0,true
-0.1479,-0.1140,1,1,true
-0.1658,2.7374,0,0,true
-1.0054,-1.2464,0,0,true
2.3096,1.6992,0,0,true
0.3717,-1.9476,0,0,true
-0.3906,-0.7409,1,1,true
1.8376,3.1799,0,0,true
-1.5787,-2.7558,0,0,true
2.8150,-3.4979,0,0,true
-2.7481,1.4341,1,1,true
0.2969,3.2101,0,0,true
0.6559,-0.5697,1,1,true
-2.0186,2.9781,1,1,true
0.5614,1.8884,0,0,true
2.7787,-1.9373,0,0,true
0.8545,-3.7202,0,0,true
-1.9322,0.6886,1,1,true
-2.1402,2.5516,1,1,true
1.9266,-3.0739,0,0,true
0.6656,1.5029,0,0,true
-0.0881,-0.5985,1,1,true
-2.5700,-0.4233,1,1,true
-1.6000,1.1127,1,1,true
-2.1472,-0.7619,1,1,true
-2.5061,1.5696,1,1,true
0.7304,2.3423,0,0,true
-2.7027,1.1237,1,1,true
-0.5117,3.8164,0,0,true
0.2987,3.1193,0,0,true
2.2439,3.8145,0,0,true
2.3744,-2.3213,0,0,true
-2.0612,0.6857,1,1,true
0.0237,2.4752,0,0,true
-1.5915,-0.7309,1,1,true
1.0092,-1.4760,0,0,true
2.5067,-1.3050,0,0,true
-2.3603,2.2184,1,1,true
-1.8401,-0.8474,1,1,true
2.2506,3.8902,0,0,true
-2.5558,1.1549,1,1,true
-1.4431,-1.0983,0,0,true
-0.1332,3.2387,0,0,true
0.8987,-2.6230,0,0,true
-1.3399,-1.1419,0,0,true
-1.4363,-0.7975,1,1,true
-2.2644,3.8845,1,1,true
-1.8961,3.5626,1,1,true
1.2351,2.4211,0,0,true
-0.0801,0.8509,1,1,true
-1.9161,0.5733,1,1,true
-0.6842,3.8066,0,0,true
0.7670,-0.2762,0,0,true
1.3542,-2.0171,0,0,true
-1.7533,1.6036,1,1,true
-1.0436,3.1809,1,1,true
0.3783,-1.5201,0,0,true
0.1585,2.8430,0,0,true
2.6668,-2.9649,0,0,true
1.7725,0.7983,0,0,true
-2.8145,-2.1042,0,0,true
-0.9780,-1.9940,0,0,true
1.3511,1.9996,0,0,true
-2.5358,-3.9692,0,0,true
-0.5672,-0.5620,1,1,true
2.3619,3.3314,0,0,true
1.4071,-2.0182,0,0,true
-0.2759,0.7687,1,1,true
2.1621,2.7461,0,0,true
2.4578,-0.1428,1,1,true
-2.0437,-0.9256,1,1,true
1.5965,-2.8433,0,0,true
-2.5212,2.4129,1,1,true
1.3038,1.8770,0,0,true
0.5448,-1.1953,0,0,true
-2.2812,2.3259,1,1,true
-2.1902,-0.5718,1,1,true
-1.5793,3.4319,1,1,true
-1.1366,2.5362,1,1,true
1.0982,-1.9033,0,0,true
0.4417,1.5114,0,0,true
-0.2886,2.4019,0,0,true
1.4423,-0.4201,0,0,true
-1.0172,-3.6556,0,0,true
0.6228,1.5042,0,0,true
-0.2077,-2.0442,0,0,true
2.5194,-3.4268,0,0,true
-2.3631,3.5640,1,1,true
-0.1136,-1.4973,0,0,true
1.0695,-2.5095,0,0,true
-1.1704,0.9141,1,1,true
1.1888,-0.8496,1,1,true
-1.5097,2.6601,1,1,true
0.7277,1.9457,0,0,true
1.2902,-0.2800,0,0,true
-2.4095,0.4942,1,1,true
-0.2555,-2.2067,0,0,true
0.0005,-0.3999,1,1,true
-0.7436,0.7208,1,1,true
1.2839,0.0259,0,0,true
0.5319,1.4732,0,0,true
-0.6925,0.7919,1,1,true
-2.5250,2.8276,1,1,true
1.7005,1.6231,0,0,true
0.1867,1.8407,0,0,true
-0.4536,-3.9984,0,0,true
-0.0111,-3.2093,0,0,true
0.4465,-2.8869,0,0,true
-2.8271,0.1347,1,1,true
0.9639,-3.0465,0,0,true
1.9710,0.7705,0,0,true
2.8532,-3.9433,0,0,true
2.6426,1.5778,0,0,true
0.0584,2.5971,0,0,true
-2.9830,3.8756,1,1,true
0.5756,3.9353,0,0,true
1.5358,-0.4521,1,1,true
0.5087,2.6444,0,0,true
2.8570,1.1759,0,0,true
0.7189,1.3098,0,0,true
-1.3934,-0.3977,1,1,true
-1.1824,2.7659,1,1,true
0.9370,-0.8262,1,1,true
-0.5960,-0.8430,1,1,true
0.9956,-3.5100,0,0,true
0.3893,0.1141,0,0,true
-1.5892,3.0191,1,1,true
1.0427,-1.8649,0,0,true
2.8661,-2.5782,0,0,true
1.5524,2.3142,0,0,true
-2.7446,0.5075,1,1,true
-1.4667,-2.6040,0,0,true
-0.2321,-0.4177,1,1,true
-2.4533,-1.6565,0,0,true
1.4920,-0.8365,1,1,true
-0.1637,-1.3050,0,0,true
-1.8308,-0.2557,1,1,true
-0.0010,-1.7795,0,0,true
2.9933,1.0205,0,0,true
-2.6759,-2.3399,0,0,true
-2.0327,1.8370,1,1,true
2.7354,-3.9411,0,0,true
-2.7239,2.5017,1,1,true
-2.1202,-3.0113,0,0,true
-1.9650,0.1002,1,1,true
2.4089,2.0586,0,0,true
0.4458,-1.0850,0,0,true
0.7798,3.5399,0,0,true
-1.1709,3.0194,1,1,true
0.2614,2.3464,0,0,true
2.7677,1.5351,0,0,true
-2.9951,-3.2629,0,0,true
0.0081,-2.5244,0,0,true
-1.0297,3.0472,1,1,true
-0.0320,-0.1887,1,1,true
2.5262,-0.9235,1,1,true
-0.0281,3.6347,0,0,true
-2.1742,-1.1413,0,0,true
-1.1608,2.0357,1,1,true
2.4717,3.4368,0,0,true
2.8888,-1.6794,0,0,true
-2.4852,-3.4786,0,0,true
2.0761,1.8515,0,0,true
-1.0745,-0.1826,1,1,true
0.2140,-2.7054,0,0,true
-1.0633,-2.5607,0,0,true
2.7574,-1.1420,0,0,true
-1.4217,-0.4932,1,1,true
-2.2759,-3.2766,0,0,true
0.7362,0.3388,0,0,true
-1.9001,0.2544,1,1,true
-1.9549,1.6922,1,1,true
-0.5644,3.8475,0,0,true
1.5179,2.3700,0,0,true
1.7561,-2.1051,0,0,true
-1.8435,3.8361,1,1,true
-1.3395,-1.8149,0,0,true
0.0041,3.0329,0,0,true
1.7137,-2.6250,0,0,true
2.2509,1.6882,0,0,true
-0.2292,2.9854,0,0,true
1.4694,-3.2654,0,0,true
1.8823,-2.3497,0,0,true
-0.9308,0.4849,1,1,true
-0.4732,-2.1608,0,0,true
1.5007,-3.0734,0,0,true
2.1384,-0.2431,1,1,true
-1.7338,0.6098,1,1,true
0.0804,2.9257,0,0,true
0.9916,2.6533,0,0,true
-2.1667,-0.3465,1,1,true
-0.7004,1.3315,0,0,true
-2.2775,-2.1512,0,0,true
0.9577,0.7432,0,0,true
-2.1682,-0.1023,1,1,true
2.2943,-0.7216,1,1,true
-2.2775,-1.4768,0,0,true
2.9756,3.5886,0,0,true
-1.0816,-3.8946,0,0,true
-1.9509,-3.5777,0,0,true
-1.7909,-3.3599,0,0,true
2.2355,-0.3738,1,1,true
-0.7853,-2.2878,0,0,true
-2.3680,3.9653,1,1,true
-0.7742,0.7870,1,1,true
1.9260,-1.7735,0,0,true
1.8642,-2.5163,0,0,true
1.7681,-0.1172,1,1,true
-0.4571,3.3340,0,0,true
2.0797,-3.6101,0,0,true
-2.3754,-2.7645,0,0,true
-1.0902,2.2905,1,1,true
1.0800,-2.4047,0,0,true
2.9087,-1.7034,0,0,true
1.8899,-3.2822,0,0,true
-1.8562,-3.1585,0,0,true
1.9364,-1.6581,0,0,true
-2.0805,1.8262,1,1,true
2.3429,-0.2959,1,1,true
0.9195,-3.1182,0,0,true
0.4759,-0.5207,1,1,true
2.0402,-1.5133,0,0,true
2.2320,3.9397,0,0,true
2.2913,-2.7028,0,0,true
-0.0004,-3.6705,0,0,true
-0.7777,3.4162,0,0,true
-2.8958,1.2317,1,1,true
-0.4677,-2.7959,0,0,true
-0.1960,1.7900,0,0,true
-2.5513,-3.6704,0,0,true
2.5849,2.3015,0,0,true
2.4717,3.5665,0,0,true
0.8410,1.4835,0,0,true
1.6954,1.2075,0,0,true
2.7840,1.5838,0,0,true
-2.0608,-0.0421,1,1,true
1.4017,1.0346,0,0,true
2.0309,1.6171,0,0,true
-1.9601,-0.1348,1,1,true
1.0084,-1.8974,0,0,true
-1.7991,0.5317,1,1,true
0.8581,3.0688,0,0,true
-0.3623,2.8680,0,0,true
1.7666,-1.6393,0,0,true
2.7745,-0.4257,1,1,true
0.5605,1.4091,0,0,true
0.0243,0.7596,1,1,true
0.3599,-2.1765,0,0,true
1.4231,2.8968,0,0,true
2.5097,2.4585,0,0,true
0.7949,2.6141,0,0,true
2.9283,-2.5859,0,0,true
2.9706,-0.9022,1,1,true
-0.8529,-1.4628,0,0,true
1.4694,1.2955,0,0,true
-1.2004,-0.1159,1,1,true
-1.4539,-3.3869,0,0,true
-0.1629,0.5594,1,1,true
-1.8352,-3.4894,0,0,true
2.7860,-2.0482,0,0,true
-1.5458,2.0094,1,1,true
-2.9669,1.9241,1,1,true
-0.6726,2.0267,0,0,true
0.8642,3.3390,0,0,true
0.9341,1.3237,0,0,true
1.1385,2.6858,0,0,true
-2.2888,-3.7536,0,0,true
1.2951,2.2392,0,0,true
-1.5919,3.8123,1,1,true
0.6528,0.3827,0,0,true
2.9239,0.0159,0,0,true
-1.1947,0.0767,1,1,true
-0.1419,3.1174,0,0,true
1.8871,-0.6827,1,1,true
1.5448,-0.9886,1,1,true
-2.5418,-0.4991,1,1,true
-0.7201,2.4663,0,0,true
-2.2291,0.3558,1,1,true
-2.9915,-1.8479,0,0,true
2.0615,1.4055,0,0,true
2.8816,3.5353,0,0,true
-2.8312,-2.0272,0,0,true
-1.8288,2.7806,1,1,true
2.3568,-0.0147,0,0,true
-2.6379,0.7950,1,1,true
2.2957,1.3343,0,0,true
1.6210,-0.7538,1,1,true
2.9653,-1.3403,0,0,true
0.7875,1.2960,0,0,true
-1.1215,2.1701,1,1,true
0.2295,3.3377,0,0,true
0.6803,0.6226,0,0,true
1.8779,-0.3302,1,1,true
-2.4410,2.9479,1,1,true
2.7895,3.8112,0,0,true
0.5689,2.3671,0,0,true
0.3223,1.0140,0,0,true
1.7639,3.7415,0,0,true
2.9387,-0.8169,1,1,true
-2.3833,1.2966,1,1,true
-0.3676,-0.6976,1,1,true
-1.2385,3.2812,1,1,true
-2.9238,-1.3929,0,0,true
0.2254,-1.8092,0,0,true
-2.9293,3.3901,1,1,true
-0.6109,-1.1322,0,0,true
0.9671,-2.5058,0,0,true
-2.1232,3.1909,1,1,true
1.9277,2.5990,0,0,true
-2.3329,2.1473,1,1,true
-1.2382,3.6687,1,1,true
1.7314,3.5794,0,0,true
-0.1086,-2.0423,0,0,true
-2.5858,-0.4721,1,1,true
1.6769,-0.3778,1,1,true
0.9839,-0.8778,1,1,true
1.9000,2.4292,0,0,true
-0.2675,2.3761,0,0,true
0.1220,-2.5994,0,0,true
1.6331,2.7731,0,0,true
-1.7251,-0.9321,1,1,true
-2.5004,2.6444,1,1,true
1.8202,-3.7701,0,0,true
0.3794,0.0856,0,0,true
-2.8223,0.4347,1,1,true
2.2213,2.2789,0,0,true
-0.8396,3.1796,0,0,true
1.1049,2.4947,0,0,true
-2.1363,-0.6729,1,1,true
2.5523,2.6052,0,0,true
1.3992,-3.7367,0,0,true
2.4648,-1.8466,0,0,true
0.2834,-0.6895,1,1,true
2.1419,1.1892,0,0,true
2.4255,2.7455,0,0,true
0.8480,2.9365,0,0,true
-2.2868,-0.6566,1,1,true
-0.8457,3.8336,0,0,true
-0.8332,-1.3205,0,0,true
-1.6676,2.6323,1,1,true
-1.6020,-0.0594,1,1,true
-2.9350,-0.8147,1,1,true
1.2465,-1.0333,0,0,true
-2.9285,3.9355,1,1,true
-2.7711,3.5261,1,1,true
0.1123,-3.1016,0,0,true
1.8158,-3.5225,0,0,true
1.5573,0.0725,0,0,true
1.5004,-1.6823,0,0,true
2.7558,-0.8967,1,1,true
-1.4695,0.1702,1,1,true
-1.5546,-1.4199,0,0,true
0.0858,-2.9231,0,0,true
1.3080,-3.7099,0,0,true
-0.1058,-1.5175,0,0,true
-1.8372,3.3033,1,1,true
-2.5474,0.3908,1,1,true
2.3823,-0.7519,1,1,true
1.7286,-2.1461,0,0,true
-2.9186,-3.0483,0,0,true
-0.8281,-1.5501,0,0,true
-0.0218,3.8381,0,0,true
-0.4597,1.6928,0,0,true
0.7924,2.0382,0,0,true
-0.5716,-1.1265,0,0,true
-2.8102,2.8273,1,1,true
2.9901,-0.6612,1,1,true
1.7404,-0.3783,1,1,true
2.3648,-0.5781,1,1,true
0.5135,-1.2898,0,0,true
-0.4240,1.4898,0,0,true
-1.6161,2.3184,1,1,true
-2.6371,1.5332,1,1,true
-2.3856,3.4578,1,1,true
0.7905,1.6358,0,0,true
2.5493,-3.3188,0,0,true
-0.2340,2.0086,0,0,true
-2.7177,-2.7890,0,0,true
-1.2912,0.7879,1,1,true
-1.8004,-3.5748,0,0,true
0.8819,0.3763,0,0,true
2.8375,1.2448,0,0,true
-1.8523,-3.0231,0,0,true
-0.6250,-0.6342,1,1,true
1.9272,-3.2105,0,0,true
-1.1534,2.7272,1,1,true
-1.7215,-0.6379,1,1,true
-0.9655,-1.8380,0,0,true
-0.1032,-1.7759,0,0,true
0.2897,-0.4168,1,1,true
-2.0934,1.9145,1,1,true
1.5494,-2.7913,0,0,true
1.0573,-1.4658,0,0,true
0.7540,-3.2265,0,0,true
0.9311,3.8805,0,0,true
1.8805,1.0732,0,0,true
1.5697,-1.9494,0,0,true
0.4828,-1.4458,0,0,true
-1.0627,-1.6655,0,0,true
-0.1987,0.1424,1,1,true
0.1618,-2.5858,0,0,true
0.7138,0.9134,0,0,true
1.3054,1.7634,0,0,true
-1.4690,0.8381,1,1,true
2.1898,-0.6317,1,1,true
0.2205,-3.7502,0,0,true
2.0294,-2.6931,0,0,true
-1.0157,2.3579,1,1,true
0.2089,-3.4181,0,0,true
-1.9506,3.1420,1,1,true
1.4061,3.1619,0,0,true
1.5592,1.4995,0,0,true
-1.5103,-0.3359,1,1,true
2.9266,-2.5142,0,0,true
0.9179,-3.8935,0,0,true
1.7575,-3.1644,0,0,true
-2.7238,-1.7568,0,0,true
2.1231,-3.8391,0,0,true
1.7681,2.0496,0,0,true
-1.4708,-2.0057,0,0,true
-0.7631,-0.7158,1,1,true
-2.3221,3.9652,1,1,true
2.4470,-2.5137,0,0,true
-2.2507,-0.9055,1,1,true
0.2215,-3.2269,0,0,true
2.8877,3.9163,0,0,true
1.9439,-3.7918,0,0,true
-0.9392,-1.2842,0,0,true
-2.6218,-1.0133,1,1,true
-2.7829,-2.9435,0,0,true
1.0546,2.1117,0,0,true
-0.8226,3.1414,0,0,true
-1.2207,-2.8718,0,0,true
-2.5543,-3.8302,0,0,true
1.9822,-0.3488,1,1,true
-0.4501,0.2632,1,1,true
-1.3944,-2.7808,0,0,true
0.3319,1.9744,0,0,true
-1.3369,1.8734,1,1,true
-2.6324,-0.2993,1,1,true
-2.8415,0.2124,1,1,true
2.2113,1.0131,0,0,true
2.1370,3.8099,0,0,true
0.1971,-0.1194,1,1,true
0.6369,0.6019,0,0,true
-2.4884,1.0134,1,1,true
0.1788,-2.0475,0,0,true
-1.6116,-2.2682,0,0,true
2.2316,-2.6064,0,0,true
0.3217,1.6385,0,0,true
1.6041,-1.2385,0,0,true
-2.5913,1.7168,1,1,true
-0.4831,-1.6622,0,0,true
-0.2630,0.6764,1,1,true
0.1279,-2.7785,0,0,true
0.9151,1.8511,0,0,true
0.3360,0.5664,0,0,true
1.2026,-0.7722,0,0,true
-2.2548,1.7327,1,1,true
2.4518,0.9785,0,0,true
2.6196,1.9324,0,0,true
-2.1573,0.9848,1,1,true
-0.7293,1.4243,0,0,true
-2.1143,3.0860,1,1,true
-1.4827,-0.7038,1,1,true
-0.0979,1.7523,0,0,true
-0.2409,-0.9225,1,1,true
1.7286,1.3277,0,0,true
2.1576,-3.0473,0,0,true
2.7221,-0.4950,1,1,true
2.3387,-0.2110,1,1,true
-1.5076,1.8551,1,1,true
-0.4318,2.5652,0,0,true
-1.1353,-0.2474,1,1,true
1.7883,-0.9224,1,1,true
2.4139,2.9934,0,0,true
2.4377,2.9320,0,0,true
-2.0565,2.4812,1,1,true
-2.7805,2.6053,1,1,true
-0.6864,1.8917,0,0,true
-1.5880,-3.7010,0,0,true
0.4398,-0.7697,1,1,true
2.8698,-0.2168,1,1,true
-1.8374,3.8701,1,1,true
-0.0722,-1.3987,0,0,true
-0.8164,-2.7519,0,0,true
2.9857,2.5129,0,0,true
-0.4062,3.6376,0,0,true
-2.8141,-3.5002,0,0,true
-1.6299,0.4504,1,1,true
2.0613,-3.3245,0,0,true
-2.7679,-0.4517,1,1,true
-0.4284,-0.3068,1,1,true
-2.5485,-0.8572,1,1,true
-0.9598,-2.2379,0,0,true
0.9730,3.8164,0,0,true
-2.1592,-1.1956,0,0,true
-0.0281,-1.2234,0,0,true
2.0618,-0.2696,1,1,true
-1.2572,1.8331,1,1,true
-0.6784,1.8670,0,0,true
-2.0198,-3.5934,0,0,true
1.9691,3.3978,0,0,true
0.8158,3.8946,0,0,true
2.8157,0.0554,0,0,true
-0.0786,0.2867,1,1,true
2.3162,-0.6300,1,1,true
-0.3544,0.0283,1,1,true
-2.8370,-1.6468,0,0,true
-0.5973,3.9187,0,0,true
-0.8954,1.9207,0,0,true
2.2572,-2.4894,0,0,true
-0.8393,-3.5162,0,0,true
-2.7628,3.2112,1,1,true
0.4561,-3.3034,0,0,true
-2.3917,0.4027,1,1,true
2.5151,0.9321,0,0,true
0.7373,2.5123,0,0,true
2.8699,-2.6634,0,0,true
1.8817,-2.7506,0,0,true
-0.4375,0.8795,1,1,true
-2.5966,-1.2914,0,0,true
-0.5802,2.1802,0,0,true
-2.4209,-0.6338,1,1,true
-0.0239,-0.2135,1,1,true
1.2206,-1.6739,0,0,true
1.2327,3.5381,0,0,true
-0.4023,-3.7139,0,0,true
-2.8816,1.3255,1,1,true
-2.0765,-1.0171,1,1,true
1.5764,3.7920,0,0,true
-0.9040,2.7599,0,0,true
-2.8433,-2.3290,0,0,true
-2.3765,-3.0457,0,0,true
-1.9505,-2.7584,0,0,true
-2.5523,1.2340,1,1,true
2.6337,-1.8561,0,0,true
-2.2113,2.8853,1,1,true
2.5020,-2.4794,0,0,true
0.4085,0.9987,0,0,true
-1.4439,3.8826,1,1,true
1.9550,3.9859,0,0,true
-0.0510,1.8461,0,0,true
0.1840,-1.9997,0,0,true
-2.0117,2.4858,1,1,true
-1.8559,-1.3078,0,0,true
-2.9704,-1.0153,1,1,true
2.8258,-3.8711,0,0,true
1.6071,2.6885,0,0,true
2.1682,-2.9678,0,0,true
-2.1508,2.1507,1,1,true
-0.2829,-1.4189,0,0,true
2.4498,-2.7192,0,0,true
0.8240,0.5576,0,0,true
-0.3075,-0.6844,1,1,true
-1.6807,0.7228,1,1,true
-0.7368,-2.5178,0,0,true
-2.7362,2.0405,1,1,true
-2.0779,-2.5801,0,0,true
2.8445,-3.9354,0,0,true
-1.3442,3.4849,1,1,true
0.2638,0.4186,1,1,true
1.9100,0.3019,0,0,true
-0.6736,0.8079,1,1,true
2.6109,-3.4646,0,0,true
1.9710,0.6278,0,0,true
-2.7153,-0.4495,1,1,true
-1.5107,2.3465,1,1,true
-1.1622,1.5326,1,1,true
2.3973,2.8615,0,0,true
-0.8126,-3.6110,0,0,true
0.4642,-3.4927,0,0,true
2.0248,0.4093,0,0,true
2.3161,-3.0928,0,0,true
0.0970,3.0700,0,0,true
2.0040,-0.1477,1,1,true
1.1202,-3.9540,0,0,true
1.9888,0.0181,0,0,true
-2.1509,-3.9988,0,0,true
-2.7276,2.5503,1,1,true
-2.1510,1.1329,1,1,true
1.9267,-0.8517,1,1,true
-0.8800,2.5013,0,0,true
2.5904,1.2641,0,0,true
-2.0514,0.5671,1,1,true
-2.4828,-1.4261,0,0,true
-1.2673,2.3983,1,1,true
2.8393,2.4884,0,0,true
-0.3021,0.6408,1,1,true
2.1524,0.7522,0,0,true
-2.0563,-0.1186,1,1,true
1.8621,3.2333,0,0,true
-0.9683,2.2054,0,0,true
1.2390,-1.4572,0,0,true
0.3503,-1.8922,0,0,true
2.2092,2.4589,0,0,true
-0.8202,-1.1906,0,0,true
-1.8178,1.8195,1,1,true
2.5199,-1.2776,0,0,true
-0.8810,-2.6280,0,0,true
-0.2950,0.8372,1,1,true
-2.3668,-1.6773,0,0,true
-1.4068,-3.2779,0,0,true
-0.4852,-3.6726,0,0,true
2.1357,1.3103,0,0,true
0.3270,-2.3489,0,0,true
-0.0737,2.0265,0,0,true
1.4320,2.2713,0,0,true
-1.0715,2.0652,1,1,true
0.4602,-1.9515,0,0,true
-1.4218,2.4138,1,1,true
-0.1955,-3.5906,0,0,true
-0.0788,-2.4847,0,0,true
2.2545,-1.5393,0,0,true
-2.7828,-2.2248,0,0,true
1.0020,-2.1626,0,0,true
-2.2640,-3.0675,0,0,true
1.3184,-0.0497,0,0,true
1.0893,-0.3639,0,0,true
-1.7818,-3.9112,0,0,true
-0.1903,1.4762,0,0,true
2.1201,-0.6690,1,1,true
1.5092,1.2679,0,0,true
-1.6097,-3.6011,0,0,true
-2.2272,-3.1929,0,0,true
-1.5705,2.8654,1,1,true
-2.8256,-2.6529,0,0,true
-1.4391,0.2823,1,1,true
0.9129,-1.7939,0,0,true
-0.7373,-3.4261,0,0,true
2.3257,-3.4556,0,0,true
2.6643,-0.4528,1,1,true
0.4293,-1.0831,0,0,true
-0.3427,2.8682,0,0,true
-0.4387,-0.8770,1,1,true
2.0576,-3.3815,0,0,true
2.5633,-2.7936,0,0,true
1.6631,-0.7579,1,1,true
-0.5923,-2.7113,0,0,true
0.1690,3.0711,0,0,true
1.0246,2.1164,0,0,true
0.1598,1.6734,0,0,true
0.1293,2.6250,0,0,true
2.6869,-1.7389,0,0,true
-2.9077,1.1168,1,1,true
0.0203,0.9300,1,1,true
1.4037,-2.4522,0,0,true
2.5728,0.2327,0,0,true
0.1767,-0.8576,1,1,true
-0.4456,1.4999,0,0,true
1.5876,0.9943,0,0,true
-2.8744,-3.1834,0,0,true
1.3075,2.3791,0,0,true
-2.8685,-2.8085,0,0,true
1.0947,-1.5332,0,0,true
-2.6254,2.9638,1,1,true
0.4562,2.5954,0,0,true
-0.0262,-0.7515,1,1,true
1.6717,0.9859,0,0,true
-2.2159,2.3021,1,1,true
-0.9963,0.5010,1,1,true
0.4359,-0.7263,1,1,true
0.0595,-0.1076,1,1,true
-0.0724,-2.5316,0,0,true
0.7607,0.1723,0,0,true
-2.3725,3.1441,1,1,true
-2.8332,2.5449,1,1,true
1.3359,1.2362,0,0,true
-2.4414,2.8882,1,1,true
-0.6307,-3.7033,0,0,true
-0.6527,-0.1403,1,1,true
1.9655,-3.8511,0,0,true
-2.0787,2.6962,1,1,true
-2.4704,-1.8424,0,0,true
-2.9649,1.0822,1,1,true
-0.8260,1.5146,0,0,true
2.2392,1.0043,0,0,true
1.9030,-0.7945,1,1,true
-1.8112,-3.2101,0,0,true
-0.8747,1.3726,0,0,true
2.0747,1.6928,0,0,true
-1.4824,-3.5909,0,0,true
-1.9029,-1.1500,0,0,true
-0.7324,2.5233,0,0,true
-0.2199,2.3973,0,0,true
-0.8064,-2.9381,0,0,true
-1.4491,1.2868,1,1,true
-0.2850,-0.6831,1,1,true
-2.7127,0.7211,1,1,true
1.9449,2.9794,0,0,true
1.7338,-2.5515,0,0,true
-2.1513,3.6123,1,1,true
2.4455,-2.6973,0,0,true
0.9429,-1.2275,0,0,true
2.5316,-0.1502,1,1,true
1.5438,1.2289,0,0,true
1.3423,-1.7864,0,0,true
-1.2299,2.9073,1,1,true
2.3841,3.6533,0,0,true
-1.9424,-3.3681,0,0,true
-1.1300,-0.0784,1,1,true
-2.3722,3.7129,1,1,true
2.4732,3.1105,0,0,true
0.0870,2.4305,0,0,true
2.8481,-2.3391,0,0,true
-1.2594,-2.7769,0,0,true
2.8736,3.1935,0,0,true
2.2821,1.2438,0,0,true
-1.3994,1.9271,1,1,true
0.7843,-1.5954,0,0,true
1.6325,1.6017,0,0,true
-2.2787,-1.9709,0,0,true
2.7675,-3.6221,0,0,true
-0.1685,1.2499,0,0,true
0.1991,-3.8021,0,0,true
-1.4963,0.2878,1,1,true
-0.1922,3.6420,0,0,true
0.8113,-1.0376,0,0,true
1.2683,0.1708,0,0,true
-0.8863,-2.0897,0,0,true
-2.8426,-3.9358,0,0,true
-2.5118,1.2474,1,1,true
1.5522,3.1543,0,0,true
1.1079,0.2099,0,0,true
-1.2331,-0.2622,1,1,true
0.9154,3.2112,0,0,true
2.8269,-2.7916,0,0,true
-2.2551,0.2873,1,1,true
1.4015,-0.9069,1,1,true
-0.4542,-1.9498,0,0,true
1.6227,-0.1497,1,1,true
1.5002,1.6688,0,0,true
1.7502,3.6791,0,0,true
-2.9916,2.8156,1,1,true
1.2226,-3.9154,0,0,true
-0.8266,-1.7810,0,0,true
0.8607,-3.1811,0,0,true
-0.5751,-0.6323,1,1,true
-2.1637,-3.0222,0,0,true
-1.0633,-3.4577,0,0,true
2.2648,-1.3772,0,0,true
2.3553,0.2923,0,0,true
1.0064,-1.4853,0,0,true
1.2055,3.5187,0,0,true
2.0873,0.2743,0,0,true
-1.1519,-2.0990,0,0,true
1.6099,3.7373,0,0,true
0.2455,-3.9804,0,0,true
-1.6093,1.3707,1,1,true
1.2971,-2.5252,0,0,true
-0.0458,2.1175,0,0,true
1.1885,1.9488,0,0,true
1.3193,-0.4334,0,0,true
1.6955,-3.3622,0,0,true
-1.5880,3.1165,1,1,true
0.7405,0.7588,0,0,true
0.2414,-3.3351,0,0,true
-2.5349,-3.2526,0,0,true
-2.0012,2.0947,1,1,true
-1.3604,1.5286,1,1,true
-2.9298,0.2203,1,1,true
2.5006,-2.5110,0,0,true
-2.5550,-3.7683,0,0,true
1.5756,-3.3447,0,0,true
0.0119,2.6361,0,0,true
-0.1161,-2.8899,0,0,true
2.2396,-3.7949,0,0,true
2.0595,0.7845,0,0,true
0.5017,0.1796,0,0,true
-0.2287,0.4651,1,1,true
0.0066,2.5627,0,0,true
0.8491,2.2861,0,0,true
-0.3809,2.3381,0,0,true
0.8295,-1.3472,0,0,true
0.6744,0.3677,0,0,true
-0.8715,3.5940,0,0,true
-1.0387,1.3013,1,1,true
-1.5038,-1.4974,0,0,true
0.6753,-0.4266,1,1,true
-0.1357,-2.5145,0,0,true
-1.1286,-3.7200,0,0,true
2.7443,2.2580,0,0,true
-0.0138,1.6952,0,0,true
-0.1974,1.5258,0,0,true
0.5710,-3.9015,0,0,true
1.9934,2.8356,0,0,true
0.3769,3.9733,0,0,true
2.3152,1.6140,0,0,true
-0.9011,-3.7704,0,0,true
-2.5279,-2.9283,0,0,true
-1.2302,-0.1401,1,1,true
0.9461,-2.2371,0,0,true
-1.1568,-1.1433,0,0,true
-2.5702,-2.5831,0,0,true
-1.3121,-1.5381,0,0,true
-1.3489,1.2235,1,1,true
2.8056,-3.5183,0,0,true
-2.2859,-1.6746,0,0,true
-0.8385,0.7239,1,1,true
0.8538,0.9469,0,0,true
1.9898,-0.4322,1,1,true
-1.1300,2.9829,1,1,true
-0.9882,0.5016,1,1,true
2.6430,2.6650,0,0,true
2.7465,2.5283,0,0,true
2.6166,-3.0840,0,0,true
2.6703,0.7960,0,0,true
0.2538,-0.8222,1,1,true
-0.7909,3.0893,0,0,true
-1.0736,3.9410,1,1,true
-1.5101,3.4045,1,1,true
1.2079,2.7868,0,0,true
-2.8752,1.0734,1,1,true
-0.6668,3.5799,0,0,true
0.7491,3.2670,0,0,true
0.0658,-1.0665,1,1,true
-1.6480,1.2163,1,1,true
2.0923,-0.5332,1,1,true
-0.3089,3.7419,0,0,true
1.9188,-2.5212,0,0,true
1.3845,-2.9353,0,0,true
2.6734,2.7710,0,0,true
2.4227,3.2495,0,0,true
1.4151,-2.6193,0,0,true
0.4700,-2.7455,0,0,true
0.7963,0.6260,0,0,true
-1.1691,2.5215,1,1,true
-2.8234,3.8327,1,1,true
2.9223,0.9032,0,0,true
-0.7672,3.1167,0,0,true
1.2978,-0.9332,1,1,true
-0.5423,-0.7451,1,1,true
1.7150,-0.7883,1,1,true
-1.9166,-3.3041,0,0,true
1.0754,-1.2717,0,0,true
2.7921,2.9492,0,0,true
-2.8921,3.9403,1,1,true
-1.5228,-0.7824,1,1,true
-0.0640,0.3019,1,1,true
-0.6039,0.4405,1,1,true
-2.0802,-0.4879,1,1,true
0.5697,-3.8504,0,0,true
-0.2707,2.1870,0,0,true
-1.9584,1.5645,1,1,true
1.9648,3.1044,0,0,true
1.6733,-1.3274,0,0,true
-1.8431,0.6994,1,1,true
1.3624,1.5066,0,0,true
1.3580,-1.1609,0,0,true
-1.0719,1.8208,1,1,true
1.4267,-2.2019,0,0,true
-0.9375,3.9203,0,0,true
2.9894,-3.3031,0,0,true
-2.6074,-2.6658,0,0,true
1.8702,-0.9992,1,1,true
1.5117,-3.2934,0,0,true
-1.2711,-0.5870,1,1,true
-1.1400,-3.7196,0,0,true
0.8476,-3.6432,0,0,true
1.0410,-1.6215,0,0,true
0.0555,-2.1253,0,0,true
1.8489,0.6858,0,0,true
-1.8074,-1.2102,0,0,true
0.5143,1.5075,0,0,true
-2.4916,3.0992,1,1,true
0.1093,2.6199,0,0,true
1.9595,0.0035,0,0,true
-2.0797,-1.3625,0,0,true
-0.5581,-1.6123,0,0,true
1.7659,0.4282,0,0,true
0.4195,0.7634,0,0,true
1.6652,2.9293,0,0,true
-0.8092,-1.9836,0,0,true
-1.1446,-3.7805,0,0,true
2.9584,3.0619,0,0,true
1.5382,2.4955,0,0,true
2.9427,2.5766,0,0,true
0.4595,0.1715,0,0,true
2.8213,-3.9637,0,0,true
-0.8678,2.6072,0,0,true
0.7207,-2.7120,0,0,true
1.8263,2.9947,0,0,true
1.6679,1.1594,0,0,true
-1.7506,2.8536,1,1,true
-0.9436,1.3884,0,0,true
2.5464,-1.6409,0,0,true
0.6899,1.1876,0,0,true
2.1932,1.1366,0,0,true
1.2991,0.2057,0,0,true
-1.1584,1.2640,1,1,true
-1.1283,1.1385,1,1,true
-2.7279,2.5649,1,1,true
2.8213,3.1961,0,0,true
-0.5573,2.5947,0,0,true
-0.3851,-1.3929,0,0,true
1.0798,1.9402,0,0,true
1.1171,-0.0529,0,0,true
-1.5435,-0.5991,1,1,true
-1.9272,2.8374,1,1,true
1.7219,1.9363,0,0,true
-0.4736,-0.0647,1,1,true
2.4241,0.2610,0,0,true
-1.9101,0.7516,1,1,true
2.4311,-0.8692,1,1,true
-2.1329,2.5362,1,1,true
2.2978,0.3548,0,0,true
0.3903,2.9506,0,0,true
1.0327,-2.5499,0,0,true
0.1453,1.8182,0,0,true
-1.6105,0.1642,1,1,true
-2.7371,2.4020,1,1,true
-0.1836,-0.0029,1,1,true
2.7456,3.7888,0,0,true
-0.0893,1.8516,0,0,true
-1.2324,2.8556,1,1,true
-0.3297,-2.3298,0,0,true
1.2255,3.1578,0,0,true
1.4805,-3.3333,0,0,true
-2.0237,3.0904,1,1,true
-0.3705,2.5753,0,0,true
-2.7846,-2.8865,0,0,true
-0.3770,2.0229,0,0,true
-1.9993,0.8009,1,1,true
-0.7545,1.1623,1,1,true
-1.3115,3.9802,1,1,true
-1.9350,0.3512,1,1,true
1.0399,0.4002,0,0,true
0.9462,3.6192,0,0,true
-2.5219,3.6290,1,1,true
1.4248,-2.8851,0,0,true
2.3670,2.0457,0,0,true
-1.2173,-3.0595,0,0,true
-1.5203,3.8937,1,1,true
2.1997,0.3979,0,0,true
2.3800,3.2657,0,0,true
1.7442,1.7708,0,0,true
-0.9686,1.2425,0,0,true
-1.7257,-1.8689,0,0,true
2.2432,1.2967,0,0,true
-0.3246,2.5594,0,0,true
-0.1088,-3.7000,0,0,true
0.9149,3.0206,0,0,true
-0.1009,2.0358,0,0,true
1.0395,-1.1411,0,0,true
-1.9829,-3.5545,0,0,true
-0.7420,-3.3926,0,0,true
1.0638,-3.9166,0,0,true
2.6934,-2.6776,0,0,true
1.6419,3.1401,0,0,true
-1.8823,-1.8753,0,0,true
-2.9153,-3.4205,0,0,true
-2.3634,-0.8441,1,1,true
2.9674,-3.3200,0,0,true
-1.3763,-2.6244,0,0,true
2.6179,-2.3015,0,0,true
-2.1458,-3.2955,0,0,true
-0.2262,-3.3908,0,0,true
-0.2200,2.9101,0,0,true
-2.3438,2.0051,1,1,true
2.3593,-3.1134,0,0,true
0.6354,0.7187,0,0,true
1.2356,1.5089,0,0,true
-0.7495,-1.6144,0,0,true
2.2379,2.8320,0,0,true
0.2237,-2.3266,0,0,true
-2.2999,3.2390,1,1,true
2.6770,-3.5902,0,0,true
-1.3630,-1.0390,1,1,true
-1.5757,1.2360,1,1,true
0.9491,3.6374,0,0,true
1.2225,2.1646,0,0,true
-1.4888,1.0316,1,1,true
2.6681,0.7812,0,0,true
1.3641,0.3457,0,0,true
-1.7034,-2.3650,0,0,true
-2.8332,2.6591,1,1,true
2.5033,3.3673,0,0,true
0.2001,-3.8850,0,0,true
2.5399,2.5198,0,0,true
1.0742,-0.1455,0,0,true
1.8979,0.6562,0,0,true
-0.1730,1.8738,0,0,true
-2.3020,-3.6091,0,0,true
0.1615,3.0263,0,0,true
-1.0557,2.3529,1,1,true
0.8900,0.8402,0,0,true
0.8058,-1.5692,0,0,true
-0.1340,-3.1980,0,0,true
-2.9715,3.6648,1,1,true
1.8705,3.6141,0,0,true
-2.2756,2.4733,1,1,true
0.5157,-1.8544,0,0,true
-1.5238,3.6861,1,1,true
1.9860,1.3036,0,0,true
-1.5900,3.4805,1,1,true
-0.8269,0.3023,1,1,true
-0.7888,2.1156,0,0,true
0.3277,-0.9498,1,1,true
1.8176,-3.2904,0,0,true
-0.2875,1.9150,0,0,true
1.2205,0.2185,0,0,true
-2.0563,-1.9206,0,0,true
-0.4852,1.5178,0,0,true
0.8745,-3.1290,0,0,true
0.0887,1.3649,0,0,true
-0.9033,-2.9129,0,0,true
2.9431,1.2172,0,0,true
1.4722,3.7181,0,0,true
-2.3184,-1.6245,0,0,true
-2.4230,-2.2663,0,0,true
-2.7184,-2.6342,0,0,true
-0.5930,2.4969,0,0,true
2.7244,-3.2455,0,0,true
-2.2321,0.0119,1,1,true
-0.6804,-1.2978,0,0,true
-2.6176,3.2282,1,1,true
2.5175,-3.7520,0,0,true
-0.5901,-2.7711,0,0,true
0.7308,3.9678,0,0,true
1.6889,-1.9893,0,0,true
-1.4203,0.1440,1,1,true
-1.2223,2.1333,1,1,true
-2.4910,2.7640,1,1,true
-1.5432,-2.8468,0,0,true
-1.3324,-0.7759,1,1,true
0.3044,1.2439,0,0,true
0.2930,-1.5401,0,0,true
-0.9525,3.7529,0,0,true
-1.3433,0.6525,1,1,true
2.1266,-0.1951,1,1,true
1.4835,2.0425,0,0,true
0.8264,-1.6195,0,0,true
-1.3115,-0.5184,1,1,true
1.7201,0.4645,0,0,true
-0.4213,1.3020,0,0,true
-2.5601,1.2527,1,1,true
-0.8313,-1.2911,0,0,true
-2.6663,3.8689,1,1,true
-0.0013,-1.9836,0,0,true
0.1558,0.2833,1,1,true
-1.6115,-2.3685,0,0,true
-2.8855,-3.7872,0,0,true
-1.1016,-3.4926,0,0,true
-1.5996,-3.9622,0,0,true
-0.7507,3.1621,0,0,true
2.8862,-0.7179,1,1,true
-1.7826,-1.8834,0,0,true
-1.9884,-3.6835,0,0,true
0.0619,1.1059,1,1,true
2.0271,1.5630,0,0,true
0.1918,3.4715,0,0,true
-0.1661,2.4898,0,0,true
-1.2311,2.7557,1,1,true
0.9855,1.2607,0,0,true
0.0159,3.6597,0,0,true
2.8594,0.8740,0,0,true
2.4929,1.1235,0,0,true
1.5043,-3.0310,0,0,true
1.5016,0.8968,0,0,true
2.9594,-0.4871,1,1,true
0.8680,-2.5165,0,0,true
-1.2222,-3.2339,0,0,true
0.9372,3.6117,0,0,true
-2.3017,-2.2142,0,0,true
-1.6855,2.4847,1,1,true
-2.3931,3.6253,1,1,true
2.9500,-3.8091,0,0,true
1.2054,2.3621,0,0,true
-1.7420,3.8430,1,1,true
-2.6014,0.5251,1,1,true
-0.6207,-0.5316,1,1,true
1.5761,2.6393,0,0,true
-1.8318,-2.5334,0,0,true
-2.1654,-2.4595,0,0,true
-2.6584,-1.0782,0,0,true
2.3481,0.6341,0,0,true
-0.2785,0.7953,1,1,true
2.0367,-2.6911,0,0,true
0.1978,-1.4758,0,0,true
-1.7570,2.2294,1,1,true
1.6901,0.2673,0,0,true
-2.6248,1.2138,1,1,true
2.8670,2.8694,0,0,true
-0.4101,0.7262,1,1,true
-1.2093,2.8044,1,1,true
1.5365,0.4151,0,0,true
0.3863,1.6183,0,0,true
-2.0864,-1.3253,0,0,true
-3.0000,-1.1712,0,0,true
0.4504,-2.7227,0,0,true
1.8729,-2.3261,0,0,true
-2.1493,2.2105,1,1,true
-2.9626,2.5527,1,1,true
-0.7313,-2.1893,0,0,true
0.3962,-2.4307,0,0,true
2.5135,2.3852,0,0,true
0.2167,2.9117,0,0,true
-0.1311,3.9590,0,0,true
-2.3104,-1.6935,0,0,true
-0.1870,0.3377,1,1,true
-0.2343,3.2875,0,0,true
2.2574,-2.3180,0,0,true
2.4109,1.0860,0,0,true
-1.2095,-0.3445,1,1,true
2.2989,1.2966,0,0,true
-0.8410,3.6901,0,0,true
-1.8235,0.8402,1,1,true
0.4213,-0.1880,1,1,true
-0.8915,3.7775,0,0,true
-0.2898,-0.2692,1,1,true
1.0537,1.7323,0,0,true
-2.3078,2.2274,1,1,true
-2.8685,0.4222,1,1,true
1.3974,-3.1305,0,0,true
2.5738,-2.1141,0,0,true
-0.4773,-1.9463,0,0,true
-2.1606,-1.7381,0,0,true
2.7249,0.2913,0,0,true
-1.5517,3.8429,1,1,true
2.4334,-3.0952,0,0,true
1.2750,3.3776,0,0,true
-1.9200,0.9655,1,1,true
-1.7628,2.7404,1,1,true
2.0302,-2.5568,0,0,true
2.7397,-1.6602,0,0,true
2.0658,-0.8951,1,1,true
2.3416,-2.2085,0,0,true
-2.0202,-3.0129,0,0,true
-0.3813,0.8958,1,1,true
2.3977,-2.4626,0,0,true
2.6138,2.4754,0,0,true
-2.8816,-0.6534,1,1,true
-1.4418,2.4973,1,1,true
0.6167,3.4778,0,0,true
-1.2948,-3.5789,0,0,true
-2.9134,-0.5317,1,1,true
1.4229,-1.2109,0,0,true
-2.7199,1.3807,1,1,true
1.1602,-2.7941,0,0,true
-1.2319,-3.5441,0,0,true
-1.6811,0.4625,1,1,true
-0.8634,-2.1625,0,0,true
2.4596,2.3559,0,0,true
-0.3929,-0.5353,1,1,true
0.1455,3.2060,0,0,true
-2.4269,1.0352,1,1,true
0.3230,2.5593,0,0,true
0.9407,2.4166,0,0,true
2.8083,-0.0515,0,0,true
0.7355,-3.9051,0,0,true
1.2759,-1.8352,0,0,true
2.7201,0.1740,0,0,true
-2.6320,-3.9483,0,0,true
2.4733,1.9727,0,0,true
1.2906,0.9470,0,0,true
-2.4241,-2.2872,0,0,true
-0.5499,-2.7282,0,0,true
1.8926,2.9011,0,0,true
2.4556,3.1674,0,0,true
1.0521,-3.0742,0,0,true
-1.7188,-3.0204,0,0,true
2.9408,0.9738,0,0,true
1.0789,-0.5100,0,0,true
-2.5058,-2.7853,0,0,true
2.1175,3.0435,0,0,true
0.3205,0.5084,0,0,true
-1.1910,-1.6551,0,0,true
1.3666,-2.1679,0,0,true
-1.7981,2.3508,1,1,true
2.4240,0.1516,0,0,true
-2.2650,-1.5581,0,0,true
-0.2433,-0.6637,1,1,true
0.3433,-1.9594,0,0,true
-0.6286,-2.2745,0,0,true
2.6889,-2.3243,0,0,true
0.3400,2.3795,0,0,true
-0.4805,-1.9924,0,0,true
1.3856,-1.7728,0,0,true
1.4074,-0.5825,0,0,true
-2.6996,-0.1585,1,1,true
2.4128,-3.0434,0,0,true
0.4318,2.7090,0,0,true
-2.4118,-1.8438,0,0,true
-1.5235,-1.3653,0,0,true
-0.5184,-1.1610,0,0,true
0.0679,-2.2169,0,0,true
2.0454,-0.4830,1,1,true
-0.0703,2.7527,0,0,true
0.3799,3.5372,0,0,true
1.7506,-0.6688,1,1,true
1.1472,2.9471,0,0,true
0.9217,2.0595,0,0,true
-2.8031,3.0541,1,1,true
1.9586,-3.4159,0,0,true
2.0972,3.9000,0,0,true
-2.4655,-3.9072,0,0,true
-2.6142,-0.7055,1,1,true
1.7621,3.4792,0,0,true
0.5416,-3.5951,0,0,true
-0.6840,-3.6934,0,0,true
1.4520,3.9851,0,0,true
-1.0042,3.8564,1,1,true
0.6506,1.0375,0,0,true
-2.7198,-2.7867,0,0,true
2.1094,-2.2481,0,0,true
-0.2169,1.4113,0,0,true
-1.6091,-3.2245,0,0,true
-0.6750,2.1879,0,0,true
0.3506,-1.9858,0,0,true
0.3123,2.0753,0,0,true
1.1874,0.1461,0,0,true
2.6308,2.1644,0,0,true
0.6506,-1.0996,0,0,true
-2.2249,-1.7141,0,0,true
0.6264,-0.1337,1,1,true
-0.2543,-0.6319,1,1,true
-2.4853,1.9390,1,1,true
2.3762,3.3254,0,0,true
-0.8534,0.1942,1,1,true
2.2005,3.6312,0,0,true
1.6767,2.3206,0,0,true
0.3292,3.5626,0,0,true
-0.3020,-3.1666,0,0,true
-2.8817,3.5903,1,1,true
2.6941,2.7593,0,0,true
1.0623,-0.6006,0,0,true
-0.7970,2.0796,0,0,true
-0.2684,-2.7925,0,0,true
1.8212,-1.3137,0,0,true
2.3612,-1.9722,0,0,true
-2.0543,-1.3375,0,0,true
1.8601,-2.9356,0,0,true
2.8708,-3.7519,0,0,true
1.0367,-0.7589,0,0,true
1.6039,-1.4910,0,0,true
-1.2953,1.7420,1,1,true
0.6062,0.7779,0,0,true
-2.4311,2.7267,1,1,true
2.7669,1.7462,0,0,true
2.8934,3.2338,0,0,true
2.4350,-1.7896,0,0,true
0.0799,0.8861,1,1,true
1.8852,0.8510,0,0,true
1.7462,-1.5521,0,0,true
-2.8936,-3.6174,0,0,true
2.1166,-2.6029,0,0,true
0.5772,-3.4121,0,0,true
-1.3594,-1.5316,0,0,true
-2.5924,2.4540,1,1,true
-2.7993,1.8959,1,1,true
-0.8882,3.7960,0,0,true
2.1778,3.4302,0,0,true
-0.6529,-3.8968,0,0,true
-0.1291,1.5818,0,0,true
1.0079,-1.1690,0,0,true
1.3481,-2.4173,0,0,true
-0.3038,-3.8839,0,0,true
-1.5930,2.7898,1,1,true
2.1001,-2.6321,0,0,true
-0.8323,-0.9245,1,1,true
-2.1916,3.2358,1,1,true
2.0672,-1.6082,0,0,true
-2.5826,1.2672,1,1,true
0.9928,3.0850,0,0,true
0.6357,2.2109,0,0,true
-1.7484,-3.8297,0,0,true
1.7731,-3.5828,0,0,true
-2.5575,-0.2508,1,1,true
-1.8742,-0.6350,1,1,true
-2.3591,0.0770,1,1,true
-2.8011,1.0575,1,1,true
-0.9820,-2.9951,0,0,true
-1.2696,1.2640,1,1,true
0.3608,-0.4005,1,1,true
-1.1022,1.3507,1,1,true
2.3821,-0.2732,1,1,true
-1.0906,-1.5538,0,0,true
-2.3456,0.3717,1,1,true
2.4878,-3.4501,0,0,true
-0.9357,-0.8201,1,1,true
-2.8840,2.1627,1,1,true
-1.1879,0.2188,1,1,true
-0.8237,0.2868,1,1,true
0.9389,2.9597,0,0,true
1.5722,1.9790,0,0,true
-0.2915,1.2621,0,0,true
-0.5896,2.1569,0,0,true
2.7191,0.6012,0,0,true
-2.8241,1.5250,1,1,true
-0.0439,0.9348,1,1,true
-2.3239,-0.8192,1,1,true
1.1331,0.0327,0,0,true
-0.6756,1.6926,0,0,true
-1.3748,-0.5298,1,1,true
-1.5212,1.3158,1,1,true
2.6845,0.3642,0,0,true
-0.3145,-1.5454,0,0,true
-2.5156,-1.2098,0,0,true
0.9056,-3.3322,0,0,true
2.9662,-2.5888,0,0,true
0.3967,1.8516,0,0,true
2.1459,0.6988,0,0,true
1.7121,-0.1515,1,1,true
0.1030,-3.1383,0,0,true
-2.7504,-3.6402,0,0,true
1.6341,3.1675,0,0,true
2.5124,-1.0763,0,0,true
0.8924,0.0197,0,0,true
-2.0385,2.5361,1,1,true
-1.7188,1.2902,1,1,true
-0.9502,3.3284,0,0,true
1.2367,-0.5792,0,0,true
-0.5610,2.2135,0,0,true
0.8270,1.3154,0,0,true
-0.6504,1.2432,1,1,true
1.1728,2.5602,0,0,true
2.1945,1.9691,0,0,true
0.2192,0.9391,1,1,true
-1.4298,-2.4604,0,0,true
-1.0979,-3.4104,0,0,true
-1.3138,-1.7286,0,0,true
2.0338,-0.0065,0,0,true
-2.0614,-1.6896,0,0,true
0.6184,2.2935,0,0,true
-0.1732,2.6973,0,0,true
-2.4752,3.6648,1,1,true
-2.4006,0.7624,1,1,true
0.7964,1.1656,0,0,true
-0.3325,2.4275,0,0,true
0.7919,-2.2579,0,0,true
-0.6862,-1.5176,0,0,true
0.6617,-1.8583,0,0,true
-1.3830,-3.9218,0,0,true
2.7636,2.4417,0,0,true
0.4726,-2.7208,0,0,true
-2.6340,3.2511,1,1,true
0.1644,-1.0092,1,1,true
-2.7265,-3.5726,0,0,true
-1.0760,-1.4035,0,0,true
0.8710,-0.2674,0,0,true
1.5157,-2.0839,0,0,true
-2.7545,-1.3771,0,0,true
-1.0933,-2.9725,0,0,true
-1.7751,0.5701,1,1,true
-1.0752,1.5963,1,1,true
-2.1296,-0.5557,1,1,true
-1.0481,1.7759,1,1,true
-1.2358,-0.9120,1,1,true
1.0355,-3.4483,0,0,true
0.3495,-2.3282,0,0,true
0.2335,-2.1389,0,0,true
2.4244,-1.0878,0,0,true
-0.2052,-2.2132,0,0,true
-2.5460,-3.5399,0,0,true
-1.1283,-1.8024,0,0,true
-0.0651,2.8298,0,0,true
0.2210,-2.1856,0,0,true
-0.3374,1.5521,0,0,true
0.4983,0.9739,0,0,true
-2.3788,-2.5081,0,0,true
-2.4663,-0.3800,1,1,true
-2.2793,2.4877,1,1,true
1.4397,-2.2480,0,0,true
-1.2402,1.2918,1,1,true
1.8689,2.5218,0,0,true
2.3309,-0.7785,1,1,true
-2.9423,0.3002,1,1,true
-1.1553,0.1264,1,1,true
-1.1896,2.1720,1,1,true
0.8321,-0.0926,0,0,true
0.3924,0.5621,0,0,true
-0.9345,2.7041,0,0,true
0.0457,-2.1482,0,0,true
-1.9949,-3.2107,0,0,true
0.6299,3.5094,0,0,true
0.8242,-3.6800,0,0,true
-0.5345,-3.3041,0,0,true
1.8468,3.9945,0,0,true
-0.0800,-2.1905,0,0,true
0.0532,-2.3425,0,0,true
-1.9011,1.1754,1,1,true
1.8396,0.5368,0,0,true
0.1467,-0.1606,1,1,true
-2.2381,2.9008,1,1,true
0.2755,0.0087,1,1,true
1.7825,-0.5805,1,1,true
0.7977,0.4221,0,0,true
-0.4386,-1.3802,0,0,true
1.6331,1.7835,0,0,true
-2.0891,2.7426,1,1,true
2.4803,2.9971,0,0,true
-1.9193,3.6710,1,1,true
2.9316,2.3091,0,0,true
0.5041,-1.0957,0,0,true
-1.0739,-0.0164,1,1,true
1.7017,0.7411,0,0,true
-1.3625,2.4013,1,1,true
1.9065,-3.7508,0,0,true
-2.6600,2.7818,1,1,true
1.1219,-0.3742,0,0,true
1.8918,-1.9309,0,0,true
1.6997,1.5961,0,0,true
-2.5313,-2.4077,0,0,true
-1.2240,-2.7304,0,0,true
-2.5539,3.1858,1,1,true
2.6595,3.1501,0,0,true
1.6704,-3.8273,0,0,true
-1.5561,0.9011,1,1,true
-1.5070,-3.8011,0,0,true
-2.8682,1.2114,1,1,true
-2.7137,-1.0723,1,1,true
1.1072,0.6302,0,0,true
2.4932,-2.7682,0,0,true
2.6300,-3.4254,0,0,true
2.7785,1.7211,0,0,true
1.9363,-0.1892,1,1,true
-0.7586,-2.6517,0,0,true
-2.3846,2.9859,1,1,true
0.6234,-1.8791,0,0,true
-1.0690,-3.2203,0,0,true
-0.1921,1.3358,0,0,true
-2.0386,-0.6166,1,1,true
-2.7899,-2.0537,0,0,true
1.3681,2.5871,0,0,true
0.6838,3.1456,0,0,true
1.7209,-3.4459,0,0,true
-2.8766,-3.9863,0,0,true
-2.0994,-2.8320,0,0,true
2.7034,2.5223,0,0,true
0.9412,-0.0889,0,0,true
1.9591,3.2653,0,0,true
2.7567,0.0125,0,0,true
1.6909,-1.9633,0,0,true
-1.3350,-0.0085,1,1,true
-1.9813,3.3284,1,1,true
-0.9543,3.3721,0,0,true
-1.2822,-3.4422,0,0,true
2.3311,-0.6843,1,1,true
2.9202,2.6985,0,0,true
1.2626,1.2262,0,0,true
-0.6620,1.2907,1,1,true
1.8072,-2.7941,0,0,true
2.3197,-0.7015,1,1,true
-0.7607,0.5180,1,1,true
0.5154,-2.9199,0,0,true
0.9327,0.4214,0,0,true
-0.8245,1.5215,0,0,true
0.5383,-3.4371,0,0,true
-0.5020,3.8876,0,0,true
0.2923,0.4620,1,1,true
2.8667,0.5260,0,0,true
-2.6656,-3.8555,0,0,true
1.1250,3.5165,0,0,true
-0.9084,3.5830,0,0,true
-2.8631,-3.3259,0,0,true
-0.3819,3.7669,0,0,true
-1.8546,3.8631,1,1,true
-2.8042,3.9719,1,1,true
-1.7071,2.3422,1,1,true
-1.8020,-1.8219,0,0,true
1.7760,-1.5593,0,0,true
-1.8751,3.6894,1,1,true
-2.5965,-0.3499,1,1,true
1.6156,-1.6019,0,0,true
2.9530,-3.8670,0,0,true
1.7400,1.6686,0,0,true
2.2040,3.7111,0,0,true
1.3525,2.1826,0,0,true
-0.9122,1.9185,0,0,true
-1.5652,0.7461,1,1,true
2.3721,-2.5593,0,0,true
0.4051,2.5265,0,0,true
1.9110,3.1453,0,0,true
-0.0790,0.8941,1,1,true
2.2744,-2.0849,0,0,true
1.1941,0.9011,0,0,true
2.4135,2.0646,0,0,true
-0.6831,1.1210,1,1,true
-2.9046,1.4594,1,1,true
-2.7173,-2.6458,0,0,true
-2.6461,-3.7216,0,0,true
1.6377,1.9770,0,0,true
-0.9627,2.7872,0,0,true
2.9366,-0.3090,1,1,true
2.3457,2.1268,0,0,true
-1.1714,-0.7685,1,1,true
2.5580,0.3876,0,0,true
1.4378,2.6061,0,0,true
-1.6512,-0.2952,1,1,true
-1.0629,1.9713,1,1,true
-1.6787,-0.3154,1,1,true
0.8040,0.7998,0,0,true
-0.7458,-2.0004,0,0,true
1.1079,-3.1223,0,0,true
-0.2279,3.6256,0,0,true
0.5125,-2.5422,0,0,true
-2.0162,-2.0979,0,0,true
-1.3582,1.3927,1,1,true
1.2079,-1.0074,1,1,true
1.0467,-1.7735,0,0,true
0.1247,3.3671,0,0,true
-1.9964,0.2295,1,1,true
0.9097,-2.7211,0,0,true
-0.8860,2.5847,0,0,true
1.9255,0.2331,0,0,true
-1.3494,1.6575,1,1,true
-0.3091,-2.8826,0,0,true
-1.0759,3.1364,1,1,true
-0.5202,-1.9755,0,0,true
-2.9368,2.7191,1,1,true
-2.3692,1.1910,1,1,true
0.6391,1.1071,0,0,true
-1.1547,-0.9215,1,1,true
-0.6590,0.0432,1,1,true
2.5048,2.8287,0,0,true
-1.5723,1.1087,1,1,true
-2.8254,2.9518,1,1,true
-0.5828,-1.8566,0,0,true
2.3330,-2.7278,0,0,true
-1.8254,-1.1922,0,0,true
0.8602,2.0142,0,0,true
1.3061,-2.4378,0,0,true
2.4075,0.1702,0,0,true
-1.7374,1.2422,1,1,true
1.0988,1.3497,0,0,true
2.6179,1.3891,0,0,true
-2.4076,-0.3273,1,1,true
2.4787,-3.3257,0,0,true
-1.2619,-0.8793,1,1,true
0.2235,-0.8576,1,1,true
0.2712,-0.7358,1,1,true
-1.0516,2.1926,1,1,true
-1.6364,-0.6551,1,1,true
-0.7061,2.3400,0,0,true
0.8964,2.9857,0,0,true
0.3174,-3.1757,0,0,true
-1.0285,3.7632,1,1,true
0.1910,3.1877,0,0,true
-1.6658,0.6562,1,1,true
-0.3557,1.5414,0,0,true
-2.4321,-2.8233,0,0,true
-0.3960,-0.8825,1,1,true
-0.6673,-2.1819,0,0,true
-0.5461,-1.7952,0,0,true
-2.6574,-3.0885,0,0,true
1.0589,-1.0462,0,0,true
2.8056,0.6588,0,0,true
1.3744,3.8384,0,0,true
2.0135,-1.3377,0,0,true
-0.4689,-1.3801,0,0,true
-2.8289,-1.2107,0,0,true
-0.1392,0.7026,1,1,true
-2.3277,-3.7254,0,0,true
-2.2358,-2.9123,0,0,true
-0.0776,-1.8178,0,0,true
-2.9532,1.3791,1,1,true
-0.8378,3.8008,0,0,true
1.5399,0.0909,0,0,true
1.0280,-1.9014,0,0,true
-1.8464,-0.2118,1,1,true
-1.1496,3.9356,1,1,true
0.0868,-0.2286,1,1,true
-0.3399,1.9147,0,0,true
2.0453,3.8811,0,0,true
1.5482,0.9385,0,0,true
-0.2643,-1.2102,0,0,true
1.6289,-3.2332,0,0,true
-2.5362,1.8722,1,1,true
0.8222,-0.7336,0,0,true
2.2402,0.6790,0,0,true
-1.3563,-0.3014,1,1,true
-1.8146,-0.2288,1,1,true
1.9386,0.1338,0,0,true
-0.2592,0.9651,1,1,true
0.0383,0.6334,1,1,true
0.5520,3.4681,0,0,true
-2.2600,-3.5369,0,0,true
0.0651,-0.8410,1,1,true
0.1858,-2.2659,0,0,true
-2.9367,-3.0439,0,0,true
-0.2892,1.5420,0,0,true
-1.4524,-0.9070,1,1,true
-1.9988,-2.3099,0,0,true
2.0689,-2.6041,0,0,true
-2.3847,-3.2108,0,0,true
2.6151,0.0377,0,0,true
1.8739,-1.8803,0,0,true
2.8763,3.8429,0,0,true
2.7724,-3.4367,0,0,true
0.7867,-0.0514,0,0,true
0.5929,3.7352,0,0,true
2.5420,1.4788,0,0,true
-1.9327,-1.7171,0,0,true
-2.3032,-1.4534,0,0,true
1.7599,2.6933,0,0,true
0.4463,-1.2770,0,0,true
-0.1051,-2.6654,0,0,true
-2.3321,0.6084,1,1,true
-2.0157,2.4081,1,1,true
2.9207,3.3818,0,0,true
-0.9582,3.9773,0,0,true
1.5238,-2.4323,0,0,true
0.7966,-2.9697,0,0,true
-2.3374,2.8755,1,1,true
1.4132,-2.3631,0,0,true
-1.4064,1.1737,1,1,true
2.6643,-2.5903,0,0,true
0.5006,-0.7463,1,1,true
1.2620,-2.0560,0,0,true
2.7524,0.2205,0,0,true
-1.7108,-0.4364,1,1,true
-2.0212,-1.3465,0,0,true
-2.9482,-0.8686,1,1,true
0.9500,2.2929,0,0,true
-0.3816,1.8754,0,0,true
-0.7789,3.8656,0,0,true
1.0606,-3.8045,0,0,true
-1.6774,0.6082,1,1,true
0.3193,2.7782,0,0,true
1.7694,-2.4697,0,0,true
2.6702,-0.8477,1,1,true
-0.8153,0.9009,1,1,true
-2.2652,-1.6882,0,0,true
0.8656,-0.1862,0,0,true
-1.7905,-2.4199,0,0,true
0.9883,3.4784,0,0,true
1.0075,-0.0118,0,0,true
1.5986,3.0256,0,0,true
2.7745,-0.5344,1,1,true
0.6128,-3.0244,0,0,true
2.7531,2.3181,0,0,true
0.9638,0.0244,0,0,true
1.5597,-1.5257,0,0,true
1.3632,-1.0083,1,1,true
-1.2665,3.0611,1,1,true
0.1514,3.5569,0,0,true
2.5383,0.8695,0,0,true
-2.2419,-0.0060,1,1,true
-1.2135,-2.4315,0,0,true
2.7352,-0.7184,1,1,true
0.2244,-2.4176,0,0,true
2.3797,0.7061,0,0,true
0.7709,-3.8774,0,0,true
-2.1549,-0.9972,1,1,true
1.6361,-2.5495,0,0,true
-1.7841,-3.1507,0,0,true
-0.3935,1.7641,0,0,true
1.3554,2.2352,0,0,true
-1.5327,-2.2811,0,0,true
-2.7542,-3.5754,0,0,true
-0.4655,-2.9445,0,0,true
1.9993,0.5078,0,0,true
-0.4994,0.7368,1,1,true
1.8379,3.2952,0,0,true
1.2827,-1.3513,0,0,true
0.8193,-0.7959,1,1,true
1.0029,-2.1675,0,0,true
1.7732,-3.5029,0,0,true
1.0749,2.1874,0,0,true
-0.7488,3.7652,0,0,true
1.3953,-2.3161,0,0,true
0.5148,3.5369,0,0,true
-0.2522,-0.4553,1,1,true
2.2362,0.1632,0,0,true
-0.3014,3.7603,0,0,true
-1.1550,-0.7306,1,1,true
-0.4758,-1.2182,0,0,true
2.4461,0.0151,0,0,true
-2.6686,1.3592,1,1,true
0.2390,2.6522,0,0,true
-2.3618,-2.0421,0,0,true
2.2251,-3.6799,0,0,true
2.4530,-3.3460,0,0,true
-0.6872,1.1012,1,1,true
1.3949,3.1905,0,0,true
2.4606,2.2352,0,0,true
1.3069,1.8652,0,0,true
-1.9170,2.4847,1,1,true
-0.5387,0.1131,1,1,true
2.3459,-3.7296,0,0,true
-1.6823,-2.7333,0,0,true
0.9578,3.6924,0,0,true
1.5189,1.2204,0,0,true
-0.5472,0.5363,1,1,true
-0.6697,-0.9794,1,1,true
-2.6438,2.8794,1,1,true
2.0467,1.5352,0,0,true
2.4239,-1.8268,0,0,true
-2.6129,0.7212,1,1,true
-2.8885,3.6583,1,1,true
-2.7684,-2.3041,0,0,true
-1.6525,-3.9342,0,0,true
-1.3925,0.7757,1,1,true
2.1749,3.7697,0,0,true
0.0113,0.8128,1,1,true
2.0760,-2.6260,0,0,true
-1.3388,3.5769,1,1,true
-2.7940,-2.5702,0,0,true
-2.8526,-3.2272,0,0,true
-0.0085,0.1902,1,1,true
-0.7508,0.2496,1,1,true
0.5085,-3.0084,0,0,true
-0.4493,-2.9477,0,0,true
-0.5198,2.8777,0,0,true
-0.5774,-0.7938,1,1,true
1.5098,-1.2616,0,0,true
0.6672,0.7863,0,0,true
2.0497,-3.0955,0,0,true
-1.0322,0.3963,1,1,true
0.9756,0.5222,0,0,true
0.2612,-0.9462,1,1,true
-2.1721,2.6080,1,1,true
0.0316,0.5406,1,1,true
-2.2928,1.1399,1,1,true
-0.4887,-2.6066,0,0,true
-0.6741,3.0335,0,0,true
-1.3959,-0.8416,1,1,true
2.3350,3.1052,0,0,true
-0.1638,-2.7945,0,0,true
-0.0373,-2.9769,0,0,true
-2.4325,-0.6607,1,1,true
-1.1001,1.0710,1,1,true
-0.0250,-2.0095,0,0,true
1.9105,-0.1768,1,1,true
0.0358,-2.5203,0,0,true
1.1761,-1.8894,0,0,true
-1.9275,2.5994,1,1,true
-0.6813,-2.8505,0,0,true
0.4000,-2.2689,0,0,true
-1.5224,0.1845,1,1,true
-1.6406,-2.3356,0,0,true
-0.0885,3.3924,0,0,true
1.3016,-0.1441,0,0,true
-0.5361,-2.5302,0,0,true
1.3261,-3.2277,0,0,true
1.4323,-1.7630,0,0,true
0.9266,1.2831,0,0,true
-2.1042,-3.4956,0,0,true
-1.2929,2.0532,1,1,true
-1.3995,1.1681,1,1,true
-2.1918,-3.0119,0,0,true
-0.8534,-3.9829,0,0,true
0.6146,0.2875,0,0,true
1.1595,2.1291,0,0,true
-2.6165,-3.3446,0,0,true
-1.4964,2.4647,1,1,true
-2.2035,-0.9318,1,1,true
0.6340,0.2529,0,0,true
0.3153,-0.9224,1,1,true
2.0984,-3.3289,0,0,true
2.8770,-1.4173,0,0,true
2.2300,-3.4088,0,0,true
1.7667,-3.9086,0,0,true
-1.6703,-3.6342,0,0,true
-0.5763,1.2161,1,1,true
-2.1126,-2.6345,0,0,true
-2.3784,-0.4173,1,1,true
-0.1146,-2.6681,0,0,true
0.2664,0.2492,1,1,true
-0.3362,3.2836,0,0,true
1.0280,2.0910,0,0,true
-1.2404,3.8243,1,1,true
-1.0946,-2.4358,0,0,true
1.5722,1.2584,0,0,true
2.1558,1.2192,0,0,true
-1.9441,0.2522,1,1,true
-2.0112,1.0056,1,1,true
1.6887,3.2340,0,0,true
-0.8691,-3.4912,0,0,true
2.6927,-2.4373,0,0,true
0.8287,2.5332,0,0,true
-2.7896,-3.7913,0,0,true
0.7308,-1.3708,0,0,true
-2.4947,1.3396,1,1,true
2.3249,2.0215,0,0,true
2.6156,0.0374,0,0,true
-0.0461,2.1551,0,0,true
2.4433,3.0778,0,0,true
-2.2670,-0.3503,1,1,true
-2.9100,-2.0762,0,0,true
-0.0492,3.7003,0,0,true
-1.5334,-3.5020,0,0,true
-2.4993,-1.9853,0,0,true
-2.4490,-0.0599,1,1,true
0.5156,-2.8460,0,0,true
1.8518,3.0180,0,0,true
-2.2751,0.1985,1,1,true
1.8400,-2.0961,0,0,true
1.5113,0.8426,0,0,true
0.7845,-3.6596,0,0,true
-0.7578,-2.9330,0,0,true
1.5176,3.5069,0,0,true
-1.8654,3.7840,1,1,true
-1.2204,0.5873,1,1,true
2.3950,-3.1645,0,0,true
2.9965,2.9545,0,0,true
-0.2132,-3.6252,0,0,true
-0.2448,-1.2547,0,0,true
0.1715,3.0109,0,0,true
-0.3116,0.1815,1,1,true
2.1363,-3.8193,0,0,true
-0.2418,1.6115,0,0,true
-2.5937,-1.8856,0,0,true
1.3901,1.9894,0,0,true
-2.8176,-0.3314,1,1,true
0.2532,-0.6314,1,1,true
-1.5715,-3.6862,0,0,true
0.6594,-0.9096,1,1,true
0.0905,-3.4841,0,0,true
-2.0439,-2.6508,0,0,true
-2.3527,-1.5183,0,0,true
-1.5234,1.6017,1,1,true
0.8274,-3.8643,0,0,true
-1.1327,-3.7960,0,0,true
-0.4213,1.7123,0,0,true
-2.3233,0.0621,1,1,true
-1.4347,-0.2056,1,1,true
-1.3439,-0.4905,1,1,true
0.0131,1.9205,0,0,true
-2.5597,-3.0815,0,0,true
-2.6130,1.3309,1,1,true
-2.1088,3.0489,1,1,true
-0.0321,-0.9794,1,1,true
1.2068,-2.2800,0,0,true
-1.1218,-0.6596,1,1,true
0.5295,3.2881,0,0,true
-1.7840,1.9469,1,1,true
-0.0111,-0.5945,1,1,true
-0.5511,1.2830,1,1,true
-1.5455,0.6444,1,1,true
-1.2229,0.5722,1,1,true
-2.7121,-3.8970,0,0,true
0.2329,3.9709,0,0,true
2.1808,3.5357,0,0,true
-0.4549,-1.4898,0,0,true
-2.6351,-0.6037,1,1,true
-0.3384,-3.6285,0,0,true
-2.5061,-1.1531,0,0,true
1.0013,2.6484,0,0,true
1.4186,1.4560,0,0,true
1.5053,1.7481,0,0,true
0.2099,-2.2170,0,0,true
-2.6164,-2.6066,0,0,true
-0.8328,1.7499,0,0,true
1.1432,-0.3167,0,0,true
1.4661,2.2992,0,0,true
1.5318,1.8516,0,0,true
2.5025,2.9633,0,0,true
-2.1713,-0.9361,1,1,true
-0.6831,-1.3806,0,0,true
-0.9723,-3.0752,0,0,true
-1.2565,1.5608,1,1,true
-2.7817,0.9649,1,1,true
-1.9979,-2.2952,0,0,true
-1.5932,1.5214,1,1,true
-0.6713,1.3517,0,0,true
-0.9500,1.7585,0,0,true
1.1158,0.2820,0,0,true
1.0467,-3.8463,0,0,true
0.4215,-0.6249,1,1,true
-1.4886,3.2577,1,1,true
0.8951,-1.9921,0,0,true
1.0173,-3.5321,0,0,true
-0.7250,-1.9424,0,0,true
-0.5853,-3.7090,0,0,true
2.8548,-2.3950,0,0,true
-1.7025,0.6205,1,1,true
2.3067,-0.7981,1,1,true
-2.4715,-3.5613,0,0,true
-1.5459,3.9577,1,1,true
-1.2156,-2.4900,0,0,true
-1.9875,-3.6229,0,0,true
-0.5072,1.3466,0,0,true
1.5832,-0.4354,1,1,true
0.5880,1.6118,0,0,true
-1.7451,1.4044,1,1,true
0.5303,-3.3216,0,0,true
-1.3903,3.8939,1,1,true
-0.2089,2.6197,0,0,true
2.8323,0.9139,0,0,true
0.9829,-1.3263,0,0,true
-0.5391,1.2540,0,0,true
1.1918,-3.4060,0,0,true
0.5746,1.1618,0,0,true
-0.2802,-3.8166,0,0,true
-1.2301,2.7151,1,1,true
2.0101,1.5899,0,0,true
0.9417,1.7956,0,0,true
-0.7033,0.5378,1,1,true
0.4524,-3.3782,0,0,true
-1.3998,-1.6926,0,0,true
0.6735,1.3292,0,0,true
-2.7360,-3.2390,0,0,true
-1.9527,3.6035,1,1,true
-0.1107,-2.8286,0,0,true
1.5317,0.3849,0,0,true
-0.6446,-1.1241,0,0,true
-0.3558,0.3561,1,1,true
-0.9014,-0.7755,1,1,true
-2.3393,-2.6273,0,0,true
2.5074,-0.0620,1,1,true
-0.6362,-3.1410,0,0,true
1.3799,-3.7777,0,0,true
2.3343,3.4333,0,0,true
2.3000,-1.9956,0,0,true
-1.8392,-3.7387,0,0,true
0.5252,1.6414,0,0,true
-1.2070,0.8228,1,1,true
0.5545,0.2215,0,0,true
-1.9099,-1.1515,0,0,true
-0.7923,-1.3275,0,0,true
2.3535,-2.7738,0,0,true
0.9140,0.6865,0,0,true
1.7575,-1.9619,0,0,true
0.9688,-2.8170,0,0,true
-1.7464,1.9900,1,1,true
-2.6381,-3.9088,0,0,true
-1.2143,-3.8497,0,0,true
-1.9338,2.2832,1,1,true
0.1766,-2.0037,0,0,true
-1.6714,-0.3853,1,1,true
-1.8860,1.4514,1,1,true
0.1182,-1.9027,0,0,true
-2.7496,-1.0328,1,1,true
1.9765,-1.8467,0,0,true
-1.9908,-3.6247,0,0,true
-0.0318,-0.2072,1,1,true
0.5118,-3.0570,0,0,true
-1.5327,2.4574,1,1,true
-0.7050,-3.8692,0,0,true
-0.4904,3.8380,0,0,true
0.0600,0.3228,1,1,true
-0.8712,3.0086,0,0,true
-0.4441,2.4646,0,0,true
2.8581,0.7665,0,0,true
-1.4118,-2.7466,0,0,true
-2.9969,1.2237,1,1,true
-0.1741,-3.7296,0,0,true
2.7921,3.1241,0,0,true
-1.4696,1.5256,1,1,true
-2.6741,1.5373,1,1,true
2.6421,-0.6619,1,1,true
0.9741,2.3816,0,0,true
1.7683,-3.9167,0,0,true
0.9604,0.0964,0,0,true
-2.0379,0.0214,1,1,true
-1.0679,-1.4096,0,0,true
0.6327,-3.0896,0,0,true
0.1631,2.8080,0,0,true
-0.3372,0.0285,1,1,true
1.5645,1.0113,0,0,true
1.5973,-2.0767,0,0,true
0.3246,-3.6107,0,0,true
-1.0021,1.6351,1,1,true
1.6107,-1.7566,0,0,true
1.2400,-3.0735,0,0,true
1.4228,-2.2931,0,0,true
2.5652,3.1164,0,0,true
2.1162,0.8532,0,0,true
-1.7492,1.0282,1,1,true
-0.1459,-0.5057,1,1,true
-2.4383,1.4596,1,1,true
1.1890,3.9110,0,0,true
2.9079,-3.9459,0,0,true
0.0713,-2.7580,0,0,true
2.0358,-3.2021,0,0,true
-2.1316,0.5736,1,1,true
1.8567,-3.4319,0,0,true
2.3158,-0.7229,1,1,true
1.5646,-3.3392,0,0,true
2.6086,-0.5139,1,1,true
0.2332,1.4373,0,0,true
-0.2424,0.7793,1,1,true
-1.4541,3.1483,1,1,true
-1.1713,0.5814,1,1,true
0.4797,-3.4499,0,0,true
1.1991,-1.4729,0,0,true
-1.0572,-1.0877,0,0,true
-1.5627,-2.1099,0,0,true
-1.5322,-2.5198,0,0,true
1.3475,2.5967,0,0,true
1.0944,0.5869,0,0,true
-0.3973,-1.0238,1,1,true
-1.9764,0.7086,1,1,true
1.6744,-1.3591,0,0,true
-1.7937,0.1008,1,1,true
-0.7855,2.2416,0,0,true
1.1032,0.5158,0,0,true
1.0167,3.3792,0,0,true
-2.4453,-2.1244,0,0,true
0.6888,1.3419,0,0,true
0.7478,1.0735,0,0,true
0.4794,3.8444,0,0,true
-1.4507,3.8506,1,1,true
0.3383,-3.2542,0,0,true
-0.3851,-0.3106,1,1,true
-2.2328,2.9333,1,1,true
-2.5046,3.6017,1,1,true
-2.7461,2.2588,1,1,true
-1.6035,1.3367,1,1,true
-0.6420,3.7054,0,0,true
1.8124,3.1515,0,0,true
-2.0408,-3.7862,0,0,true
-2.6317,3.5913,1,1,true
-2.0741,1.2613,1,1,true
2.9543,-1.5932,0,0,true
-0.9818,1.1478,1,1,true
1.4855,-0.6537,1,1,true
2.5371,3.0403,0,0,true
1.3612,-0.2540,0,0,true
-0.6822,-1.5846,0,0,true
1.2082,2.6390,0,0,true
0.8660,-3.5895,0,0,true
2.5285,-2.7208,0,0,true
2.0453,-0.7757,1,1,true
-0.7442,-1.1895,0,0,true
-0.1436,0.9359,1,1,true
2.6093,2.2030,0,0,true
-2.6311,2.9609,1,1,true
0.3133,2.1576,0,0,true
1.5633,-0.7614,1,1,true
-0.9487,2.8517,0,0,true
-0.7760,-3.4326,0,0,true
0.2760,-3.6957,0,0,true
2.5465,-0.5046,1,1,true
0.8547,-3.6733,0,0,true
1.6525,-1.6762,0,0,true
2.3751,1.9235,0,0,true
-2.1672,-3.6251,0,0,true
2.3142,3.6254,0,0,true
0.4792,1.0568,0,0,true
-2.2885,-1.9604,0,0,true
1.2436,1.1727,0,0,true
-0.8657,-1.9755,0,0,true
-2.7435,-3.9546,0,0,true
2.6763,1.2005,0,0,true
1.7209,3.4990,0,0,true
1.8875,2.2894,0,0,true
-0.1942,3.8102,0,0,true
-1.4329,-0.1308,1,1,true
-1.1134,0.5776,1,1,true
-0.0429,1.2714,0,0,true
-0.4132,0.6788,1,1,true
-1.0964,-2.1348,0,0,true
-0.2364,2.6003,0,0,true
-1.7488,-2.0058,0,0,true
-2.2040,-3.2888,0,0,true
0.5356,-3.5505,0,0,true
-0.0833,2.0305,0,0,true
1.5042,-3.6953,0,0,true
2.1814,-1.2162,0,0,true
-1.3238,-0.1562,1,1,true
2.2174,0.4441,0,0,true
2.8924,0.3375,0,0,true
2.8853,2.2336,0,0,true
1.7546,-1.1494,0,0,true
1.9224,0.9671,0,0,true
0.9931,-0.9055,1,1,true
-0.2486,3.6642,0,0,true
-1.7782,-0.6385,1,1,true
-2.0317,-0.6451,1,1,true
1.7109,-1.8584,0,0,true
-2.3490,0.7743,1,1,true
-1.4343,1.1949,1,1,true
-1.4226,-0.4335,1,1,true
1.7607,3.4337,0,0,true
-0.8069,0.4886,1,1,true
2.5847,2.3567,0,0,true
2.8446,3.0118,0,0,true
0.7759,0.5370,0,0,true
-1.7666,-1.8225,0,0,true
2.9494,3.4356,0,0,true
1.7733,0.9559,0,0,true
1.6223,3.0773,0,0,true
2.7327,-0.7426,1,1,true
1.5214,-2.2301,0,0,true
0.9214,1.9004,0,0,true
1.6702,0.1936,0,0,true
-2.8909,2.5407,1,1,true
1.4364,2.6881,0,0,true
-2.3195,2.8074,1,1,true
-1.9147,-1.9565,0,0,true
2.9675,-2.1521,0,0,true
2.7512,-1.7429,0,0,true
2.7108,2.6774,0,0,true
-2.4250,-2.4994,0,0,true
-1.4234,2.0325,1,1,true
-2.9155,0.8331,1,1,true
-0.1407,-2.4451,0,0,true
2.0751,-3.1811,0,0,true
2.4054,2.9350,0,0,true
-1.9533,-1.4054,0,0,true
-1.7257,0.3073,1,1,true
-0.1090,1.0330,1,1,true
0.2288,1.6418,0,0,true
-1.8545,0.2640,1,1,true
0.5971,3.5469,0,0,true
-1.2896,-3.4059,0,0,true
0.6201,2.9684,0,0,true
1.1159,-2.7446,0,0,true
0.2949,-1.1752,0,0,true
-2.1390,3.6331,1,1,true
2.3141,3.1573,0,0,true
-2.4102,0.2798,1,1,true
1.5504,3.9393,0,0,true
-0.1249,-1.7639,0,0,true
-0.1362,0.5944,1,1,true
1.0889,1.9239,0,0,true
1.4661,-0.3031,1,1,true
-2.9941,2.2861,1,1,true
0.5221,1.4175,0,0,true
-0.4039,-3.8651,0,0,true
-0.2934,-3.6890,0,0,true
-0.5495,3.4896,0,0,true
1.8622,0.4107,0,0,true
1.2286,-3.3162,0,0,true
0.0392,-0.2819,1,1,true
0.2170,-0.2125,1,1,true
0.9006,2.2368,0,0,true
-1.4677,1.9431,1,1,true
-0.8912,-2.0629,0,0,true
-1.7322,-3.3999,0,0,true
-2.4611,3.5461,1,1,true
-2.4931,1.0675,1,1,true
-0.0970,1.0356,1,1,true
0.1815,3.0453,0,0,true
0.5258,0.4976,0,0,true
-0.1630,-1.5961,0,0,true
-1.6947,2.2038,1,1,true
0.5556,3.8745,0,0,true
0.8558,-0.0863,0,0,true
-1.8932,2.0543,1,1,true
2.1409,2.7219,0,0,true
-0.8661,3.0627,0,0,true
0.1449,-0.2782,1,1,true
-0.9969,0.0380,1,1,true
1.4594,2.4112,0,0,true
2.0628,-0.3465,1,1,true
-1.2257,2.6068,1,1,true
-1.5999,0.4748,1,1,true
2.9089,2.1860,0,0,true
-1.1609,0.5367,1,1,true
-2.6804,2.8418,1,1,true
2.7122,-3.3725,0,0,true
1.0169,3.9799,0,0,true
1.0266,-2.8233,0,0,true
1.4098,-2.4533,0,0,true
-0.4877,2.2570,0,0,true
0.4113,-0.3646,1,1,true
-1.7954,0.4510,1,1,true
0.5111,-2.7614,0,0,true
0.7492,-1.4067,0,0,true
-1.9980,0.0944,1,1,true
-1.9114,-3.7060,0,0,true
-0.5301,3.4799,0,0,true
-2.0045,0.0434,1,1,true
-2.5457,-3.6619,0,0,true
2.3434,-1.9809,0,0,true
1.2500,2.6452,0,0,true
-1.2005,3.8532,1,1,true
0.5287,3.8431,0,0,true
-2.4861,-3.2262,0,0,true
-0.5957,3.3660,0,0,true
2.9888,-0.2337,1,1,true
-1.9346,3.6436,1,1,true
0.6611,-0.7153,1,1,true
-2.3646,-2.2163,0,0,true
-2.1166,0.6435,1,1,true
0.1169,3.2682,0,0,true
0.5338,0.7259,0,0,true
-0.5542,-3.2076,0,0,true
2.6392,-2.2354,0,0,true
-0.6959,2.9516,0,0,true
-2.1000,-1.7482,0,0,true
-2.4389,-3.7994,0,0,true
1.8561,2.6548,0,0,true
-1.8016,3.1139,1,1,true
1.0827,1.6325,0,0,true
-0.8644,1.3607,1,1,true
-1.9879,-0.2391,1,1,true
0.3847,-2.1604,0,0,true
-2.4340,3.8350,1,1,true
2.7735,2.5530,0,0,true
-0.8101,2.8502,0,0,true
0.9757,-0.8272,1,1,true
1.5489,2.3125,0,0,true
-0.1919,-1.7510,0,0,true
1.5409,-0.1601,1,1,true
-0.3310,-1.5663,0,0,true
-0.2231,-3.0706,0,0,true
0.1786,3.1581,0,0,true
-0.0820,2.7926,0,0,true
2.2105,3.1341,0,0,true
0.5558,0.5206,0,0,true
1.9836,-2.2952,0,0,true
-1.9212,-1.6176,0,0,true
2.8252,-3.1758,0,0,true
-0.2436,-2.3168,0,0,true
-0.3669,-1.3353,0,0,true
-0.7624,-1.4937,0,0,true
1.9228,-2.0596,0,0,true
-1.7539,-2.3308,0,0,true
-1.5378,2.1849,1,1,true
-2.6960,0.1918,1,1,true
-2.6630,2.8085,1,1,true
2.4199,2.1354,0,0,true
-0.7678,1.6973,0,0,true
0.7560,-3.8893,0,0,true
-0.3625,-0.8771,1,1,true
-1.5726,-2.3108,0,0,true
0.1244,-0.4112,1,1,true
0.0770,3.3599,0,0,true
1.5849,-0.1027,1,1,true
0.3133,-1.8712,0,0,true
-0.5364,3.5662,0,0,true
0.3701,-3.4133,0,0,true
1.3387,-2.3776,0,0,true
-1.5895,0.0328,1,1,true
2.6992,-2.5262,0,0,true
-1.9686,-1.9855,0,0,true
-1.6129,-3.4236,0,0,true
1.6090,3.3823,0,0,true
-1.5935,2.3517,1,1,true
1.1078,-3.9585,0,0,true
-2.1633,0.6050,1,1,true
-2.3378,-3.5395,0,0,true
0.4758,-0.0821,1,1,true
-2.1086,-0.7049,1,1,true
-0.1279,2.2748,0,0,true
-1.9436,-0.8710,1,1,true
2.8484,2.0951,0,0,true
-1.1712,1.8476,1,1,true
-0.3165,-3.6048,0,0,true
0.9742,-3.6479,0,0,true
2.4965,1.6913,0,0,true
-0.0917,-0.5136,1,1,true
1.7318,3.2187,0,0,true
1.1657,-2.9432,0,0,true
-2.9845,-0.4405,1,1,true
0.6028,-3.2014,0,0,true
-0.6723,-2.7716,0,0,true
-1.3033,1.2852,1,1,true
-0.8916,-0.1048,1,1,true
-1.6456,-1.6708,0,0,true
1.2522,-2.0272,0,0,true
-2.8998,2.3283,1,1,true
-0.6324,2.1095,0,0,true
-2.4022,0.2117,1,1,true
2.6175,-0.3204,1,1,true
1.9148,0.5646,0,0,true
0.3698,1.0640,0,0,true
-0.1845,0.2472,1,1,true
-2.5490,-3.6164,0,0,true
-0.9437,-2.1866,0,0,true
0.5142,0.3614,0,0,true
2.4200,0.2972,0,0,true
-1.3609,-1.6097,0,0,true
2.5722,1.7574,0,0,true
-1.4714,-1.8383,0,0,true
0.6668,-2.6436,0,0,true
-0.4468,3.6719,0,0,true
-1.7250,-3.0571,0,0,true
-2.4711,-1.4680,0,0,true
-2.8367,1.1843,1,1,true
-0.5372,0.4589,1,1,true
-2.3605,-1.1279,0,0,true
0.9588,-1.0689,0,0,true
-1.5992,0.9138,1,1,true
2.0796,-3.2764,0,0,true
-0.8783,1.3018,0,0,true
2.4053,-2.6644,0,0,true
2.8850,-2.2065,0,0,true
-1.5955,3.5128,1,1,true
-0.4563,2.7873,0,0,true
2.6948,-1.7888,0,0,true
2.3950,2.4630,0,0,true
2.1624,1.1377,0,0,true
-1.8831,-3.0513,0,0,true
-1.6137,1.4956,1,1,true
-2.7155,-2.7432,0,0,true
0.7568,-3.3886,0,0,true
-1.0000,-1.5656,0,0,true
-2.1197,0.3080,1,1,true
-2.2266,-2.9782,0,0,true
-0.7732,-0.4392,1,1,true
0.8849,-2.1838,0,0,true
-0.9364,-3.1293,0,0,true
-0.7712,-0.5431,1,1,true
-2.1569,3.1140,1,1,true
-0.9545,-1.6473,0,0,true
-2.7815,3.0652,1,1,true
1.4805,1.6522,0,0,true
1.2594,-3.8436,0,0,true
-0.8544,-3.5419,0,0,true
-1.1141,2.6216,1,1,true
-1.1791,1.0622,1,1,true
1.7176,3.4041,0,0,true
1.6425,3.1707,0,0,true
-2.3324,-0.0432,1,1,true
1.2183,-1.0841,0,0,true
2.2899,3.1886,0,0,true
-0.7069,-2.4955,0,0,true
-1.0512,-0.0349,1,1,true
2.9967,-2.6559,0,0,true
2.8699,1.3354,0,0,true
2.3246,0.8016,0,0,true
-1.4181,2.5847,1,1,true
-2.2937,-2.4373,0,0,true
0.6863,-3.1469,0,0,true
1.6093,-2.6477,0,0,true
-0.4937,0.5863,1,1,true
1.0141,-2.9558,0,0,true
-0.4329,-3.3657,0,0,true
-1.1866,-1.6877,0,0,true
2.2893,-3.1779,0,0,true
-0.1095,-3.3250,0,0,true
1.0877,-0.6157,0,0,true
1.3510,-3.1921,0,0,true
2.1301,-3.1554,0,0,true
0.3094,-3.5916,0,0,true
1.4215,-2.4157,0,0,true
2.3182,2.4383,0,0,true
-0.1586,1.2196,1,1,true
2.4182,2.5711,0,0,true
2.1893,1.2544,0,0,true
-2.7069,2.1629,1,1,true
2.0097,-3.2228,0,0,true
1.7194,-2.7144,0,0,true
2.7765,-2.2580,0,0,true
0.7342,0.0653,0,0,true
-0.0028,2.0253,0,0,true
1.6571,2.4155,0,0,true
-0.1191,1.5234,0,0,true
-1.1469,-3.1462,0,0,true
-0.4604,-0.5841,1,1,true
-0.7018,0.2585,1,1,true
-2.8184,-1.2479,0,0,true
2.3655,-0.1623,1,1,true
-0.2768,1.9088,0,0,true
2.3198,-0.6597,1,1,true
-1.4542,3.6442,1,1,true
2.2048,-2.7589,0,0,true
-0.8392,-0.8460,1,1,true
-2.1909,-2.7500,0,0,true
0.7577,3.9738,0,0,true
2.9881,3.9803,0,0,true
-0.1294,3.5348,0,0,true
-1.7854,0.9512,1,1,true
-1.1597,-3.4083,0,0,true
-2.0602,2.2553,1,1,true
-1.0961,-0.9308,1,1,true
-1.3146,0.3652,1,1,true
2.5799,-3.9755,0,0,true
0.7938,2.3131,0,0,true
2.3667,-1.4327,0,0,true
-0.7718,1.4073,1,1,true
-2.6381,-3.5287,0,0,true
1.5933,0.1229,0,0,true
2.6892,3.7551,0,0,true
0.8005,-1.6308,0,0,true
0.7386,0.5815,0,0,true
0.1424,3.8523,0,0,true
0.8585,0.8770,0,0,true
-2.3866,1.0192,1,1,true
2.1949,3.8074,0,0,true
1.9136,-2.9671,0,0,true
1.3773,-0.2358,0,0,true
2.0336,0.0894,0,0,true
-2.7359,2.5119,1,1,true
2.3965,0.8707,0,0,true
-0.5405,-2.7331,0,0,true
0.5796,-1.0169,1,1,true
0.8237,-2.1797,0,0,true
1.2129,-1.9135,0,0,true
2.6481,-3.4584,0,0,true
-0.0757,0.6264,1,1,true
1.6852,-1.3801,0,0,true
-1.0440,-3.0962,0,0,true
2.9413,-0.2622,1,1,true
2.0917,0.3048,0,0,true
2.8031,2.5969,0,0,true
-2.2637,1.2333,1,1,true
-0.1775,-3.2390,0,0,true
-0.3058,-2.2612,0,0,true
2.7422,-2.8036,0,0,true
2.1983,-2.0532,0,0,true
-0.0093,-0.1037,1,1,true
2.9046,-2.2141,0,0,true
2.9945,2.2376,0,0,true
-2.3361,0.4271,1,1,true
0.0862,0.3712,1,1,true
-0.8353,-0.3391,1,1,true
1.2328,-2.0503,0,0,true
-1.9473,-3.3672,0,0,true
1.2718,-0.5929,0,0,true
-0.5630,2.4378,0,0,true
1.0257,1.4820,0,0,true
1.5176,-1.3826,0,0,true
0.5883,-3.8295,0,0,true
1.7602,-0.4214,1,1,true
2.6357,-3.7128,0,0,true
2.1233,3.6304,0,0,true
0.3092,-3.6794,0,0,true
-1.0955,0.2635,1,1,true
-2.3922,2.9800,1,1,true
-1.4152,3.4277,1,1,true
-2.7225,-2.1023,0,0,true
-0.2605,-1.6248,0,0,true
2.7158,-3.7540,0,0,true
0.2316,1.2544,0,0,true
1.3145,-0.5752,0,0,true
-1.2112,-1.8576,0,0,true
-1.7676,-0.5091,1,1,true
2.6625,2.6213,0,0,true
-2.5935,0.7540,1,1,true
1.5603,-2.4053,0,0,true
-2.1869,3.2134,1,1,true
2.8095,-2.3993,0,0,true
2.6904,-1.2701,0,0,true
-1.0948,3.0357,1,1,true
-2.8429,-2.3896,0,0,true
1.0692,-2.5470,0,0,true
1.4350,0.8750,0,0,true
-0.6090,0.1011,1,1,true
1.5582,-1.8932,0,0,true
-2.9556,-0.4554,1,1,true
1.4858,-3.8274,0,0,true
-0.0054,-1.6297,0,0,true
0.3294,-2.4442,0,0,true
0.3438,-2.2699,0,0,true
2.9905,3.2170,0,0,true
-1.3946,0.4572,1,1,true
-1.7526,-2.6524,0,0,true
2.6076,-3.4515,0,0,true
0.0055,-3.1416,0,0,true
0.9168,0.3767,0,0,true
-0.7327,1.6795,0,0,true
-0.3218,3.9488,0,0,true
-0.1800,0.3102,1,1,true
-0.0815,3.0962,0,0,true
0.1408,0.4648,1,1,true
0.9071,2.0594,0,0,true
-2.4499,1.0051,1,1,true
2.4091,3.6338,0,0,true
-0.1169,1.1112,1,1,true
0.0661,-1.6788,0,0,true
-1.1696,2.3407,1,1,true
-1.1388,2.8843,1,1,true
-1.3115,0.8208,1,1,true
-2.1310,-0.3059,1,1,true
0.0500,-2.5364,0,0,true
-1.2862,-1.2419,0,0,true
-2.7364,0.8642,1,1,true
0.5682,-2.0614,0,0,true
-0.2263,3.3239,0,0,true
1.1104,1.6518,0,0,true
2.8150,1.9410,0,0,true
-1.9678,1.4048,1,1,true
2.2494,3.3821,0,0,true
-1.8016,-1.4930,0,0,true
-0.0163,1.9120,0,0,true
-1.0131,2.3256,1,1,true
-0.7524,2.1819,0,0,true
1.2159,3.6697,0,0,true
-1.4647,-0.6041,1,1,true
-1.1623,-2.8173,0,0,true
2.3682,-1.2733,0,0,true
-2.6543,3.6107,1,1,true
-1.9308,-1.1165,0,0,true
-2.5437,1.6667,1,1,true
2.6032,-3.6705,0,0,true
-0.2819,-3.5904,0,0,true
2.0627,1.1091,0,0,true
-1.1749,2.2492,1,1,true
-2.9173,-2.7648,0,0,true
-0.7140,1.4997,0,0,true
-2.8896,3.9934,1,1,true
0.3072,-0.8264,1,1,true
1.0576,-1.3541,0,0,true
-0.5923,3.0578,0,0,true
-0.8038,2.7653,0,0,true
-1.7519,-3.2268,0,0,true
-2.5844,2.7094,1,1,true
-0.4734,2.8237,0,0,true
-2.9679,3.7215,1,1,true
1.8284,-2.4103,0,0,true
-0.9747,-1.5715,0,0,true
1.6927,3.6149,0,0,true
0.1376,-1.4117,0,0,true
-1.5729,3.8168,1,1,true
0.3729,-0.0980,1,1,true
2.0462,-2.5003,0,0,true
-0.3846,1.5386,0,0,true
-0.6419,-3.8872,0,0,true
-0.6197,-0.5142,1,1,true
1.3048,0.4985,0,0,true
2.7311,-2.5173,0,0,true
0.0717,-0.5833,1,1,true
2.4450,1.5957,0,0,true
-1.0667,-3.1765,0,0,true
1.2737,-0.1507,0,0,true
0.3384,-3.2198,0,0,true
0.6921,-0.0703,0,0,true
-0.3735,0.8262,1,1,true
2.1173,-3.8441,0,0,true
-2.7397,1.6726,1,1,true
-0.6558,1.6553,0,0,true
1.4218,2.5715,0,0,true
-1.8403,0.9509,1,1,true
-2.6171,-1.4048,0,0,true
-2.7818,0.6763,1,1,true
2.5837,2.3131,0,0,true
1.0253,-0.1686,0,0,true
0.8511,3.1128,0,0,true
-0.8004,1.1686,1,1,true
0.8196,-1.8495,0,0,true
1.1286,3.1934,0,0,true
-0.8659,-0.8612,1,1,true
-1.0451,0.6403,1,1,true
2.2266,0.2390,0,0,true
-2.0653,3.5944,1,1,true
0.1504,3.5821,0,0,true
0.6504,3.8853,0,0,true
1.2404,3.6165,0,0,true
-0.8074,-0.1088,1,1,true
1.3116,2.8027,0,0,true
-1.3569,-1.7016,0,0,true
-0.0938,0.2154,1,1,true
-0.5004,2.1746,0,0,true
-1.4907,-2.5799,0,0,true
1.1870,-0.5843,0,0,true
-2.3558,3.7900,1,1,true
0.3253,0.9712,0,0,true
2.9960,3.6243,0,0,true
1.3601,0.7715,0,0,true
-1.9449,3.4077,1,1,true
-0.0658,-0.6919,1,1,true
-0.5486,-2.1520,0,0,true
-2.6230,0.0636,1,1,true
2.4767,3.9036,0,0,true
-1.6975,2.5876,1,1,true
2.2762,1.2748,0,0,true
0.6738,-1.6195,0,0,true
-2.6591,-1.0037,1,1,true
-1.6430,-3.6604,0,0,true
0.0954,0.4734,1,1,true
1.3295,1.1024,0,0,true
0.0834,1.3411,0,0,true
0.6551,-0.0200,0,0,true
2.2345,3.2525,0,0,true
-1.9068,-0.9222,1,1,true
-1.3287,0.4412,1,1,true
2.5514,-3.0835,0,0,true
-2.6790,-1.9604,0,0,true
-0.2619,2.1027,0,0,true
-1.9278,-2.2603,0,0,true
0.3783,3.0558,0,0,true
-0.1855,-1.2746,0,0,true
0.2031,2.1583,0,0,true
-0.7041,3.9190,0,0,true
-0.5687,1.5245,0,0,true
2.8619,0.4777,0,0,true
-1.6373,1.9366,1,1,true
-2.0173,-2.0095,0,0,true
-0.4570,0.8217,1,1,true
1.6408,-0.3010,1,1,true
2.8235,-2.4393,0,0,true
0.1308,0.8867,1,1,true
-2.6072,-3.5249,0,0,true
2.1919,0.0466,0,0,true
-1.2959,-2.0599,0,0,true
-0.4332,-1.8660,0,0,true
-1.9816,-3.1152,0,0,true
-0.9833,0.0008,1,1,true
1.2546,-3.3759,0,0,true
1.8157,3.5201,0,0,true
0.2181,0.9333,1,1,true
0.5582,3.6107,0,0,true
-0.6164,0.4176,1,1,true
0.6122,0.7445,0,0,true
-0.0179,-0.7952,1,1,true
1.5213,1.9202,0,0,true
-0.1413,0.4335,1,1,true
-2.3691,-0.8217,1,1,true
-2.5945,-2.7241,0,0,true
1.9016,2.2974,0,0,true
0.9476,-3.9861,0,0,true
-0.6947,0.5664,1,1,true
-2.1873,1.0534,1,1,true
1.9205,3.2917,0,0,true
-0.1770,-2.6776,0,0,true
-2.7788,-1.7536,0,0,true
0.3004,-2.4470,0,0,true
2.9897,1.7812,0,0,true
-1.6656,-0.0426,1,1,true
-2.1636,-0.2208,1,1,true
-1.4587,1.6055,1,1,true
-2.1075,-0.3783,1,1,true
0.4930,-3.1038,0,0,true
-0.1279,0.0850,1,1,true
2.8271,2.3254,0,0,true
0.5883,2.4822,0,0,true
0.4300,2.6876,0,0,true
-0.4624,3.5890,0,0,true
0.9384,3.3972,0,0,true
-2.1948,-1.2604,0,0,true
-2.2294,-0.7417,1,1,true
-2.0663,3.6364,1,1,true
0.6104,2.3011,0,0,true
-2.4059,0.4728,1,1,true
1.6138,-0.4739,1,1,true
1.1358,-3.4280,0,0,true
1.3974,2.7465,0,0,true
2.8723,3.2602,0,0,true
1.6221,2.4089,0,0,true
1.6199,-1.6156,0,0,true
-2.5941,-3.0002,0,0,true
1.6310,1.3471,0,0,true
1.6444,2.8087,0,0,true
-1.7993,-0.4502,1,1,true
0.2906,1.1514,1,1,true
0.8447,1.9098,0,0,true
1.4083,2.5609,0,0,true
-2.9084,-3.8730,0,0,true
0.2115,-0.4347,1,1,true
0.1187,-0.8063,1,1,true
-1.1685,1.4207,1,1,true
2.1248,1.2407,0,0,true
-1.2103,2.8094,1,1,true
1.4163,-1.5437,0,0,true
0.7152,-2.6865,0,0,true
0.8760,3.1241,0,0,true
2.5633,3.3978,0,0,true
1.1123,1.5773,0,0,true
-0.3400,0.5057,1,1,true
-2.5260,2.5121,1,1,true
-2.2173,0.7336,1,1,true
2.0336,0.0855,0,0,true
-2.4242,3.5695,1,1,true
-2.2483,1.9541,1,1,true
2.4456,-0.9870,1,1,true
0.4512,2.8811,0,0,true
-1.0761,-3.4775,0,0,true
0.0017,1.4013,0,0,true
-2.3365,-3.7629,0,0,true
0.1393,0.0048,1,1,true
-0.5649,3.2806,0,0,true
-2.8082,-0.2601,1,1,true
1.7241,0.7945,0,0,true
-1.5952,0.5983,1,1,true
-0.0480,-3.4570,0,0,true
0.8413,2.0718,0,0,true
-0.0247,2.7138,0,0,true
0.2980,2.7890,0,0,true
-1.3758,-1.1581,0,0,true
-0.0792,-2.9426,0,0,true
-2.4892,-1.5906,0,0,true
2.5466,3.5021,0,0,true
-0.9241,2.1411,0,0,true
-2.1487,-1.9898,0,0,true
0.3029,0.7155,1,1,true
1.1451,-1.1910,0,0,true
-0.1243,-0.8866,1,1,true
1.5876,-0.1096,1,1,true
1.0033,0.7739,0,0,true
2.1872,2.8000,0,0,true
1.0194,-0.6398,0,0,true
2.4380,2.2613,0,0,true
-1.2292,3.0755,1,1,true
-1.5310,-1.4001,0,0,true
0.1736,-3.4610,0,0,true
0.5918,3.7941,0,0,true
-2.8677,-3.3057,0,0,true
2.6531,-2.0787,0,0,true
-0.4019,-2.2348,0,0,true
-0.8043,1.1074,1,1,true
1.0292,-3.7220,0,0,true
1.5775,-2.4335,0,0,true
-2.4264,-0.7301,1,1,true
-0.4721,0.3224,1,1,true
-0.3839,-2.8245,0,0,true
1.9276,2.1699,0,0,true
0.8893,2.3002,0,0,true
1.4389,-3.2167,0,0,true
-1.9155,-3.5460,0,0,true
0.9160,-3.5407,0,0,true
1.6607,1.7720,0,0,true
0.5534,0.3354,0,0,true
-2.4544,0.0854,1,1,true
-1.6498,1.6939,1,1,true
1.9145,1.0971,0,0,true
1.6170,-0.4268,1,1,true
2.2068,2.0258,0,0,true
-1.9083,0.9636,1,1,true
1.4893,-0.4560,1,1,true
0.4132,-1.2886,0,0,true
-1.2447,-3.6788,0,0,true
1.3889,-3.4676,0,0,true
0.6316,-2.7725,0,0,true
2.5748,-0.6278,1,1,true
-2.7939,-2.6843,0,0,true
0.4835,3.5694,0,0,true
-2.5038,-0.9655,1,1,true
1.5769,-1.1266,0,0,true
1.5363,1.8812,0,0,true
-2.5649,-0.2743,1,1,true
-0.9354,-1.0931,0,0,true
-2.3057,-0.5831,1,1,true
2.1264,-3.4761,0,0,true
1.3119,-0.5040,0,0,true
-2.4546,3.8828,1,1,true
-0.1599,-1.2438,0,0,true
-0.8630,3.7062,0,0,true
2.5447,1.1727,0,0,true
1.0598,0.2806,0,0,true
0.6585,2.7527,0,0,true
2.8865,-1.3363,0,0,true
0.4718,3.1254,0,0,true
2.0379,-1.4031,0,0,true
-2.8276,3.8561,1,1,true
-0.2923,2.2718,0,0,true
2.1489,0.5396,0,0,true
-0.1455,3.2603,0,0,true
-1.1424,3.6149,1,1,true
-0.1051,-1.8605,0,0,true
-2.5235,-2.6471,0,0,true
2.0200,2.3029,0,0,true
2.5031,1.7931,0,0,true
1.5001,-2.3775,0,0,true
-0.5656,2.9580,0,0,true
-1.2095,0.0062,1,1,true
0.2511,2.3107,0,0,true
0.1591,1.3285,0,0,true
-1.4896,-1.0788,0,0,true
1.0737,1.7425,0,0,true
-0.1392,-3.3482,0,0,true
2.3302,0.8251,0,0,true
2.1888,-1.1522,0,0,true
-2.8051,3.0498,1,1,true
1.7030,-1.6019,0,0,true
-2.2620,-0.5053,1,1,true
0.3579,-0.0469,1,1,true
0.6029,-0.5500,1,1,true
-2.5442,2.8287,1,1,true
-2.6918,-2.7036,0,0,true
1.3165,-0.2811,0,0,true
1.8697,0.3956,0,0,true
0.7871,-0.8263,1,1,true
2.2253,0.5636,0,0,true
1.0151,3.8875,0,0,true
2.0676,-1.9747,0,0,true
1.0966,-0.6437,0,0,true
-0.7690,-0.4936,1,1,true
0.7493,2.3817,0,0,true
0.9636,-2.6327,0,0,true
-1.1313,-0.4416,1,1,true
0.3548,3.9963,0,0,true
-0.7524,-3.5846,0,0,true
-0.6673,1.8148,0,0,true
-1.5556,-1.0559,1,1,true
-2.0133,-3.5405,0,0,true
-1.5619,-1.0532,1,1,true
-1.0201,-1.3838,0,0,true
-0.6588,-0.5430,1,1,true
1.9213,-2.2381,0,0,true
0.0828,-1.7860,0,0,true
0.7096,3.4932,0,0,true
-2.0394,-0.2129,1,1,true
0.6169,0.6899,0,0,true
0.1196,-3.5429,0,0,true
1.4424,1.4672,0,0,true
-2.3540,0.5903,1,1,true
2.8337,1.8529,0,0,true
1.3223,-0.9153,1,1,true
-1.5317,-1.0981,0,0,true
2.3620,3.7376,0,0,true
1.0771,-2.4689,0,0,true
2.7130,3.9550,0,0,true
-0.1835,-3.2000,0,0,true
-0.4801,1.7873,0,0,true
-0.5904,-0.4938,1,1,true
1.3385,1.5411,0,0,true
-0.6743,0.0146,1,1,true
0.1846,1.8661,0,0,true
-2.1133,-0.4692,1,1,true
-1.0789,1.3470,1,1,true
-2.8664,1.9520,1,1,true
2.6269,0.6599,0,0,true
2.7219,-2.3108,0,0,true
1.4003,0.9870,0,0,true
2.8455,-0.6255,1,1,true
-2.5088,2.1683,1,1,true
-0.7313,-3.0215,0,0,true
1.4673,-3.4235,0,0,true
2.4772,-0.6218,1,1,true
0.4058,-1.0994,0,0,true
1.2771,3.8899,0,0,true
-2.2550,2.2265,1,1,true
-1.4116,2.5604,1,1,true
-0.4355,-0.9682,1,1,true
2.5059,-3.8420,0,0,true
-1.0337,1.7734,1,1,true
-0.0670,1.8846,0,0,true
-0.7136,-2.6198,0,0,true
-0.4305,3.1475,0,0,true
0.1675,-0.7085,1,1,true
-0.9312,0.3863,1,1,true
-2.3344,2.5749,1,1,true
0.0288,-0.5314,1,1,true
1.5873,2.5735,0,0,true
2.1788,1.6593,0,0,true
1.2084,-2.2143,0,0,true
-0.0718,-1.4600,0,0,true
-1.6763,-3.9812,0,0,true
-2.0128,0.3533,1,1,true
1.5245,-2.4824,0,0,true
0.5748,-3.7981,0,0,true
-1.6085,3.2335,1,1,true
-0.0241,-0.4527,1,1,true
2.0105,1.1085,0,0,true
2.7896,-3.2054,0,0,true
2.2334,-0.3336,1,1,true
-0.8203,-0.0257,1,1,true
-1.6593,3.6137,1,1,true
-2.0881,2.7349,1,1,true
0.9700,-0.3329,0,0,true
-2.2904,-2.5633,0,0,true
2.9427,2.3542,0,0,true
0.0761,0.8420,1,1,true
-1.1372,-0.8177,1,1,true
-1.3067,-0.6808,1,1,true
-2.7318,-0.2751,1,1,true
0.8170,-3.7352,0,0,true
1.6874,-1.2332,0,0,true
-0.5163,-1.2764,0,0,true
-1.4944,0.7836,1,1,true
-2.5950,1.8817,1,1,true
-2.8888,3.2675,1,1,true
-0.0913,-2.0150,0,0,true
1.3159,0.9264,0,0,true
-2.2879,2.9379,1,1,true
0.4999,1.9665,0,0,true
-2.6324,-2.0256,0,0,true
1.9984,-1.2262,0,0,true
-1.1863,2.6267,1,1,true
1.0718,2.9976,0,0,true
-0.6941,-0.4357,1,1,true
-0.9097,-1.5433,0,0,true
-0.3157,-1.1292,0,0,true
1.7325,3.6013,0,0,true
-0.5104,2.7987,0,0,true
0.5482,0.5433,0,0,true
2.8704,2.0902,0,0,true
1.5024,3.8973,0,0,true
0.1391,2.1835,0,0,true
0.5652,1.7591,0,0,true
-2.5502,-3.8492,0,0,true
2.3990,2.5661,0,0,true
-2.6279,-2.6573,0,0,true
-0.2191,2.5194,0,0,true
0.5884,1.7561,0,0,true
-2.7878,3.1455,1,1,true
1.1693,0.4239,0,0,true
2.1634,-0.7988,1,1,true
-0.9628,0.0881,1,1,true
-0.2321,-2.9670,0,0,true
2.4290,-1.7919,0,0,true
-2.5217,2.6302,1,1,true
1.5693,-1.3301,0,0,true
0.4020,2.1222,0,0,true
-0.1717,3.9058,0,0,true
-2.5649,0.4513,1,1,true
-2.1532,-2.5710,0,0,true
0.8296,-1.1711,0,0,true
-2.1342,0.9542,1,1,true
-2.1051,-1.8311,0,0,true
1.0393,3.4730,0,0,true
1.1966,-1.5759,0,0,true
2.8533,-0.7549,1,1,true
2.1754,2.6453,0,0,true
1.2327,-2.9380,0,0,true
0.9465,3.4219,0,0,true
0.4629,2.3707,0,0,true
0.1905,3.2667,0,0,true
-2.6853,-2.0330,0,0,true
-1.9322,-2.3394,0,0,true
-2.4910,0.2268,1,1,true
2.3587,3.7826,0,0,true
1.1105,2.9843,0,0,true
-2.8189,-0.6415,1,1,true
2.1324,-0.6525,1,1,true
0.9820,1.9006,0,0,true
-0.0509,1.0734,1,1,true
-1.8543,-0.8409,1,1,true
-0.7158,1.3189,0,0,true
-1.4815,2.2334,1,1,true
-0.7620,-2.2587,0,0,true
2.9239,2.3733,0,0,true
0.9573,2.0529,0,0,true
-1.3953,-3.4128,0,0,true
-1.2852,-2.0436,0,0,true
-1.3340,0.5154,1,1,true
1.9175,2.6576,0,0,true
-2.6285,3.6159,1,1,true
-0.9538,1.7259,0,0,true
1.8246,0.1905,0,0,true
-2.0825,0.0799,1,1,true
-1.6843,3.9846,1,1,true
0.6387,2.7212,0,0,true
-0.4376,-0.9483,1,1,true
-1.0740,1.4552,1,1,true
0.5585,-3.2251,0,0,true
1.4890,3.4696,0,0,true
0.6008,-2.5927,0,0,true
-0.2070,-0.1815,1,1,true
-2.6465,-0.6771,1,1,true
0.6781,-1.2219,0,0,true
1.9828,3.7961,0,0,true
0.2399,-0.9114,1,1,true
-1.3393,1.1465,1,1,true
-1.5124,-3.4511,0,0,true
2.5301,-0.5076,1,1,true
-0.1401,1.9459,0,0,true
1.8310,0.9259,0,0,true
-0.8814,-3.9536,0,0,true
0.3181,-1.7903,0,0,true
-0.3118,-1.0103,1,1,true
-2.7589,-2.4711,0,0,true
-1.8239,0.1918,1,1,true
0.9135,-3.7892,0,0,true
2.3966,-3.1048,0,0,true
-2.3493,-3.8845,0,0,true
-1.2503,-3.5473,0,0,true
2.6931,-0.8729,1,1,true
2.5642,3.2397,0,0,true
1.5357,-2.5651,0,0,true
-0.8141,-1.0127,1,1,true
-1.0077,0.5307,1,1,true
-2.1372,-2.2362,0,0,true
-0.0101,-0.2558,1,1,true
-2.3380,-1.6016,0,0,true
-1.4759,-2.8369,0,0,true
-1.6583,0.2841,1,1,true
2.0441,0.7939,0,0,true
2.9513,1.8064,0,0,true
-1.1209,1.8238,1,1,true
-1.0414,2.9093,1,1,true
2.5814,-2.4902,0,0,true
0.8362,0.4443,0,0,true
0.2596,0.6510,1,1,true
-0.2376,1.4349,0,0,true
-0.5763,1.9163,0,0,true
2.3058,-2.4942,0,0,true
-0.4026,3.7232,0,0,true
-2.5537,0.1881,1,1,true
-1.3957,-0.5761,1,1,true
0.0728,1.4788,0,0,true
-2.9788,1.4990,1,1,true
2.5030,-3.2893,0,0,true
-0.9181,2.6575,0,0,true
-2.4481,0.3407,1,1,true
1.1805,0.8840,0,0,true
1.4697,-2.5564,0,0,true
0.3570,3.5356,0,0,true
-1.9155,0.1088,1,1,true
1.7646,0.7925,0,0,true
2.0283,0.6988,0,0,true
-0.3685,-1.8223,0,0,true
1.3090,3.6747,0,0,true
-2.7021,0.3422,1,1,true
-2.8095,2.1689,1,1,true
0.0638,1.3610,0,0,true
-2.6157,-2.1493,0,0,true
0.6331,-1.8940,0,0,true
-0.3031,0.0680,1,1,true
1.9606,0.5099,0,0,true
1.5214,2.7775,0,0,true
-2.2998,-3.3030,0,0,true
-1.6120,0.1447,1,1,true
2.8735,-0.8132,1,1,true
-0.2055,1.1927,1,1,true
-0.9140,1.2809,0,0,true
1.9670,-3.1556,0,0,true
-0.3989,2.2435,0,0,true
2.2397,-2.8211,0,0,true
2.1227,3.5663,0,0,true
2.5045,3.0955,0,0,true
0.0848,1.5022,0,0,true
0.5644,-3.8411,0,0,true
-2.5925,2.4144,1,1,true
2.7820,3.3739,0,0,true
-0.0518,2.0126,0,0,true
-2.3983,0.6197,1,1,true
2.3959,-1.3398,0,0,true
-2.7138,-2.9568,0,0,true
-2.7888,-0.5549,1,1,true
-0.0684,-2.3525,0,0,true
-2.6660,-3.6493,0,0,true
2.7737,-0.7145,1,1,true
-0.8793,-3.3850,0,0,true
-2.5952,-3.3243,0,0,true
2.3950,0.2379,0,0,true
2.1389,0.9589,0,0,true
1.1372,-2.0561,0,0,true
-0.5883,2.6103,0,0,true
-2.4539,0.6330,1,1,true
-0.2100,2.2207,0,0,true
-0.1567,-0.4952,1,1,true
-1.4973,-1.5622,0,0,true
-0.1122,0.2525,1,1,true
-0.3324,-3.0950,0,0,true
-1.7678,3.7344,1,1,true
1.8263,-2.3663,0,0,true
-0.6377,3.2811,0,0,true
1.0190,3.4371,0,0,true
1.7608,-3.6356,0,0,true
-0.6155,-0.0310,1,1,true
-2.4681,-1.9797,0,0,true
1.4457,-2.8215,0,0,true
-2.1540,3.8486,1,1,true
1.3830,1.6233,0,0,true
-2.4609,-0.4703,1,1,true
-2.4133,-1.4026,0,0,true
2.9152,-2.5499,0,0,true
-0.5224,0.0818,1,1,true
2.2292,-0.2619,1,1,true
-1.9208,1.6514,1,1,true
1.1921,0.3729,0,0,true
-0.4648,3.6986,0,0,true
1.3979,1.9995,0,0,true
0.8235,1.0897,0,0,true
-2.4127,2.7573,1,1,true
1.7552,-1.9453,0,0,true
0.0922,0.6675,1,1,true
-1.0815,-3.9936,0,0,true
-1.5858,-3.2880,0,0,true
-1.8437,3.4166,1,1,true
-2.3359,3.7558,1,1,true
-2.7095,-2.8572,0,0,true
0.5693,1.1771,0,0,true
-2.7001,2.8504,1,1,true
2.8116,0.7052,0,0,true
0.9506,-3.9779,0,0,true
-2.5372,2.5684,1,1,true
-1.0836,3.2116,1,1,true
1.9038,-3.1432,0,0,true
-0.6633,1.7233,0,0,true
0.9324,3.3156,0,0,true
1.5859,2.0661,0,0,true
2.9556,-0.5325,1,1,true
1.4098,1.7653,0,0,true
0.4483,-0.6328,1,1,true
-0.1753,3.1016,0,0,true
-0.4625,2.5634,0,0,true
-0.0267,-1.2969,0,0,true
1.4828,-3.8100,0,0,true
0.6525,-0.9771,1,1,true
1.5271,2.7303,0,0,true
-0.0673,-3.6609,0,0,true
0.3175,0.5652,0,0,true
2.2555,3.8363,0,0,true
0.6597,-3.6609,0,0,true
2.0966,1.3121,0,0,true
1.5979,1.0948,0,0,true
-2.2729,3.5646,1,1,true
-0.6744,-2.1264,0,0,true
-2.6655,2.0583,1,1,true
0.8351,1.8879,0,0,true
-0.8608,0.3858,1,1,true
-0.2585,-1.6032,0,0,true
-2.6212,0.2899,1,1,true
-2.9797,-1.0065,1,1,true
0.4946,-1.5811,0,0,true
-1.0490,1.4387,1,1,true
0.7660,-1.3008,0,0,true
0.1065,3.8833,0,0,true
-2.8069,-1.4453,0,0,true
0.9840,3.0238,0,0,true
-1.3651,-2.2966,0,0,true
2.2429,-0.1186,1,1,true
-0.7176,-1.3307,0,0,true
1.7603,-0.9774,1,1,true
1.6802,1.4579,0,0,true
-2.3892,2.1317,1,1,true
2.9194,3.3674,0,0,true
0.6728,-0.9134,1,1,true
0.8852,2.4399,0,0,true
0.8116,0.1066,0,0,true
2.9443,2.6575,0,0,true
2.5558,3.0791,0,0,true
-2.1802,-0.5300,1,1,true
0.0651,-1.1142,0,0,true
1.3367,-1.2661,0,0,true
-2.4257,2.0465,1,1,true
2.0193,-0.6207,1,1,true
1.6861,-3.9807,0,0,true
-1.9371,3.4255,1,1,true
2.0093,1.3319,0,0,true
-1.6453,-0.1618,1,1,true
1.4148,-1.4938,0,0,true
-2.2056,2.5689,1,1,true
0.1862,3.5643,0,0,true
-1.0180,-1.8475,0,0,true
0.9671,-2.8866,0,0,true
-0.4361,-3.6081,0,0,true
-2.0259,3.2339,1,1,true
-2.7860,-1.0726,1,1,true
-0.9421,-1.3304,0,0,true
-1.1590,1.6038,1,1,true
0.7772,-0.3989,0,0,true
1.3031,3.9714,0,0,true
2.0522,2.3679,0,0,true
-1.9575,-0.3856,1,1,true
0.0754,-2.7631,0,0,true
0.0873,0.1345,1,1,true
2.0663,-0.1462,1,1,true
1.4309,-2.5563,0,0,true
1.3503,-1.0298,0,0,true
1.2833,0.7785,0,0,true
1.4710,-3.8744,0,0,true
2.8502,3.0890,0,0,true
0.7518,-0.7033,0,0,true
-2.4407,-2.7186,0,0,true
0.7718,-3.2396,0,0,true
-2.5112,2.8714,1,1,true
0.4239,-3.5116,0,0,true
0.3021,1.3714,0,0,true
-1.8000,-3.4095,0,0,true
-1.8943,3.2104,1,1,true
0.7607,-0.0676,0,0,true
-0.4346,3.7292,0,0,true
2.8201,1.4472,0,0,true
-1.1771,-1.8763,0,0,true
2.6462,-3.4544,0,0,true
-0.9174,0.3339,1,1,true
-2.4219,2.7671,1,1,true
-0.4443,0.3642,1,1,true
-0.9536,-0.7233,1,1,true
0.2840,2.4753,0,0,true
-2.4224,-1.6289,0,0,true
0.1474,-1.6544,0,0,true
-0.8295,-2.3758,0,0,true
0.4796,-1.5761,0,0,true
-1.7367,0.9705,1,1,true
-2.8489,-0.1772,1,1,true
-2.9227,-0.2508,1,1,true
1.2769,-2.0730,0,0,true
-2.7968,1.7356,1,1,true
-1.3517,-2.7628,0,0,true
1.6878,-0.6554,1,1,true
-0.3728,-3.1800,0,0,true
-0.3822,1.7480,0,0,true
-0.2167,-3.1523,0,0,true
-1.2687,-3.3810,0,0,true
1.4503,3.4748,0,0,true
-2.7956,-1.9834,0,0,true
2.0722,2.5204,0,0,true
-0.7394,-0.1499,1,1,true
-0.8415,-0.2876,1,1,true
1.6469,-1.2016,0,0,true
-2.3469,2.1292,1,1,true
-0.8019,1.3556,1,1,true
2.0187,-3.5688,0,0,true
0.0818,2.6460,0,0,true
0.9712,1.1428,0,0,true
-0.3233,1.4285,0,0,true
-2.5465,-0.4925,1,1,true
2.6585,-2.3134,0,0,true
2.0588,0.7067,0,0,true
-0.0014,-3.6987,0,0,true
-0.3516,3.6548,0,0,true
2.2468,0.6815,0,0,true
2.2857,2.0667,0,0,true
-1.7882,-1.9824,0,0,true
2.0443,3.2359,0,0,true
0.0144,-1.2142,0,0,true
1.5036,-3.0661,0,0,true
1.4020,-2.6495,0,0,true
2.0063,2.9632,0,0,true
2.3740,2.5934,0,0,true
-0.1193,2.4072,0,0,true
-2.8824,-1.0160,1,1,true
0.9349,1.7425,0,0,true
1.1068,1.5739,0,0,true
1.4856,-1.6349,0,0,true
-0.9746,-1.9400,0,0,true
0.6299,3.6005,0,0,true
-2.4445,-3.6689,0,0,true
2.4101,-3.7701,0,0,true
-2.0851,1.1158,1,1,true
-0.0731,-3.6862,0,0,true
2.8891,1.4909,0,0,true
2.4723,-1.5540,0,0,true
2.8409,1.0619,0,0,true
-2.8453,-2.5215,0,0,true
1.5403,3.9145,0,0,true
0.0947,-3.6249,0,0,true
-0.2647,0.7987,1,1,true
-1.4806,3.7263,1,1,true
1.2664,-0.7003,0,0,true
1.5865,-2.5334,0,0,true
-2.4348,-1.0714,1,1,true
1.4039,-0.0713,0,0,true
0.2705,-2.4999,0,0,true
-1.9270,1.7585,1,1,true
1.2146,3.2946,0,0,true
-2.1829,3.0869,1,1,true
1.1595,-0.3565,0,0,true
-0.1719,2.4299,0,0,true
-0.5607,-1.8448,0,0,true
-0.4415,-3.6373,0,0,true
0.1260,0.7541,1,1,true
-2.9808,-0.1164,1,1,true
2.9331,1.2178,0,0,true
2.5637,1.6160,0,0,true
-0.9026,-0.8981,1,1,true
-1.2274,-0.3509,1,1,true
1.8095,-2.9284,0,0,true
-0.4906,3.5197,0,0,true
-2.8363,0.6875,1,1,true
0.1991,-1.2223,0,0,true
-2.1096,1.2299,1,1,true
-1.5621,-3.5093,0,0,true
0.9477,-2.7001,0,0,true
-0.8859,-3.3362,0,0,true
1.9826,-1.0718,0,0,true
2.3558,-1.9622,0,0,true
-1.6187,2.0154,1,1,true
1.7190,1.5308,0,0,true
1.0665,3.7305,0,0,true
1.8411,2.8061,0,0,true
1.7397,1.8306,0,0,true
0.1614,-3.5519,0,0,true
0.5985,-0.4797,1,1,true
-0.1977,-1.4978,0,0,true
0.7986,2.3951,0,0,true
-0.6753,3.4287,0,0,true
1.6161,2.5536,0,0,true
2.3474,-0.4052,1,1,true
2.0058,0.6360,0,0,true
0.5039,3.1157,0,0,true
-1.0011,2.1921,1,1,true
0.3164,-1.4440,0,0,true
-1.3660,-3.5181,0,0,true
2.6077,1.2565,0,0,true
1.6713,-2.5992,0,0,true
0.7155,3.4325,0,0,true
-1.4004,-2.3559,0,0,true
0.6164,-1.5991,0,0,true
0.5079,0.7274,0,0,true
-2.5723,1.7683,1,1,true
0.1606,-1.2675,0,0,true
-0.0225,-3.1007,0,0,true
0.7882,-0.5691,0,0,true
-2.9913,3.6654,1,1,true
-2.0501,-0.5107,1,1,true
1.2514,-2.4157,0,0,true
-2.9488,1.3762,1,1,true
-2.2020,3.3102,1,1,true
2.8159,2.4244,0,0,true
-2.6163,0.7688,1,1,true
-1.2774,-3.1509,0,0,true
-2.1092,0.3174,1,1,true
1.4639,-1.5760,0,0,true
0.0153,2.7695,0,0,true
-0.7251,1.8026,0,0,true
2.5531,-3.7433,0,0,true
2.0209,0.6188,0,0,true
2.7131,2.6577,0,0,true
-2.1603,-2.7952,0,0,true
-0.3517,1.0232,1,1,true
-2.5579,-2.4744,0,0,true
-1.6146,1.5194,1,1,true
-0.0870,-0.3698,1,1,true
0.8518,0.2056,0,0,true
-2.5631,-0.6862,1,1,true
0.4396,-1.2856,0,0,true
1.1407,1.8595,0,0,true
1.4184,-0.5891,0,0,true
1.8020,2.1520,0,0,true
0.5266,-3.9432,0,0,true
-2.0087,3.1556,1,1,true
-0.3137,-3.7561,0,0,true
2.8158,2.9516,0,0,true
1.7448,2.8413,0,0,true
-2.7584,-3.9758,0,0,true
0.8856,3.5536,0,0,true
2.8796,-2.5051,0,0,true
1.8508,0.7817,0,0,true
-0.9265,-1.8133,0,0,true
1.4675,-3.6479,0,0,true
2.3228,3.2865,0,0,true
-0.8721,-1.2212,0,0,true
2.3094,3.9380,0,0,true
-2.4604,1.5289,1,1,true
-1.0576,2.3888,1,1,true
-0.7698,-3.8368,0,0,true
1.3786,1.4600,0,0,true
1.6107,2.7204,0,0,true
-0.9374,-2.6276,0,0,true
2.3184,2.0474,0,0,true
2.9677,3.3161,0,0,true
-0.2774,-0.9929,1,1,true
-1.1866,2.4038,1,1,true
2.4708,-1.9771,0,0,true
-0.5941,-0.8712,1,1,true
-1.4528,1.3780,1,1,true
0.8450,0.7724,0,0,true
2.6685,-0.6132,1,1,true
2.9766,-1.8793,0,0,true
0.8470,-2.3642,0,0,true
-2.3717,2.3135,1,1,true
-0.8699,2.5157,0,0,true
2.4240,3.4875,0,0,true
0.9271,-0.6481,0,0,true
-2.6853,-2.6264,0,0,true
-0.1950,-2.6066,0,0,true
0.5715,-3.5213,0,0,true
-1.6521,-1.7868,0,0,true
0.2822,3.8099,0,0,true
1.7438,0.5162,0,0,true
-2.1405,-2.1741,0,0,true
2.3933,0.8579,0,0,true
1.9241,-3.9446,0,0,true
-0.6178,-0.4862,1,1,true
0.9442,3.5729,0,0,true
2.3170,2.0099,0,0,true
1.4440,0.4040,0,0,true
1.3946,1.2013,0,0,true
-1.4366,0.3674,1,1,true
-2.7084,2.4998,1,1,true
2.4836,1.9963,0,0,true
-2.7642,0.6206,1,1,true
-2.7100,0.1374,1,1,true
-2.7549,2.2825,1,1,true
2.1913,3.5285,0,0,true
-0.0141,1.5387,0,0,true
1.1953,-2.2612,0,0,true
2.0001,-2.5645,0,0,true
-0.7803,1.0724,1,1,true
-0.8123,-3.3540,0,0,true
-1.3626,3.0739,1,1,true
1.8359,-0.7411,1,1,true
-2.6224,-2.6245,0,0,true
-2.2142,-2.9832,0,0,true
1.2644,3.7610,0,0,true
0.2442,-2.1040,0,0,true
-1.0558,-0.6378,1,1,true
1.1454,-3.9920,0,0,true
-0.1139,1.1377,1,1,true
-0.9257,3.8991,0,0,true
1.3125,1.2004,0,0,true
0.8526,-1.4714,0,0,true
0.0267,-2.4965,0,0,true
-2.8215,-0.7052,1,1,true
-2.9654,2.3070,1,1,true
-1.7563,0.7236,1,1,true
-0.5710,-2.2948,0,0,true
1.7990,1.7090,0,0,true
-2.6169,-0.0433,1,1,true
-0.9904,-3.6570,0,0,true
-0.3179,0.8737,1,1,true
-0.6443,0.3489,1,1,true
1.5367,-0.4096,1,1,true
0.1601,-1.1455,0,0,true
2.8661,0.4168,0,0,true
2.2558,-0.1578,1,1,true
-1.0182,1.7115,1,1,true
2.2482,-2.6291,0,0,true
2.4069,2.0947,0,0,true
-2.7873,-2.6706,0,0,true
1.0903,-1.3532,0,0,true
-2.0188,3.9745,1,1,true
-0.6789,2.3494,0,0,true
0.4713,2.1671,0,0,true
-0.0303,2.0566,0,0,true
1.9771,-0.4630,1,1,true
0.3159,1.7423,0,0,true
0.4215,-1.6541,0,0,true
-2.3797,3.1693,1,1,true
-2.7559,-1.8738,0,0,true
-1.7918,2.2859,1,1,true
-0.7774,-1.0596,1,1,true
-1.6162,1.1112,1,1,true
0.1109,-1.6922,0,0,true
1.7494,-0.9931,1,1,true
-0.5597,-2.7705,0,0,true
-2.5402,3.6818,1,1,true
0.2506,-2.6415,0,0,true
-1.4642,-0.7923,1,1,true
1.9962,-0.7436,1,1,true
0.2950,0.7448,1,1,true
1.5965,-3.5968,0,0,true
-2.2673,-2.8243,0,0,true
-0.5447,1.5618,0,0,true
-2.1141,-0.9630,1,1,true
1.5382,-2.8050,0,0,true
-2.3598,2.9540,1,1,true
-1.2810,0.2725,1,1,true
1.8593,-0.4975,1,1,true
-2.4328,1.3702,1,1,true
-1.6641,-1.3457,0,0,true
-1.7966,1.0141,1,1,true
1.7136,-2.0072,0,0,true
-2.4542,-0.1146,1,1,true
0.5288,0.3083,0,0,true
0.9399,1.2046,0,0,true
-0.4161,0.4757,1,1,true
-2.3295,3.6083,1,1,true
1.5609,-0.5787,1,1,true
1.9010,-0.7244,1,1,true
0.6638,2.3829,0,0,true
1.3912,1.0754,0,0,true
0.2931,-0.8811,1,1,true
-2.9484,0.2152,1,1,true
2.2131,-2.6861,0,0,true
-1.1032,-3.1898,0,0,true
0.9123,-2.6487,0,0,true
-0.4304,1.1882,1,1,true
-0.2916,1.2682,0,0,true
1.5090,-1.4302,0,0,true
1.7923,-1.4432,0,0,true
-2.9144,-2.6454,0,0,true
1.3901,-3.1997,0,0,true
-2.9129,-3.7142,0,0,true
0.7060,2.6675,0,0,true
1.7621,3.7865,0,0,true
-1.7136,3.2687,1,1,true
-2.5462,0.4886,1,1,true
-0.9800,-0.7724,1,1,true
-2.8482,-3.8649,0,0,true
-1.4075,1.3395,1,1,true
-0.6460,-3.4249,0,0,true
-2.7141,3.2512,1,1,true
1.1972,-3.9940,0,0,true
2.8185,3.1268,0,0,true
1.2353,0.1637,0,0,true
0.5952,-1.7407,0,0,true
1.9669,3.4813,0,0,true
0.5768,2.7463,0,0,true
-0.5183,2.7178,0,0,true
1.2961,-2.8010,0,0,true
2.3721,-0.4621,1,1,true
0.3048,-0.7351,1,1,true
-1.5325,-1.8449,0,0,true
-0.9106,-1.2123,0,0,true
-2.1215,1.7072,1,1,true
1.8487,0.3613,0,0,true
2.2405,-0.0180,0,0,true
2.4061,2.5449,0,0,true
2.4599,3.7198,0,0,true
0.4171,-0.0734,1,1,true
0.2006,0.9040,1,1,true
-0.8966,3.4759,0,0,true
0.9604,1.4535,0,0,true
-0.9995,-0.7304,1,1,true
-1.0398,-3.8763,0,0,true
-1.2289,1.1564,1,1,true
-0.0045,-2.6575,0,0,true
-2.3900,0.8039,1,1,true
2.4763,-3.4950,0,0,true
0.3969,-3.7452,0,0,true
-2.1139,-3.9503,0,0,true
-0.2361,3.5587,0,0,true
-2.2453,-2.5571,0,0,true
2.7244,1.9283,0,0,true
2.9628,2.0324,0,0,true
0.2869,-0.4892,1,1,true
2.3323,3.9343,0,0,true
-1.2208,1.2730,1,1,true
0.3221,2.1808,0,0,true
-1.3090,-0.1037,1,1,true
-1.3338,0.2665,1,1,true
-0.7845,-3.8860,0,0,true
2.8517,-3.2920,0,0,true
2.5974,3.8088,0,0,true
2.4535,-1.4571,0,0,true
0.7204,-1.5598,0,0,true
0.6774,-1.3177,0,0,true
2.7666,-0.7131,1,1,true
-2.3450,0.4820,1,1,true
1.3181,-2.7390,0,0,true
-2.2292,-1.0806,0,0,true
-1.6224,-0.0999,1,1,true
-0.7825,-1.1177,0,0,true
2.2747,-3.9812,0,0,true
1.2899,0.2248,0,0,true
0.9199,-3.1045,0,0,true
-2.2387,-1.3805,0,0,true
2.5785,-0.0969,1,1,true
1.1765,1.8808,0,0,true
-0.7885,3.5267,0,0,true
-0.5574,3.5258,0,0,true
0.4620,-0.3258,1,1,true
-1.0006,1.5617,1,1,true
-1.6166,3.6530,1,1,true
-1.0764,-0.9705,1,1,true
-0.6894,3.3019,0,0,true
1.1452,-1.8820,0,0,true
2.6401,-0.7932,1,1,true
1.6640,3.2713,0,0,true
2.4901,-2.2439,0,0,true
-1.6401,3.6698,1,1,true
0.0882,2.9667,0,0,true
-1.9477,0.1250,1,1,true
1.0603,0.0428,0,0,true
-1.7822,3.4467,1,1,true
2.6490,-1.5174,0,0,true
-1.0486,-0.0032,1,1,true
1.2261,2.6124,0,0,true
-0.6317,-3.3592,0,0,true
-1.3154,3.4804,1,1,true
0.5020,-1.7330,0,0,true
2.1856,0.9317,0,0,true
-0.3958,0.3162,1,1,true
2.0678,0.0099,0,0,true
1.1849,-3.6943,0,0,true
-0.7418,-1.1803,0,0,true
1.9309,0.3238,0,0,true
-0.1133,1.3892,0,0,true
1.9461,-2.0426,0,0,true
-1.5175,-0.1624,1,1,true
-1.3220,-2.4427,0,0,true
0.1798,3.0142,0,0,true
-0.8983,1.4232,0,0,true
-0.0675,2.2686,0,0,true
2.3434,2.8027,0,0,true
-2.7188,-2.4126,0,0,true
1.9240,1.1112,0,0,true
0.6739,-0.3305,1,1,true
-1.4873,3.8732,1,1,true
1.3843,-2.6514,0,0,true
-0.2254,1.7063,0,0,true
0.7918,-1.9719,0,0,true
0.3749,0.8321,0,0,true
-1.6141,-0.4568,1,1,true
2.3615,-1.4337,0,0,true
-1.3316,1.5429,1,1,true
-1.7285,-1.8966,0,0,true
-0.9170,2.1627,0,0,true
0.7346,-2.6964,0,0,true
-1.5626,3.3098,1,1,true
-0.0951,2.2505,0,0,true
-1.4700,3.5086,1,1,true
1.9014,-0.0110,0,0,true
1.3107,-0.1686,0,0,true
-2.5501,1.6034,1,1,true
1.6113,3.9974,0,0,true
0.6867,-1.1219,0,0,true
0.2592,-2.0168,0,0,true
1.2425,2.8393,0,0,true
-0.2661,-2.3999,0,0,true
-1.9758,-0.6107,1,1,true
2.8470,0.1671,0,0,true
-0.9995,-2.2903,0,0,true
0.5646,-2.2998,0,0,true
0.8502,-3.5621,0,0,true
-2.6248,-3.8119,0,0,true
-1.8686,-1.9623,0,0,true
-1.8982,-1.7180,0,0,true
0.8010,2.0873,0,0,true
-1.5569,-1.0281,1,1,true
1.3727,2.7831,0,0,true
-2.8598,1.1841,1,1,true
-2.1106,-0.7452,1,1,true
0.4097,3.1483,0,0,true
-1.8386,-1.0037,1,1,true
-2.6213,3.6114,1,1,true
2.8779,1.2248,0,0,true
1.3679,0.6711,0,0,true
2.6087,2.9199,0,0,true
1.8232,-3.0456,0,0,true
-2.9938,-1.3470,0,0,true
-2.1174,0.3487,1,1,true
2.9327,-2.1398,0,0,true
0.0467,1.9649,0,0,true
-1.6021,0.2638,1,1,true
-1.4755,-3.9994,0,0,true
1.0008,1.9620,0,0,true
-0.6624,0.2191,1,1,true
1.0295,-3.6429,0,0,true
0.5373,3.6286,0,0,true
1.1099,0.0876,0,0,true
-0.6019,1.8841,0,0,true
1.8035,0.9432,0,0,true
0.6724,-1.5380,0,0,true
-2.0438,-2.5814,0,0,true
-1.3035,0.8296,1,1,true
-1.4913,0.1365,1,1,true
0.7089,-0.7123,0,0,true
1.4857,-2.5166,0,0,true
0.2694,-1.1771,0,0,true
1.4122,3.2750,0,0,true
2.4178,0.1880,0,0,true
-2.5574,1.8066,1,1,true
0.8372,-2.6721,0,0,true
-1.8341,1.7832,1,1,true
-0.3536,-0.4573,1,1,true
-1.7848,2.1422,1,1,true
-0.8826,-1.5425,0,0,true
0.7635,3.9836,0,0,true
0.5543,-0.2198,1,1,true
2.5977,1.3852,0,0,true
2.5000,-1.7793,0,0,true
-2.3133,3.1150,1,1,true
-2.8447,-0.2642,1,1,true
-0.9820,2.4762,1,1,true
-2.0683,-1.5953,0,0,true
2.4614,-2.6366,0,0,true
-2.7515,3.5011,1,1,true
1.2171,0.9698,0,0,true
-1.0581,1.8945,1,1,true
1.4777,-0.3308,1,1,true
0.8756,-2.1998,0,0,true
2.3445,-3.3212,0,0,true
0.7519,3.0329,0,0,true
0.4446,3.1546,0,0,true
-1.0721,2.3538,1,1,true
2.5594,-3.7913,0,0,true
1.0459,2.4031,0,0,true
0.1637,-2.3810,0,0,true
-0.9177,3.5738,0,0,true
0.7790,-0.8209,1,1,true
2.9619,-0.1819,1,1,true
1.9666,-0.9939,1,1,true
1.4727,-2.0615,0,0,true
0.2597,1.7634,0,0,true
0.1951,-1.3567,0,0,true
-1.9598,-1.8935,0,0,true
2.5569,-2.4593,0,0,true
1.3961,1.2636,0,0,true
-2.0154,1.7469,1,1,true
0.1854,-3.4156,0,0,true
1.5826,3.5209,0,0,true
-1.5032,-1.6725,0,0,true
-2.6065,3.1696,1,1,true
1.3215,-2.4212,0,0,true
-2.3684,1.6740,1,1,true
1.5095,-2.6165,0,0,true
1.0986,-0.2024,0,0,true
-0.8466,-1.3746,0,0,true
-0.5144,-1.7614,0,0,true
0.2565,1.1291,1,1,true
1.4690,0.5494,0,0,true
1.4285,-3.2684,0,0,true
-0.3142,1.6800,0,0,true
1.7772,-3.6544,0,0,true
1.4860,3.2456,0,0,true
-0.4793,1.0214,1,1,true
-0.8556,-1.9743,0,0,true
-2.5214,-3.8909,0,0,true
-0.9356,-0.8929,1,1,true
-0.2638,-3.0354,0,0,true
-2.7930,0.9602,1,1,true
0.7521,-1.9416,0,0,true
2.5248,0.4708,0,0,true
-1.7042,-2.7538,0,0,true
-0.0885,1.1853,1,1,true
-2.9461,-3.5170,0,0,true
2.5876,-0.5627,1,1,true
2.0497,-0.9292,1,1,true
-2.6817,-2.2908,0,0,true
0.8764,-0.9454,1,1,true
2.3477,0.0874,0,0,true
0.2811,3.7580,0,0,true
0.7018,3.3285,0,0,true
-0.6038,-2.4226,0,0,true
-1.1827,-0.1834,1,1,true
1.6070,-2.5817,0,0,true
-1.4966,2.8531,1,1,true
0.8818,1.1807,0,0,true
-1.1108,1.2453,1,1,true
0.0431,-2.7421,0,0,true
-0.4103,1.1065,1,1,true
-2.7321,0.6332,1,1,true
-0.6244,0.0139,1,1,true
2.0288,0.9071,0,0,true
-1.0439,-2.5797,0,0,true
